status,compiled_circuit_scope,qpe_scaling_model,molecule,num_logical_qubits,num_system_qubits,num_control_qubits,pf_label,step_time,base_step_time,effective_evolution_time,qpe_power_k,time_multiplier,qasm_hash,optimized_ir_hash,rotation_precision,step_rz_count,step_rz_layer,step_rz_depth,step_magic_state_count,step_magic_state_depth,pf_error_coefficient,pf_order,qpe_target_error,qpe_effective_block_count,qpe_action_count,case_name,topology_name,topology_path,topology_hash,mapping_result_json,mapping_result_hash,mapping_result_unavailable_reason,machine_type,magic_generation_period,resolved_maximum_magic_state_stock,stock_policy,entanglement_generation_period,maximum_entangled_state_stock,reaction_time,compile_mode,compiler_executable_path,compiler_executable_hash,cache_key,compile_cache_hit,runtime_without_topology,runtime_without_topology_unavailable_reason,runtime_with_topology,runtime_with_topology_unavailable_reason,runtime_difference_vs_topology_free,runtime_difference_vs_topology_free_unavailable_reason,chip_cells,chip_cells_unavailable_reason,qubit_volume,qubit_volume_unavailable_reason,physical_qubits,physical_qubits_unavailable_reason,code_distance,code_distance_unavailable_reason,failure_probability,failure_probability_unavailable_reason,compile_elapsed_time,compile_elapsed_time_unavailable_reason,peak_process_memory,peak_process_memory_unavailable_reason,total_magic_state_count,total_magic_state_depth,total_runtime_without_topology,total_runtime_without_topology_unavailable_reason,total_runtime_with_topology,total_runtime_with_topology_unavailable_reason,total_runtime_difference_vs_topology_free,total_runtime_difference_vs_topology_free_unavailable_reason,total_qubit_volume,total_qubit_volume_unavailable_reason,error_type,error_message
success,efficient_controlled_pf_one_step,linear_extrapolation_from_efficient_controlled_pf_one_step,H2,5,4,1,2nd,0.3774377437855251,0.3774377437855251,0.3774377437855251,0,1,0d3270f0ec165b55c464ef85b23e5e7e19d2ff19be167c4594f5eba2ff2db61b,c1df5b0ff011847b133a8c8749fc4014203c9d03e79bee7dfeb53078fb244dc9,1e-05,195,9,85,2404,1908,0.0033559072446398956,2.0,0.00015936001019904,89777.82576841394,89778,normal_p15_center,factory_center_block,/home/abe/Project/Evaluation_grouped_surface_code/configs/topologies/tutorial_factory_center_block.yaml,56d65fdff20bf18821c6b07e16fc8c1dcf7cb687b5868a60cc4cf1d178478bcc,,,disabled,Dim2,15,10000,fixed,100,10,1,ftqc_compile_topology_qec,/home/abe/Project/Evaluation_grouped_surface_code/build/quration/qret,d519cdb25446cf243053e84ffa559b7e6bd7dbd66365e1488d632208616dbbf5,52289078251cabbb,True,9168,,9169,,1,,96,,64813,,15552,,9,,,missing_in_compile_info,6.365729495882988e-05,,,not_collected,215826312,171296424,823084704,,823174482,,89778,,5818781514,,,
success,efficient_controlled_pf_one_step,linear_extrapolation_from_efficient_controlled_pf_one_step,H2,5,4,1,2nd,0.3774377437855251,0.3774377437855251,0.3774377437855251,0,1,0d3270f0ec165b55c464ef85b23e5e7e19d2ff19be167c4594f5eba2ff2db61b,c1df5b0ff011847b133a8c8749fc4014203c9d03e79bee7dfeb53078fb244dc9,1e-05,195,9,85,2404,1908,0.0033559072446398956,2.0,0.00015936001019904,89777.82576841394,89778,fast_p8_center,factory_center_block,/home/abe/Project/Evaluation_grouped_surface_code/configs/topologies/tutorial_factory_center_block.yaml,56d65fdff20bf18821c6b07e16fc8c1dcf7cb687b5868a60cc4cf1d178478bcc,,,disabled,Dim2,8,10000,fixed,100,10,1,ftqc_compile_topology_qec,/home/abe/Project/Evaluation_grouped_surface_code/build/quration/qret,d519cdb25446cf243053e84ffa559b7e6bd7dbd66365e1488d632208616dbbf5,4c619a415d5b8d26,True,8422,,8234,,-188,,96,,58735,,15552,,9,,,missing_in_compile_info,0.00010777823626995087,,,not_collected,215826312,171296424,756110316,,739232052,,-16878264,,5273110830,,,
success,efficient_controlled_pf_one_step,linear_extrapolation_from_efficient_controlled_pf_one_step,H2,5,4,1,2nd,0.3774377437855251,0.3774377437855251,0.3774377437855251,0,1,0d3270f0ec165b55c464ef85b23e5e7e19d2ff19be167c4594f5eba2ff2db61b,c1df5b0ff011847b133a8c8749fc4014203c9d03e79bee7dfeb53078fb244dc9,1e-05,195,9,85,2404,1908,0.0033559072446398956,2.0,0.00015936001019904,89777.82576841394,89778,cheap_p4_center,factory_center_block,/home/abe/Project/Evaluation_grouped_surface_code/configs/topologies/tutorial_factory_center_block.yaml,56d65fdff20bf18821c6b07e16fc8c1dcf7cb687b5868a60cc4cf1d178478bcc,,,disabled,Dim2,4,10000,fixed,100,10,1,ftqc_compile_topology_qec,/home/abe/Project/Evaluation_grouped_surface_code/build/quration/qret,d519cdb25446cf243053e84ffa559b7e6bd7dbd66365e1488d632208616dbbf5,13f98b0c11e8d95a,False,8234,,8230,,-4,,96,,57525,,15552,,9,,,missing_in_compile_info,0.0626213289797306,,,not_collected,215826312,171296424,739232052,,738872940,,-359112,,5164479450,,,
success,efficient_controlled_pf_one_step,linear_extrapolation_from_efficient_controlled_pf_one_step,H2,5,4,1,2nd,0.3774377437855251,0.3774377437855251,0.3774377437855251,0,1,0d3270f0ec165b55c464ef85b23e5e7e19d2ff19be167c4594f5eba2ff2db61b,c1df5b0ff011847b133a8c8749fc4014203c9d03e79bee7dfeb53078fb244dc9,1e-05,195,9,85,2404,1908,0.0033559072446398956,2.0,0.00015936001019904,89777.82576841394,89778,cheap_p2_center,factory_center_block,/home/abe/Project/Evaluation_grouped_surface_code/configs/topologies/tutorial_factory_center_block.yaml,56d65fdff20bf18821c6b07e16fc8c1dcf7cb687b5868a60cc4cf1d178478bcc,,,disabled,Dim2,2,10000,fixed,100,10,1,ftqc_compile_topology_qec,/home/abe/Project/Evaluation_grouped_surface_code/build/quration/qret,d519cdb25446cf243053e84ffa559b7e6bd7dbd66365e1488d632208616dbbf5,3d66e763eff33ccd,False,8227,,8228,,1,,96,,57362,,15552,,9,,,missing_in_compile_info,0.06114891404286027,,,not_collected,215826312,171296424,738603606,,738693384,,89778,,5149845636,,,
success,efficient_controlled_pf_one_step,linear_extrapolation_from_efficient_controlled_pf_one_step,H2,5,4,1,2nd,0.3774377437855251,0.3774377437855251,0.3774377437855251,0,1,0d3270f0ec165b55c464ef85b23e5e7e19d2ff19be167c4594f5eba2ff2db61b,c1df5b0ff011847b133a8c8749fc4014203c9d03e79bee7dfeb53078fb244dc9,1e-05,195,9,85,2404,1908,0.0033559072446398956,2.0,0.00015936001019904,89777.82576841394,89778,cheap_p1_center,factory_center_block,/home/abe/Project/Evaluation_grouped_surface_code/configs/topologies/tutorial_factory_center_block.yaml,56d65fdff20bf18821c6b07e16fc8c1dcf7cb687b5868a60cc4cf1d178478bcc,,,disabled,Dim2,1,10000,fixed,100,10,1,ftqc_compile_topology_qec,/home/abe/Project/Evaluation_grouped_surface_code/build/quration/qret,d519cdb25446cf243053e84ffa559b7e6bd7dbd66365e1488d632208616dbbf5,e5fefe90f8bd79e5,False,8226,,8227,,1,,96,,57361,,15552,,9,,,missing_in_compile_info,0.0630459007807076,,,not_collected,215826312,171296424,738513828,,738603606,,89778,,5149755858,,,
success,efficient_controlled_pf_one_step,linear_extrapolation_from_efficient_controlled_pf_one_step,H2,5,4,1,2nd,0.3774377437855251,0.3774377437855251,0.3774377437855251,0,1,0d3270f0ec165b55c464ef85b23e5e7e19d2ff19be167c4594f5eba2ff2db61b,c1df5b0ff011847b133a8c8749fc4014203c9d03e79bee7dfeb53078fb244dc9,1e-05,195,9,85,2404,1908,0.0033559072446398956,2.0,0.00015936001019904,89777.82576841394,89778,cheap_p1_large_stock_center,factory_center_block,/home/abe/Project/Evaluation_grouped_surface_code/configs/topologies/tutorial_factory_center_block.yaml,56d65fdff20bf18821c6b07e16fc8c1dcf7cb687b5868a60cc4cf1d178478bcc,,,disabled,Dim2,1,1000000,fixed,100,10,1,ftqc_compile_topology_qec,/home/abe/Project/Evaluation_grouped_surface_code/build/quration/qret,d519cdb25446cf243053e84ffa559b7e6bd7dbd66365e1488d632208616dbbf5,10b8bbf9bce858de,False,8226,,8227,,1,,96,,57361,,15552,,9,,,missing_in_compile_info,0.06342246010899544,,,not_collected,215826312,171296424,738513828,,738603606,,89778,,5149755858,,,
success,efficient_controlled_pf_one_step,linear_extrapolation_from_efficient_controlled_pf_one_step,H2,5,4,1,4th(new_2),2.8382192690687953,2.8382192690687953,2.8382192690687953,0,1,67581a3a9e597bc3a9f9f07044ca131b4e1412c18b0df36170463392be228d46,9ddc4d8452a4708259506a8d88fc66aad2f1cf88d5ace36bed7a1852707683bd,1e-05,883,29,353,8082,6566,1.2279072860922254e-05,4.0,0.00015936001019904,7415.679781259112,7416,normal_p15_center,factory_center_block,/home/abe/Project/Evaluation_grouped_surface_code/configs/topologies/tutorial_factory_center_block.yaml,56d65fdff20bf18821c6b07e16fc8c1dcf7cb687b5868a60cc4cf1d178478bcc,,,disabled,Dim2,15,10000,fixed,100,10,1,ftqc_compile_topology_qec,/home/abe/Project/Evaluation_grouped_surface_code/build/quration/qret,d519cdb25446cf243053e84ffa559b7e6bd7dbd66365e1488d632208616dbbf5,1c94ed50014061fb,True,30499,,30500,,1,,96,,228773,,23232,,11,,,missing_in_compile_info,6.16367906332016e-05,,,not_collected,59936112,48693456,226180584,,226188000,,7416,,1696580568,,,
success,efficient_controlled_pf_one_step,linear_extrapolation_from_efficient_controlled_pf_one_step,H2,5,4,1,4th(new_2),2.8382192690687953,2.8382192690687953,2.8382192690687953,0,1,67581a3a9e597bc3a9f9f07044ca131b4e1412c18b0df36170463392be228d46,9ddc4d8452a4708259506a8d88fc66aad2f1cf88d5ace36bed7a1852707683bd,1e-05,883,29,353,8082,6566,1.2279072860922254e-05,4.0,0.00015936001019904,7415.679781259112,7416,fast_p8_center,factory_center_block,/home/abe/Project/Evaluation_grouped_surface_code/configs/topologies/tutorial_factory_center_block.yaml,56d65fdff20bf18821c6b07e16fc8c1dcf7cb687b5868a60cc4cf1d178478bcc,,,disabled,Dim2,8,10000,fixed,100,10,1,ftqc_compile_topology_qec,/home/abe/Project/Evaluation_grouped_surface_code/build/quration/qret,d519cdb25446cf243053e84ffa559b7e6bd7dbd66365e1488d632208616dbbf5,1fd43a12f6349ae5,True,28716,,28524,,-192,,96,,212244,,23232,,11,,,missing_in_compile_info,0.00011244183406233788,,,not_collected,59936112,48693456,212957856,,211533984,,-1423872,,1574001504,,,
success,efficient_controlled_pf_one_step,linear_extrapolation_from_efficient_controlled_pf_one_step,H2,5,4,1,4th(new_2),2.8382192690687953,2.8382192690687953,2.8382192690687953,0,1,67581a3a9e597bc3a9f9f07044ca131b4e1412c18b0df36170463392be228d46,9ddc4d8452a4708259506a8d88fc66aad2f1cf88d5ace36bed7a1852707683bd,1e-05,883,29,353,8082,6566,1.2279072860922254e-05,4.0,0.00015936001019904,7415.679781259112,7416,cheap_p4_center,factory_center_block,/home/abe/Project/Evaluation_grouped_surface_code/configs/topologies/tutorial_factory_center_block.yaml,56d65fdff20bf18821c6b07e16fc8c1dcf7cb687b5868a60cc4cf1d178478bcc,,,disabled,Dim2,4,10000,fixed,100,10,1,ftqc_compile_topology_qec,/home/abe/Project/Evaluation_grouped_surface_code/build/quration/qret,d519cdb25446cf243053e84ffa559b7e6bd7dbd66365e1488d632208616dbbf5,662393125f570ec2,False,28521,,28520,,-1,,96,,208444,,23232,,11,,,missing_in_compile_info,0.1919549461454153,,,not_collected,59936112,48693456,211511736,,211504320,,-7416,,1545820704,,,
success,efficient_controlled_pf_one_step,linear_extrapolation_from_efficient_controlled_pf_one_step,H2,5,4,1,4th(new_2),2.8382192690687953,2.8382192690687953,2.8382192690687953,0,1,67581a3a9e597bc3a9f9f07044ca131b4e1412c18b0df36170463392be228d46,9ddc4d8452a4708259506a8d88fc66aad2f1cf88d5ace36bed7a1852707683bd,1e-05,883,29,353,8082,6566,1.2279072860922254e-05,4.0,0.00015936001019904,7415.679781259112,7416,cheap_p2_center,factory_center_block,/home/abe/Project/Evaluation_grouped_surface_code/configs/topologies/tutorial_factory_center_block.yaml,56d65fdff20bf18821c6b07e16fc8c1dcf7cb687b5868a60cc4cf1d178478bcc,,,disabled,Dim2,2,10000,fixed,100,10,1,ftqc_compile_topology_qec,/home/abe/Project/Evaluation_grouped_surface_code/build/quration/qret,d519cdb25446cf243053e84ffa559b7e6bd7dbd66365e1488d632208616dbbf5,bdd56db449de5ec4,False,28517,,28518,,1,,96,,208140,,23232,,11,,,missing_in_compile_info,0.19448407320305705,,,not_collected,59936112,48693456,211482072,,211489488,,7416,,1543566240,,,
success,efficient_controlled_pf_one_step,linear_extrapolation_from_efficient_controlled_pf_one_step,H2,5,4,1,4th(new_2),2.8382192690687953,2.8382192690687953,2.8382192690687953,0,1,67581a3a9e597bc3a9f9f07044ca131b4e1412c18b0df36170463392be228d46,9ddc4d8452a4708259506a8d88fc66aad2f1cf88d5ace36bed7a1852707683bd,1e-05,883,29,353,8082,6566,1.2279072860922254e-05,4.0,0.00015936001019904,7415.679781259112,7416,cheap_p1_center,factory_center_block,/home/abe/Project/Evaluation_grouped_surface_code/configs/topologies/tutorial_factory_center_block.yaml,56d65fdff20bf18821c6b07e16fc8c1dcf7cb687b5868a60cc4cf1d178478bcc,,,disabled,Dim2,1,10000,fixed,100,10,1,ftqc_compile_topology_qec,/home/abe/Project/Evaluation_grouped_surface_code/build/quration/qret,d519cdb25446cf243053e84ffa559b7e6bd7dbd66365e1488d632208616dbbf5,1883a409e0c0b126,False,28516,,28517,,1,,96,,208139,,23232,,11,,,missing_in_compile_info,0.19523859303444624,,,not_collected,59936112,48693456,211474656,,211482072,,7416,,1543558824,,,
success,efficient_controlled_pf_one_step,linear_extrapolation_from_efficient_controlled_pf_one_step,H2,5,4,1,4th(new_2),2.8382192690687953,2.8382192690687953,2.8382192690687953,0,1,67581a3a9e597bc3a9f9f07044ca131b4e1412c18b0df36170463392be228d46,9ddc4d8452a4708259506a8d88fc66aad2f1cf88d5ace36bed7a1852707683bd,1e-05,883,29,353,8082,6566,1.2279072860922254e-05,4.0,0.00015936001019904,7415.679781259112,7416,cheap_p1_large_stock_center,factory_center_block,/home/abe/Project/Evaluation_grouped_surface_code/configs/topologies/tutorial_factory_center_block.yaml,56d65fdff20bf18821c6b07e16fc8c1dcf7cb687b5868a60cc4cf1d178478bcc,,,disabled,Dim2,1,1000000,fixed,100,10,1,ftqc_compile_topology_qec,/home/abe/Project/Evaluation_grouped_surface_code/build/quration/qret,d519cdb25446cf243053e84ffa559b7e6bd7dbd66365e1488d632208616dbbf5,8cabb1101c2fa4b2,False,28516,,28517,,1,,96,,208139,,23232,,11,,,missing_in_compile_info,0.19730878621339798,,,not_collected,59936112,48693456,211474656,,211482072,,7416,,1543558824,,,
success,efficient_controlled_pf_one_step,linear_extrapolation_from_efficient_controlled_pf_one_step,H3,7,6,1,2nd,0.300967185319906,0.300967185319906,0.300967185319906,0,1,bd5862f4cfb0ec8d5f2381e4130cec37d7eeec7d4c73de993a4aa13537553385,8d7fbb56976abe5a7e0d22f3d0269736ace71301ecc9548100a27df7ad616fa5,1e-05,2255,39,919,11852,10892,0.005277914009070843,2.0,0.00015936001019904,112588.81915642164,112589,normal_p15_center,factory_center_block,/home/abe/Project/Evaluation_grouped_surface_code/configs/topologies/tutorial_factory_center_block.yaml,56d65fdff20bf18821c6b07e16fc8c1dcf7cb687b5868a60cc4cf1d178478bcc,,,disabled,Dim2,15,10000,fixed,100,10,1,ftqc_compile_topology_qec,/home/abe/Project/Evaluation_grouped_surface_code/build/quration/qret,d519cdb25446cf243053e84ffa559b7e6bd7dbd66365e1488d632208616dbbf5,c997ae4236139460,True,50667,,50668,,1,,96,,466363,,23232,,11,,,missing_in_compile_info,6.35799951851368e-05,,,not_collected,1334404828,1226319388,5704546863,,5704659452,,112589,,52507343807,,,
success,efficient_controlled_pf_one_step,linear_extrapolation_from_efficient_controlled_pf_one_step,H3,7,6,1,2nd,0.300967185319906,0.300967185319906,0.300967185319906,0,1,bd5862f4cfb0ec8d5f2381e4130cec37d7eeec7d4c73de993a4aa13537553385,8d7fbb56976abe5a7e0d22f3d0269736ace71301ecc9548100a27df7ad616fa5,1e-05,2255,39,919,11852,10892,0.005277914009070843,2.0,0.00015936001019904,112588.81915642164,112589,fast_p8_center,factory_center_block,/home/abe/Project/Evaluation_grouped_surface_code/configs/topologies/tutorial_factory_center_block.yaml,56d65fdff20bf18821c6b07e16fc8c1dcf7cb687b5868a60cc4cf1d178478bcc,,,disabled,Dim2,8,10000,fixed,100,10,1,ftqc_compile_topology_qec,/home/abe/Project/Evaluation_grouped_surface_code/build/quration/qret,d519cdb25446cf243053e84ffa559b7e6bd7dbd66365e1488d632208616dbbf5,f0e76aebd19fb5bb,True,49822,,49730,,-92,,96,,452919,,23232,,11,,,missing_in_compile_info,6.0935039073228836e-05,,,not_collected,1334404828,1226319388,5609409158,,5599050970,,-10358188,,50993697291,,,
success,efficient_controlled_pf_one_step,linear_extrapolation_from_efficient_controlled_pf_one_step,H3,7,6,1,2nd,0.300967185319906,0.300967185319906,0.300967185319906,0,1,bd5862f4cfb0ec8d5f2381e4130cec37d7eeec7d4c73de993a4aa13537553385,8d7fbb56976abe5a7e0d22f3d0269736ace71301ecc9548100a27df7ad616fa5,1e-05,2255,39,919,11852,10892,0.005277914009070843,2.0,0.00015936001019904,112588.81915642164,112589,cheap_p4_center,factory_center_block,/home/abe/Project/Evaluation_grouped_surface_code/configs/topologies/tutorial_factory_center_block.yaml,56d65fdff20bf18821c6b07e16fc8c1dcf7cb687b5868a60cc4cf1d178478bcc,,,disabled,Dim2,4,10000,fixed,100,10,1,ftqc_compile_topology_qec,/home/abe/Project/Evaluation_grouped_surface_code/build/quration/qret,d519cdb25446cf243053e84ffa559b7e6bd7dbd66365e1488d632208616dbbf5,7846dd0a2c2d773c,False,49620,,49653,,33,,96,,447430,,23232,,11,,,missing_in_compile_info,0.29668710799887776,,,not_collected,1334404828,1226319388,5586666180,,5590381617,,3715437,,50375696270,,,
success,efficient_controlled_pf_one_step,linear_extrapolation_from_efficient_controlled_pf_one_step,H3,7,6,1,2nd,0.300967185319906,0.300967185319906,0.300967185319906,0,1,bd5862f4cfb0ec8d5f2381e4130cec37d7eeec7d4c73de993a4aa13537553385,8d7fbb56976abe5a7e0d22f3d0269736ace71301ecc9548100a27df7ad616fa5,1e-05,2255,39,919,11852,10892,0.005277914009070843,2.0,0.00015936001019904,112588.81915642164,112589,cheap_p2_center,factory_center_block,/home/abe/Project/Evaluation_grouped_surface_code/configs/topologies/tutorial_factory_center_block.yaml,56d65fdff20bf18821c6b07e16fc8c1dcf7cb687b5868a60cc4cf1d178478bcc,,,disabled,Dim2,2,10000,fixed,100,10,1,ftqc_compile_topology_qec,/home/abe/Project/Evaluation_grouped_surface_code/build/quration/qret,d519cdb25446cf243053e84ffa559b7e6bd7dbd66365e1488d632208616dbbf5,1e50254b457247ec,False,49550,,49653,,103,,96,,447264,,23232,,11,,,missing_in_compile_info,0.2949025961570442,,,not_collected,1334404828,1226319388,5578784950,,5590381617,,11596667,,50357006496,,,
success,efficient_controlled_pf_one_step,linear_extrapolation_from_efficient_controlled_pf_one_step,H3,7,6,1,2nd,0.300967185319906,0.300967185319906,0.300967185319906,0,1,bd5862f4cfb0ec8d5f2381e4130cec37d7eeec7d4c73de993a4aa13537553385,8d7fbb56976abe5a7e0d22f3d0269736ace71301ecc9548100a27df7ad616fa5,1e-05,2255,39,919,11852,10892,0.005277914009070843,2.0,0.00015936001019904,112588.81915642164,112589,cheap_p1_center,factory_center_block,/home/abe/Project/Evaluation_grouped_surface_code/configs/topologies/tutorial_factory_center_block.yaml,56d65fdff20bf18821c6b07e16fc8c1dcf7cb687b5868a60cc4cf1d178478bcc,,,disabled,Dim2,1,10000,fixed,100,10,1,ftqc_compile_topology_qec,/home/abe/Project/Evaluation_grouped_surface_code/build/quration/qret,d519cdb25446cf243053e84ffa559b7e6bd7dbd66365e1488d632208616dbbf5,d66ab928c4c99764,False,49550,,49653,,103,,96,,447264,,23232,,11,,,missing_in_compile_info,0.2976456908509135,,,not_collected,1334404828,1226319388,5578784950,,5590381617,,11596667,,50357006496,,,
success,efficient_controlled_pf_one_step,linear_extrapolation_from_efficient_controlled_pf_one_step,H3,7,6,1,2nd,0.300967185319906,0.300967185319906,0.300967185319906,0,1,bd5862f4cfb0ec8d5f2381e4130cec37d7eeec7d4c73de993a4aa13537553385,8d7fbb56976abe5a7e0d22f3d0269736ace71301ecc9548100a27df7ad616fa5,1e-05,2255,39,919,11852,10892,0.005277914009070843,2.0,0.00015936001019904,112588.81915642164,112589,cheap_p1_large_stock_center,factory_center_block,/home/abe/Project/Evaluation_grouped_surface_code/configs/topologies/tutorial_factory_center_block.yaml,56d65fdff20bf18821c6b07e16fc8c1dcf7cb687b5868a60cc4cf1d178478bcc,,,disabled,Dim2,1,1000000,fixed,100,10,1,ftqc_compile_topology_qec,/home/abe/Project/Evaluation_grouped_surface_code/build/quration/qret,d519cdb25446cf243053e84ffa559b7e6bd7dbd66365e1488d632208616dbbf5,1d70dd9c86710176,False,49550,,49653,,103,,96,,447264,,23232,,11,,,missing_in_compile_info,0.2933175917714834,,,not_collected,1334404828,1226319388,5578784950,,5590381617,,11596667,,50357006496,,,
success,efficient_controlled_pf_one_step,linear_extrapolation_from_efficient_controlled_pf_one_step,H3,7,6,1,4th(new_2),2.5748937487913963,2.5748937487913963,2.5748937487913963,0,1,d60c900fd35fa21e961e1c65d6b635e848f1decde12c5b345ece522909c04bfc,357c95a1c5487a12785dc276d3bb3c29d3dc44562fec3880a54b768d53f8c2cf,1e-05,11095,163,4451,50534,47600,1.8126422630768925e-05,4.0,0.00015936001019904,8174.055825912302,8175,normal_p15_center,factory_center_block,/home/abe/Project/Evaluation_grouped_surface_code/configs/topologies/tutorial_factory_center_block.yaml,56d65fdff20bf18821c6b07e16fc8c1dcf7cb687b5868a60cc4cf1d178478bcc,,,disabled,Dim2,15,10000,fixed,100,10,1,ftqc_compile_topology_qec,/home/abe/Project/Evaluation_grouped_surface_code/build/quration/qret,d519cdb25446cf243053e84ffa559b7e6bd7dbd66365e1488d632208616dbbf5,b4028d1830042239,True,221111,,221112,,1,,96,,2061051,,32448,,13,,,missing_in_compile_info,6.046891212463379e-05,,,not_collected,413115450,389130000,1807582425,,1807590600,,8175,,16849091925,,,
success,efficient_controlled_pf_one_step,linear_extrapolation_from_efficient_controlled_pf_one_step,H3,7,6,1,4th(new_2),2.5748937487913963,2.5748937487913963,2.5748937487913963,0,1,d60c900fd35fa21e961e1c65d6b635e848f1decde12c5b345ece522909c04bfc,357c95a1c5487a12785dc276d3bb3c29d3dc44562fec3880a54b768d53f8c2cf,1e-05,11095,163,4451,50534,47600,1.8126422630768925e-05,4.0,0.00015936001019904,8174.055825912302,8175,fast_p8_center,factory_center_block,/home/abe/Project/Evaluation_grouped_surface_code/configs/topologies/tutorial_factory_center_block.yaml,56d65fdff20bf18821c6b07e16fc8c1dcf7cb687b5868a60cc4cf1d178478bcc,,,disabled,Dim2,8,10000,fixed,100,10,1,ftqc_compile_topology_qec,/home/abe/Project/Evaluation_grouped_surface_code/build/quration/qret,d519cdb25446cf243053e84ffa559b7e6bd7dbd66365e1488d632208616dbbf5,76048250f31aa694,True,220239,,220200,,-39,,96,,2025048,,32448,,13,,,missing_in_compile_info,0.00010113604366779327,,,not_collected,413115450,389130000,1800453825,,1800135000,,-318825,,16554767400,,,
success,efficient_controlled_pf_one_step,linear_extrapolation_from_efficient_controlled_pf_one_step,H3,7,6,1,4th(new_2),2.5748937487913963,2.5748937487913963,2.5748937487913963,0,1,d60c900fd35fa21e961e1c65d6b635e848f1decde12c5b345ece522909c04bfc,357c95a1c5487a12785dc276d3bb3c29d3dc44562fec3880a54b768d53f8c2cf,1e-05,11095,163,4451,50534,47600,1.8126422630768925e-05,4.0,0.00015936001019904,8174.055825912302,8175,cheap_p4_center,factory_center_block,/home/abe/Project/Evaluation_grouped_surface_code/configs/topologies/tutorial_factory_center_block.yaml,56d65fdff20bf18821c6b07e16fc8c1dcf7cb687b5868a60cc4cf1d178478bcc,,,disabled,Dim2,4,10000,fixed,100,10,1,ftqc_compile_topology_qec,/home/abe/Project/Evaluation_grouped_surface_code/build/quration/qret,d519cdb25446cf243053e84ffa559b7e6bd7dbd66365e1488d632208616dbbf5,4dba79b67464bd66,False,220039,,220119,,80,,96,,2004583,,32448,,13,,,missing_in_compile_info,1.3856487143784761,,,not_collected,413115450,389130000,1798818825,,1799472825,,654000,,16387466025,,,
success,efficient_controlled_pf_one_step,linear_extrapolation_from_efficient_controlled_pf_one_step,H3,7,6,1,4th(new_2),2.5748937487913963,2.5748937487913963,2.5748937487913963,0,1,d60c900fd35fa21e961e1c65d6b635e848f1decde12c5b345ece522909c04bfc,357c95a1c5487a12785dc276d3bb3c29d3dc44562fec3880a54b768d53f8c2cf,1e-05,11095,163,4451,50534,47600,1.8126422630768925e-05,4.0,0.00015936001019904,8174.055825912302,8175,cheap_p2_center,factory_center_block,/home/abe/Project/Evaluation_grouped_surface_code/configs/topologies/tutorial_factory_center_block.yaml,56d65fdff20bf18821c6b07e16fc8c1dcf7cb687b5868a60cc4cf1d178478bcc,,,disabled,Dim2,2,10000,fixed,100,10,1,ftqc_compile_topology_qec,/home/abe/Project/Evaluation_grouped_surface_code/build/quration/qret,d519cdb25446cf243053e84ffa559b7e6bd7dbd66365e1488d632208616dbbf5,ee9efc5a2141f973,False,219974,,220118,,144,,96,,2004452,,32448,,13,,,missing_in_compile_info,1.378393515944481,,,not_collected,413115450,389130000,1798287450,,1799464650,,1177200,,16386395100,,,
success,efficient_controlled_pf_one_step,linear_extrapolation_from_efficient_controlled_pf_one_step,H3,7,6,1,4th(new_2),2.5748937487913963,2.5748937487913963,2.5748937487913963,0,1,d60c900fd35fa21e961e1c65d6b635e848f1decde12c5b345ece522909c04bfc,357c95a1c5487a12785dc276d3bb3c29d3dc44562fec3880a54b768d53f8c2cf,1e-05,11095,163,4451,50534,47600,1.8126422630768925e-05,4.0,0.00015936001019904,8174.055825912302,8175,cheap_p1_center,factory_center_block,/home/abe/Project/Evaluation_grouped_surface_code/configs/topologies/tutorial_factory_center_block.yaml,56d65fdff20bf18821c6b07e16fc8c1dcf7cb687b5868a60cc4cf1d178478bcc,,,disabled,Dim2,1,10000,fixed,100,10,1,ftqc_compile_topology_qec,/home/abe/Project/Evaluation_grouped_surface_code/build/quration/qret,d519cdb25446cf243053e84ffa559b7e6bd7dbd66365e1488d632208616dbbf5,a66df7c26444711f,False,219974,,220118,,144,,96,,2004452,,32448,,13,,,missing_in_compile_info,1.3547907648608088,,,not_collected,413115450,389130000,1798287450,,1799464650,,1177200,,16386395100,,,
success,efficient_controlled_pf_one_step,linear_extrapolation_from_efficient_controlled_pf_one_step,H3,7,6,1,4th(new_2),2.5748937487913963,2.5748937487913963,2.5748937487913963,0,1,d60c900fd35fa21e961e1c65d6b635e848f1decde12c5b345ece522909c04bfc,357c95a1c5487a12785dc276d3bb3c29d3dc44562fec3880a54b768d53f8c2cf,1e-05,11095,163,4451,50534,47600,1.8126422630768925e-05,4.0,0.00015936001019904,8174.055825912302,8175,cheap_p1_large_stock_center,factory_center_block,/home/abe/Project/Evaluation_grouped_surface_code/configs/topologies/tutorial_factory_center_block.yaml,56d65fdff20bf18821c6b07e16fc8c1dcf7cb687b5868a60cc4cf1d178478bcc,,,disabled,Dim2,1,1000000,fixed,100,10,1,ftqc_compile_topology_qec,/home/abe/Project/Evaluation_grouped_surface_code/build/quration/qret,d519cdb25446cf243053e84ffa559b7e6bd7dbd66365e1488d632208616dbbf5,e127cf2045683d83,False,219974,,220118,,144,,96,,2004452,,32448,,13,,,missing_in_compile_info,1.3899758709594607,,,not_collected,413115450,389130000,1798287450,,1799464650,,1177200,,16386395100,,,
success,efficient_controlled_pf_one_step,linear_extrapolation_from_efficient_controlled_pf_one_step,H4,9,8,1,2nd,0.2048259044337176,0.2048259044337176,0.2048259044337176,0,1,0b097825831697cab266d6bf5af5cadbec4379fe040022d98be5b13baac639df,9af13451ca5d0e5fc73616c316af1ba8ce9cfb6b82dc8d69ce714e96f3c22f02,1e-05,10371,99,3535,39150,36564,0.011395433240097976,2.0,0.00015936001019904,165435.8128855016,165436,normal_p15_center,factory_center_block,/home/abe/Project/Evaluation_grouped_surface_code/configs/topologies/tutorial_factory_center_block.yaml,56d65fdff20bf18821c6b07e16fc8c1dcf7cb687b5868a60cc4cf1d178478bcc,,,disabled,Dim2,15,10000,fixed,100,10,1,ftqc_compile_topology_qec,/home/abe/Project/Evaluation_grouped_surface_code/build/quration/qret,d519cdb25446cf243053e84ffa559b7e6bd7dbd66365e1488d632208616dbbf5,7691401103ae8f02,True,171823,,171824,,1,,96,,1934272,,32448,,13,,,missing_in_compile_info,0.00011433381587266922,,,not_collected,6476819400,6049001904,28425709828,,28425875264,,165436,,319998222592,,,
success,efficient_controlled_pf_one_step,linear_extrapolation_from_efficient_controlled_pf_one_step,H4,9,8,1,2nd,0.2048259044337176,0.2048259044337176,0.2048259044337176,0,1,0b097825831697cab266d6bf5af5cadbec4379fe040022d98be5b13baac639df,9af13451ca5d0e5fc73616c316af1ba8ce9cfb6b82dc8d69ce714e96f3c22f02,1e-05,10371,99,3535,39150,36564,0.011395433240097976,2.0,0.00015936001019904,165435.8128855016,165436,fast_p8_center,factory_center_block,/home/abe/Project/Evaluation_grouped_surface_code/configs/topologies/tutorial_factory_center_block.yaml,56d65fdff20bf18821c6b07e16fc8c1dcf7cb687b5868a60cc4cf1d178478bcc,,,disabled,Dim2,8,10000,fixed,100,10,1,ftqc_compile_topology_qec,/home/abe/Project/Evaluation_grouped_surface_code/build/quration/qret,d519cdb25446cf243053e84ffa559b7e6bd7dbd66365e1488d632208616dbbf5,bf31e3c7dd9cd744,True,170938,,170904,,-34,,96,,1907949,,32448,,13,,,missing_in_compile_info,0.00010561803355813026,,,not_collected,6476819400,6049001904,28279298968,,28273674144,,-5624824,,315643450764,,,
success,efficient_controlled_pf_one_step,linear_extrapolation_from_efficient_controlled_pf_one_step,H4,9,8,1,2nd,0.2048259044337176,0.2048259044337176,0.2048259044337176,0,1,0b097825831697cab266d6bf5af5cadbec4379fe040022d98be5b13baac639df,9af13451ca5d0e5fc73616c316af1ba8ce9cfb6b82dc8d69ce714e96f3c22f02,1e-05,10371,99,3535,39150,36564,0.011395433240097976,2.0,0.00015936001019904,165435.8128855016,165436,cheap_p4_center,factory_center_block,/home/abe/Project/Evaluation_grouped_surface_code/configs/topologies/tutorial_factory_center_block.yaml,56d65fdff20bf18821c6b07e16fc8c1dcf7cb687b5868a60cc4cf1d178478bcc,,,disabled,Dim2,4,10000,fixed,100,10,1,ftqc_compile_topology_qec,/home/abe/Project/Evaluation_grouped_surface_code/build/quration/qret,d519cdb25446cf243053e84ffa559b7e6bd7dbd66365e1488d632208616dbbf5,194ee818b62de560,False,170614,,170529,,-85,,96,,1895238,,32448,,13,,,missing_in_compile_info,1.0692266314290464,,,not_collected,6476819400,6049001904,28225697704,,28211635644,,-14062060,,313540593768,,,
success,efficient_controlled_pf_one_step,linear_extrapolation_from_efficient_controlled_pf_one_step,H4,9,8,1,2nd,0.2048259044337176,0.2048259044337176,0.2048259044337176,0,1,0b097825831697cab266d6bf5af5cadbec4379fe040022d98be5b13baac639df,9af13451ca5d0e5fc73616c316af1ba8ce9cfb6b82dc8d69ce714e96f3c22f02,1e-05,10371,99,3535,39150,36564,0.011395433240097976,2.0,0.00015936001019904,165435.8128855016,165436,cheap_p2_center,factory_center_block,/home/abe/Project/Evaluation_grouped_surface_code/configs/topologies/tutorial_factory_center_block.yaml,56d65fdff20bf18821c6b07e16fc8c1dcf7cb687b5868a60cc4cf1d178478bcc,,,disabled,Dim2,2,10000,fixed,100,10,1,ftqc_compile_topology_qec,/home/abe/Project/Evaluation_grouped_surface_code/build/quration/qret,d519cdb25446cf243053e84ffa559b7e6bd7dbd66365e1488d632208616dbbf5,c18c8f88f79fd48e,False,170504,,170503,,-1,,96,,1894596,,32448,,13,,,missing_in_compile_info,1.097570390906185,,,not_collected,6476819400,6049001904,28207499744,,28207334308,,-165436,,313434383856,,,
success,efficient_controlled_pf_one_step,linear_extrapolation_from_efficient_controlled_pf_one_step,H4,9,8,1,2nd,0.2048259044337176,0.2048259044337176,0.2048259044337176,0,1,0b097825831697cab266d6bf5af5cadbec4379fe040022d98be5b13baac639df,9af13451ca5d0e5fc73616c316af1ba8ce9cfb6b82dc8d69ce714e96f3c22f02,1e-05,10371,99,3535,39150,36564,0.011395433240097976,2.0,0.00015936001019904,165435.8128855016,165436,cheap_p1_center,factory_center_block,/home/abe/Project/Evaluation_grouped_surface_code/configs/topologies/tutorial_factory_center_block.yaml,56d65fdff20bf18821c6b07e16fc8c1dcf7cb687b5868a60cc4cf1d178478bcc,,,disabled,Dim2,1,10000,fixed,100,10,1,ftqc_compile_topology_qec,/home/abe/Project/Evaluation_grouped_surface_code/build/quration/qret,d519cdb25446cf243053e84ffa559b7e6bd7dbd66365e1488d632208616dbbf5,503301047079848b,False,170502,,170503,,1,,96,,1894596,,32448,,13,,,missing_in_compile_info,1.0775302373804152,,,not_collected,6476819400,6049001904,28207168872,,28207334308,,165436,,313434383856,,,
success,efficient_controlled_pf_one_step,linear_extrapolation_from_efficient_controlled_pf_one_step,H4,9,8,1,2nd,0.2048259044337176,0.2048259044337176,0.2048259044337176,0,1,0b097825831697cab266d6bf5af5cadbec4379fe040022d98be5b13baac639df,9af13451ca5d0e5fc73616c316af1ba8ce9cfb6b82dc8d69ce714e96f3c22f02,1e-05,10371,99,3535,39150,36564,0.011395433240097976,2.0,0.00015936001019904,165435.8128855016,165436,cheap_p1_large_stock_center,factory_center_block,/home/abe/Project/Evaluation_grouped_surface_code/configs/topologies/tutorial_factory_center_block.yaml,56d65fdff20bf18821c6b07e16fc8c1dcf7cb687b5868a60cc4cf1d178478bcc,,,disabled,Dim2,1,1000000,fixed,100,10,1,ftqc_compile_topology_qec,/home/abe/Project/Evaluation_grouped_surface_code/build/quration/qret,d519cdb25446cf243053e84ffa559b7e6bd7dbd66365e1488d632208616dbbf5,577182ddd030e1b1,False,170502,,170503,,1,,96,,1894596,,32448,,13,,,missing_in_compile_info,1.0704723433591425,,,not_collected,6476819400,6049001904,28207168872,,28207334308,,165436,,313434383856,,,
success,efficient_controlled_pf_one_step,linear_extrapolation_from_efficient_controlled_pf_one_step,H4,9,8,1,4th(new_2),1.925283880931039,1.925283880931039,1.925283880931039,0,1,8690906cc9b138208b404e19cbe63537f4939ef24d3a0bfd4144174f03d90e82,6bca956b993ce88c16105a9cca48e0bb8b48bef7446d3cd872aa30a622c1cf0b,1e-05,51555,459,17423,184600,173748,5.799228940107614e-05,4.0,0.00015936001019904,10932.063295639966,10933,normal_p15_center,factory_center_block,/home/abe/Project/Evaluation_grouped_surface_code/configs/topologies/tutorial_factory_center_block.yaml,56d65fdff20bf18821c6b07e16fc8c1dcf7cb687b5868a60cc4cf1d178478bcc,,,disabled,Dim2,15,10000,fixed,100,10,1,ftqc_compile_topology_qec,/home/abe/Project/Evaluation_grouped_surface_code/build/quration/qret,d519cdb25446cf243053e84ffa559b7e6bd7dbd66365e1488d632208616dbbf5,89a6fbac6c8eb4c4,True,814083,,814086,,3,,96,,9199159,,32448,,13,,,missing_in_compile_info,5.714409053325653e-05,,,not_collected,2018231800,1899586884,8900369439,,8900402238,,32799,,100574405347,,,
success,efficient_controlled_pf_one_step,linear_extrapolation_from_efficient_controlled_pf_one_step,H4,9,8,1,4th(new_2),1.925283880931039,1.925283880931039,1.925283880931039,0,1,8690906cc9b138208b404e19cbe63537f4939ef24d3a0bfd4144174f03d90e82,6bca956b993ce88c16105a9cca48e0bb8b48bef7446d3cd872aa30a622c1cf0b,1e-05,51555,459,17423,184600,173748,5.799228940107614e-05,4.0,0.00015936001019904,10932.063295639966,10933,fast_p8_center,factory_center_block,/home/abe/Project/Evaluation_grouped_surface_code/configs/topologies/tutorial_factory_center_block.yaml,56d65fdff20bf18821c6b07e16fc8c1dcf7cb687b5868a60cc4cf1d178478bcc,,,disabled,Dim2,8,10000,fixed,100,10,1,ftqc_compile_topology_qec,/home/abe/Project/Evaluation_grouped_surface_code/build/quration/qret,d519cdb25446cf243053e84ffa559b7e6bd7dbd66365e1488d632208616dbbf5,1f81988ad1c2e67e,True,813265,,813263,,-2,,96,,9110787,,32448,,13,,,missing_in_compile_info,6.741797551512718e-05,,,not_collected,2018231800,1899586884,8891426245,,8891404379,,-21866,,99608234271,,,
success,efficient_controlled_pf_one_step,linear_extrapolation_from_efficient_controlled_pf_one_step,H4,9,8,1,4th(new_2),1.925283880931039,1.925283880931039,1.925283880931039,0,1,8690906cc9b138208b404e19cbe63537f4939ef24d3a0bfd4144174f03d90e82,6bca956b993ce88c16105a9cca48e0bb8b48bef7446d3cd872aa30a622c1cf0b,1e-05,51555,459,17423,184600,173748,5.799228940107614e-05,4.0,0.00015936001019904,10932.063295639966,10933,cheap_p4_center,factory_center_block,/home/abe/Project/Evaluation_grouped_surface_code/configs/topologies/tutorial_factory_center_block.yaml,56d65fdff20bf18821c6b07e16fc8c1dcf7cb687b5868a60cc4cf1d178478bcc,,,disabled,Dim2,4,10000,fixed,100,10,1,ftqc_compile_topology_qec,/home/abe/Project/Evaluation_grouped_surface_code/build/quration/qret,d519cdb25446cf243053e84ffa559b7e6bd7dbd66365e1488d632208616dbbf5,32ecfb0b84d063ef,False,812942,,812860,,-82,,96,,9061777,,32448,,13,,,missing_in_compile_info,5.4510826650075614,,,not_collected,2018231800,1899586884,8887894886,,8886998380,,-896506,,99072407941,,,
success,efficient_controlled_pf_one_step,linear_extrapolation_from_efficient_controlled_pf_one_step,H4,9,8,1,4th(new_2),1.925283880931039,1.925283880931039,1.925283880931039,0,1,8690906cc9b138208b404e19cbe63537f4939ef24d3a0bfd4144174f03d90e82,6bca956b993ce88c16105a9cca48e0bb8b48bef7446d3cd872aa30a622c1cf0b,1e-05,51555,459,17423,184600,173748,5.799228940107614e-05,4.0,0.00015936001019904,10932.063295639966,10933,cheap_p2_center,factory_center_block,/home/abe/Project/Evaluation_grouped_surface_code/configs/topologies/tutorial_factory_center_block.yaml,56d65fdff20bf18821c6b07e16fc8c1dcf7cb687b5868a60cc4cf1d178478bcc,,,disabled,Dim2,2,10000,fixed,100,10,1,ftqc_compile_topology_qec,/home/abe/Project/Evaluation_grouped_surface_code/build/quration/qret,d519cdb25446cf243053e84ffa559b7e6bd7dbd66365e1488d632208616dbbf5,42df076ae6eaa022,False,812826,,812829,,3,,96,,9061099,,32448,,13,,,missing_in_compile_info,5.4921704097650945,,,not_collected,2018231800,1899586884,8886626658,,8886659457,,32799,,99064995367,,,
success,efficient_controlled_pf_one_step,linear_extrapolation_from_efficient_controlled_pf_one_step,H4,9,8,1,4th(new_2),1.925283880931039,1.925283880931039,1.925283880931039,0,1,8690906cc9b138208b404e19cbe63537f4939ef24d3a0bfd4144174f03d90e82,6bca956b993ce88c16105a9cca48e0bb8b48bef7446d3cd872aa30a622c1cf0b,1e-05,51555,459,17423,184600,173748,5.799228940107614e-05,4.0,0.00015936001019904,10932.063295639966,10933,cheap_p1_center,factory_center_block,/home/abe/Project/Evaluation_grouped_surface_code/configs/topologies/tutorial_factory_center_block.yaml,56d65fdff20bf18821c6b07e16fc8c1dcf7cb687b5868a60cc4cf1d178478bcc,,,disabled,Dim2,1,10000,fixed,100,10,1,ftqc_compile_topology_qec,/home/abe/Project/Evaluation_grouped_surface_code/build/quration/qret,d519cdb25446cf243053e84ffa559b7e6bd7dbd66365e1488d632208616dbbf5,7bb1e2a15dcba12c,False,812826,,812829,,3,,96,,9061099,,32448,,13,,,missing_in_compile_info,5.5546547109261155,,,not_collected,2018231800,1899586884,8886626658,,8886659457,,32799,,99064995367,,,
success,efficient_controlled_pf_one_step,linear_extrapolation_from_efficient_controlled_pf_one_step,H4,9,8,1,4th(new_2),1.925283880931039,1.925283880931039,1.925283880931039,0,1,8690906cc9b138208b404e19cbe63537f4939ef24d3a0bfd4144174f03d90e82,6bca956b993ce88c16105a9cca48e0bb8b48bef7446d3cd872aa30a622c1cf0b,1e-05,51555,459,17423,184600,173748,5.799228940107614e-05,4.0,0.00015936001019904,10932.063295639966,10933,cheap_p1_large_stock_center,factory_center_block,/home/abe/Project/Evaluation_grouped_surface_code/configs/topologies/tutorial_factory_center_block.yaml,56d65fdff20bf18821c6b07e16fc8c1dcf7cb687b5868a60cc4cf1d178478bcc,,,disabled,Dim2,1,1000000,fixed,100,10,1,ftqc_compile_topology_qec,/home/abe/Project/Evaluation_grouped_surface_code/build/quration/qret,d519cdb25446cf243053e84ffa559b7e6bd7dbd66365e1488d632208616dbbf5,5714251ca887e5aa,False,812826,,812829,,3,,96,,9061099,,32448,,13,,,missing_in_compile_info,5.557428956031799,,,not_collected,2018231800,1899586884,8886626658,,8886659457,,32799,,99064995367,,,
success,efficient_controlled_pf_one_step,linear_extrapolation_from_efficient_controlled_pf_one_step,H5,11,10,1,2nd,0.29370818386701597,0.29370818386701597,0.29370818386701597,0,1,8915cbedad4ceee7205a570c690c7952f8584f89be56262a927764b7552194f7,6c91e81caa9aa547c58dc8ab805b9ae1cd8cb6f2176d32e294e9951fe58f511d,1e-05,27919,341,9498,100020,94398,0.005542025349063579,2.0,0.00015936001019904,115371.45323585092,115372,normal_p15_center,factory_center_block,/home/abe/Project/Evaluation_grouped_surface_code/configs/topologies/tutorial_factory_center_block.yaml,56d65fdff20bf18821c6b07e16fc8c1dcf7cb687b5868a60cc4cf1d178478bcc,,,disabled,Dim2,15,10000,fixed,100,10,1,ftqc_compile_topology_qec,/home/abe/Project/Evaluation_grouped_surface_code/build/quration/qret,d519cdb25446cf243053e84ffa559b7e6bd7dbd66365e1488d632208616dbbf5,17d714be79290677,True,445623,,445642,,19,,96,,5957805,,32448,,13,,,missing_in_compile_info,6.910506635904312e-05,,,not_collected,11539507440,10890886056,51412416756,,51414608824,,2192068,,687363878460,,,
success,efficient_controlled_pf_one_step,linear_extrapolation_from_efficient_controlled_pf_one_step,H5,11,10,1,2nd,0.29370818386701597,0.29370818386701597,0.29370818386701597,0,1,8915cbedad4ceee7205a570c690c7952f8584f89be56262a927764b7552194f7,6c91e81caa9aa547c58dc8ab805b9ae1cd8cb6f2176d32e294e9951fe58f511d,1e-05,27919,341,9498,100020,94398,0.005542025349063579,2.0,0.00015936001019904,115371.45323585092,115372,fast_p8_center,factory_center_block,/home/abe/Project/Evaluation_grouped_surface_code/configs/topologies/tutorial_factory_center_block.yaml,56d65fdff20bf18821c6b07e16fc8c1dcf7cb687b5868a60cc4cf1d178478bcc,,,disabled,Dim2,8,10000,fixed,100,10,1,ftqc_compile_topology_qec,/home/abe/Project/Evaluation_grouped_surface_code/build/quration/qret,d519cdb25446cf243053e84ffa559b7e6bd7dbd66365e1488d632208616dbbf5,db85bfc336dca9eb,True,444565,,444704,,139,,96,,5905319,,32448,,13,,,missing_in_compile_info,6.37182965874672e-05,,,not_collected,11539507440,10890886056,51290353180,,51306389888,,16036708,,681308463668,,,
success,efficient_controlled_pf_one_step,linear_extrapolation_from_efficient_controlled_pf_one_step,H5,11,10,1,2nd,0.29370818386701597,0.29370818386701597,0.29370818386701597,0,1,8915cbedad4ceee7205a570c690c7952f8584f89be56262a927764b7552194f7,6c91e81caa9aa547c58dc8ab805b9ae1cd8cb6f2176d32e294e9951fe58f511d,1e-05,27919,341,9498,100020,94398,0.005542025349063579,2.0,0.00015936001019904,115371.45323585092,115372,cheap_p4_center,factory_center_block,/home/abe/Project/Evaluation_grouped_surface_code/configs/topologies/tutorial_factory_center_block.yaml,56d65fdff20bf18821c6b07e16fc8c1dcf7cb687b5868a60cc4cf1d178478bcc,,,disabled,Dim2,4,10000,fixed,100,10,1,ftqc_compile_topology_qec,/home/abe/Project/Evaluation_grouped_surface_code/build/quration/qret,d519cdb25446cf243053e84ffa559b7e6bd7dbd66365e1488d632208616dbbf5,8daa61e53bfd2ad4,False,444122,,444265,,143,,96,,5883160,,32448,,13,,,missing_in_compile_info,3.0447749090380967,,,not_collected,11539507440,10890886056,51239243384,,51255741580,,16498196,,678751935520,,,
success,efficient_controlled_pf_one_step,linear_extrapolation_from_efficient_controlled_pf_one_step,H5,11,10,1,2nd,0.29370818386701597,0.29370818386701597,0.29370818386701597,0,1,8915cbedad4ceee7205a570c690c7952f8584f89be56262a927764b7552194f7,6c91e81caa9aa547c58dc8ab805b9ae1cd8cb6f2176d32e294e9951fe58f511d,1e-05,27919,341,9498,100020,94398,0.005542025349063579,2.0,0.00015936001019904,115371.45323585092,115372,cheap_p2_center,factory_center_block,/home/abe/Project/Evaluation_grouped_surface_code/configs/topologies/tutorial_factory_center_block.yaml,56d65fdff20bf18821c6b07e16fc8c1dcf7cb687b5868a60cc4cf1d178478bcc,,,disabled,Dim2,2,10000,fixed,100,10,1,ftqc_compile_topology_qec,/home/abe/Project/Evaluation_grouped_surface_code/build/quration/qret,d519cdb25446cf243053e84ffa559b7e6bd7dbd66365e1488d632208616dbbf5,5f1aac65b27c8de0,False,443972,,444075,,103,,96,,5881355,,32448,,13,,,missing_in_compile_info,2.9764570500701666,,,not_collected,11539507440,10890886056,51221937584,,51233820900,,11883316,,678543689060,,,
success,efficient_controlled_pf_one_step,linear_extrapolation_from_efficient_controlled_pf_one_step,H5,11,10,1,2nd,0.29370818386701597,0.29370818386701597,0.29370818386701597,0,1,8915cbedad4ceee7205a570c690c7952f8584f89be56262a927764b7552194f7,6c91e81caa9aa547c58dc8ab805b9ae1cd8cb6f2176d32e294e9951fe58f511d,1e-05,27919,341,9498,100020,94398,0.005542025349063579,2.0,0.00015936001019904,115371.45323585092,115372,cheap_p1_center,factory_center_block,/home/abe/Project/Evaluation_grouped_surface_code/configs/topologies/tutorial_factory_center_block.yaml,56d65fdff20bf18821c6b07e16fc8c1dcf7cb687b5868a60cc4cf1d178478bcc,,,disabled,Dim2,1,10000,fixed,100,10,1,ftqc_compile_topology_qec,/home/abe/Project/Evaluation_grouped_surface_code/build/quration/qret,d519cdb25446cf243053e84ffa559b7e6bd7dbd66365e1488d632208616dbbf5,da884e0ea561dfa3,False,443956,,444070,,114,,96,,5880986,,32448,,13,,,missing_in_compile_info,2.9354429552331567,,,not_collected,11539507440,10890886056,51220091632,,51233244040,,13152408,,678501116792,,,
success,efficient_controlled_pf_one_step,linear_extrapolation_from_efficient_controlled_pf_one_step,H5,11,10,1,2nd,0.29370818386701597,0.29370818386701597,0.29370818386701597,0,1,8915cbedad4ceee7205a570c690c7952f8584f89be56262a927764b7552194f7,6c91e81caa9aa547c58dc8ab805b9ae1cd8cb6f2176d32e294e9951fe58f511d,1e-05,27919,341,9498,100020,94398,0.005542025349063579,2.0,0.00015936001019904,115371.45323585092,115372,cheap_p1_large_stock_center,factory_center_block,/home/abe/Project/Evaluation_grouped_surface_code/configs/topologies/tutorial_factory_center_block.yaml,56d65fdff20bf18821c6b07e16fc8c1dcf7cb687b5868a60cc4cf1d178478bcc,,,disabled,Dim2,1,1000000,fixed,100,10,1,ftqc_compile_topology_qec,/home/abe/Project/Evaluation_grouped_surface_code/build/quration/qret,d519cdb25446cf243053e84ffa559b7e6bd7dbd66365e1488d632208616dbbf5,1643075c304823c8,False,443956,,444070,,114,,96,,5880986,,32448,,13,,,missing_in_compile_info,2.9048631452023983,,,not_collected,11539507440,10890886056,51220091632,,51233244040,,13152408,,678501116792,,,
success,efficient_controlled_pf_one_step,linear_extrapolation_from_efficient_controlled_pf_one_step,H5,11,10,1,4th(new_2),2.162126261219541,2.162126261219541,2.162126261219541,0,1,e6248f75189a660f83bf043f3d95b4f557339da84775960bbbb8f0d14115e3e6,be867c2d23c889f82e0ad84860ad4cefeb908e09452eaa30a2b3a5b04b5e3b4d,1e-05,139143,1657,47102,475906,451262,3.646071207791769e-05,4.0,0.00015936001019904,9734.549561662418,9735,normal_p15_center,factory_center_block,/home/abe/Project/Evaluation_grouped_surface_code/configs/topologies/tutorial_factory_center_block.yaml,56d65fdff20bf18821c6b07e16fc8c1dcf7cb687b5868a60cc4cf1d178478bcc,,,disabled,Dim2,15,10000,fixed,100,10,1,ftqc_compile_topology_qec,/home/abe/Project/Evaluation_grouped_surface_code/build/quration/qret,d519cdb25446cf243053e84ffa559b7e6bd7dbd66365e1488d632208616dbbf5,3353c8021d3d6330,True,2122265,,2122313,,48,,96,,28471935,,43200,,15,,,missing_in_compile_info,0.00010758964344859123,,,not_collected,4632944910,4393035570,20660249775,,20660717055,,467280,,277174287225,,,
success,efficient_controlled_pf_one_step,linear_extrapolation_from_efficient_controlled_pf_one_step,H5,11,10,1,4th(new_2),2.162126261219541,2.162126261219541,2.162126261219541,0,1,e6248f75189a660f83bf043f3d95b4f557339da84775960bbbb8f0d14115e3e6,be867c2d23c889f82e0ad84860ad4cefeb908e09452eaa30a2b3a5b04b5e3b4d,1e-05,139143,1657,47102,475906,451262,3.646071207791769e-05,4.0,0.00015936001019904,9734.549561662418,9735,fast_p8_center,factory_center_block,/home/abe/Project/Evaluation_grouped_surface_code/configs/topologies/tutorial_factory_center_block.yaml,56d65fdff20bf18821c6b07e16fc8c1dcf7cb687b5868a60cc4cf1d178478bcc,,,disabled,Dim2,8,10000,fixed,100,10,1,ftqc_compile_topology_qec,/home/abe/Project/Evaluation_grouped_surface_code/build/quration/qret,d519cdb25446cf243053e84ffa559b7e6bd7dbd66365e1488d632208616dbbf5,c1f302d468584533,True,2121243,,2121413,,170,,96,,28257330,,43200,,15,,,missing_in_compile_info,6.242003291845322e-05,,,not_collected,4632944910,4393035570,20650300605,,20651955555,,1654950,,275085107550,,,
success,efficient_controlled_pf_one_step,linear_extrapolation_from_efficient_controlled_pf_one_step,H5,11,10,1,4th(new_2),2.162126261219541,2.162126261219541,2.162126261219541,0,1,e6248f75189a660f83bf043f3d95b4f557339da84775960bbbb8f0d14115e3e6,be867c2d23c889f82e0ad84860ad4cefeb908e09452eaa30a2b3a5b04b5e3b4d,1e-05,139143,1657,47102,475906,451262,3.646071207791769e-05,4.0,0.00015936001019904,9734.549561662418,9735,cheap_p4_center,factory_center_block,/home/abe/Project/Evaluation_grouped_surface_code/configs/topologies/tutorial_factory_center_block.yaml,56d65fdff20bf18821c6b07e16fc8c1dcf7cb687b5868a60cc4cf1d178478bcc,,,disabled,Dim2,4,10000,fixed,100,10,1,ftqc_compile_topology_qec,/home/abe/Project/Evaluation_grouped_surface_code/build/quration/qret,d519cdb25446cf243053e84ffa559b7e6bd7dbd66365e1488d632208616dbbf5,e756d969c853ca67,False,2120833,,2121004,,171,,96,,28164144,,43200,,15,,,missing_in_compile_info,15.137127942871302,,,not_collected,4632944910,4393035570,20646309255,,20647973940,,1664685,,274177941840,,,
success,efficient_controlled_pf_one_step,linear_extrapolation_from_efficient_controlled_pf_one_step,H5,11,10,1,4th(new_2),2.162126261219541,2.162126261219541,2.162126261219541,0,1,e6248f75189a660f83bf043f3d95b4f557339da84775960bbbb8f0d14115e3e6,be867c2d23c889f82e0ad84860ad4cefeb908e09452eaa30a2b3a5b04b5e3b4d,1e-05,139143,1657,47102,475906,451262,3.646071207791769e-05,4.0,0.00015936001019904,9734.549561662418,9735,cheap_p2_center,factory_center_block,/home/abe/Project/Evaluation_grouped_surface_code/configs/topologies/tutorial_factory_center_block.yaml,56d65fdff20bf18821c6b07e16fc8c1dcf7cb687b5868a60cc4cf1d178478bcc,,,disabled,Dim2,2,10000,fixed,100,10,1,ftqc_compile_topology_qec,/home/abe/Project/Evaluation_grouped_surface_code/build/quration/qret,d519cdb25446cf243053e84ffa559b7e6bd7dbd66365e1488d632208616dbbf5,a277e82d9490d035,False,2120683,,2120822,,139,,96,,28162431,,43200,,15,,,missing_in_compile_info,15.175555332098156,,,not_collected,4632944910,4393035570,20644849005,,20646202170,,1353165,,274161265785,,,
success,efficient_controlled_pf_one_step,linear_extrapolation_from_efficient_controlled_pf_one_step,H5,11,10,1,4th(new_2),2.162126261219541,2.162126261219541,2.162126261219541,0,1,e6248f75189a660f83bf043f3d95b4f557339da84775960bbbb8f0d14115e3e6,be867c2d23c889f82e0ad84860ad4cefeb908e09452eaa30a2b3a5b04b5e3b4d,1e-05,139143,1657,47102,475906,451262,3.646071207791769e-05,4.0,0.00015936001019904,9734.549561662418,9735,cheap_p1_center,factory_center_block,/home/abe/Project/Evaluation_grouped_surface_code/configs/topologies/tutorial_factory_center_block.yaml,56d65fdff20bf18821c6b07e16fc8c1dcf7cb687b5868a60cc4cf1d178478bcc,,,disabled,Dim2,1,10000,fixed,100,10,1,ftqc_compile_topology_qec,/home/abe/Project/Evaluation_grouped_surface_code/build/quration/qret,d519cdb25446cf243053e84ffa559b7e6bd7dbd66365e1488d632208616dbbf5,94a4680a3fcb3115,False,2120664,,2120816,,152,,96,,28162022,,43200,,15,,,missing_in_compile_info,15.143501264043152,,,not_collected,4632944910,4393035570,20644664040,,20646143760,,1479720,,274157284170,,,
success,efficient_controlled_pf_one_step,linear_extrapolation_from_efficient_controlled_pf_one_step,H5,11,10,1,4th(new_2),2.162126261219541,2.162126261219541,2.162126261219541,0,1,e6248f75189a660f83bf043f3d95b4f557339da84775960bbbb8f0d14115e3e6,be867c2d23c889f82e0ad84860ad4cefeb908e09452eaa30a2b3a5b04b5e3b4d,1e-05,139143,1657,47102,475906,451262,3.646071207791769e-05,4.0,0.00015936001019904,9734.549561662418,9735,cheap_p1_large_stock_center,factory_center_block,/home/abe/Project/Evaluation_grouped_surface_code/configs/topologies/tutorial_factory_center_block.yaml,56d65fdff20bf18821c6b07e16fc8c1dcf7cb687b5868a60cc4cf1d178478bcc,,,disabled,Dim2,1,1000000,fixed,100,10,1,ftqc_compile_topology_qec,/home/abe/Project/Evaluation_grouped_surface_code/build/quration/qret,d519cdb25446cf243053e84ffa559b7e6bd7dbd66365e1488d632208616dbbf5,93bbf1131f3ffbc4,False,2120664,,2120816,,152,,96,,28162022,,43200,,15,,,missing_in_compile_info,15.200433505233377,,,not_collected,4632944910,4393035570,20644664040,,20646143760,,1479720,,274157284170,,,
success,efficient_controlled_pf_one_step,linear_extrapolation_from_efficient_controlled_pf_one_step,H6,13,12,1,2nd,0.15510821680650744,0.15510821680650744,0.15510821680650744,0,1,9cb754d148003201d976382fa08396ec7b99f889d915ded7643d45014f8c5f42,b783b8765e73054f72f0422d1601912e2aed153d1d99b33d148d7427213e6b10,1e-05,63995,568,20521,216194,203538,0.019871515670122467,2.0,0.00015936001019904,218463.86153914253,218464,normal_p15_center,factory_center_block,/home/abe/Project/Evaluation_grouped_surface_code/configs/topologies/tutorial_factory_center_block.yaml,56d65fdff20bf18821c6b07e16fc8c1dcf7cb687b5868a60cc4cf1d178478bcc,,,disabled,Dim2,15,10000,fixed,100,10,1,ftqc_compile_topology_qec,/home/abe/Project/Evaluation_grouped_surface_code/build/quration/qret,d519cdb25446cf243053e84ffa559b7e6bd7dbd66365e1488d632208616dbbf5,5176618e976d5e75,True,955042,,955049,,7,,96,,14695484,,43200,,15,,,missing_in_compile_info,6.338441744446754e-05,,,not_collected,47230606016,44465725632,208642295488,,208643824736,,1529248,,3210434216576,,,
success,efficient_controlled_pf_one_step,linear_extrapolation_from_efficient_controlled_pf_one_step,H6,13,12,1,2nd,0.15510821680650744,0.15510821680650744,0.15510821680650744,0,1,9cb754d148003201d976382fa08396ec7b99f889d915ded7643d45014f8c5f42,b783b8765e73054f72f0422d1601912e2aed153d1d99b33d148d7427213e6b10,1e-05,63995,568,20521,216194,203538,0.019871515670122467,2.0,0.00015936001019904,218463.86153914253,218464,fast_p8_center,factory_center_block,/home/abe/Project/Evaluation_grouped_surface_code/configs/topologies/tutorial_factory_center_block.yaml,56d65fdff20bf18821c6b07e16fc8c1dcf7cb687b5868a60cc4cf1d178478bcc,,,disabled,Dim2,8,10000,fixed,100,10,1,ftqc_compile_topology_qec,/home/abe/Project/Evaluation_grouped_surface_code/build/quration/qret,d519cdb25446cf243053e84ffa559b7e6bd7dbd66365e1488d632208616dbbf5,68f973fb234951d9,True,953749,,953790,,41,,96,,14585380,,43200,,15,,,missing_in_compile_info,0.00010317796841263771,,,not_collected,47230606016,44465725632,208359821536,,208368778560,,8957024,,3186380456320,,,
success,efficient_controlled_pf_one_step,linear_extrapolation_from_efficient_controlled_pf_one_step,H6,13,12,1,2nd,0.15510821680650744,0.15510821680650744,0.15510821680650744,0,1,9cb754d148003201d976382fa08396ec7b99f889d915ded7643d45014f8c5f42,b783b8765e73054f72f0422d1601912e2aed153d1d99b33d148d7427213e6b10,1e-05,63995,568,20521,216194,203538,0.019871515670122467,2.0,0.00015936001019904,218463.86153914253,218464,cheap_p4_center,factory_center_block,/home/abe/Project/Evaluation_grouped_surface_code/configs/topologies/tutorial_factory_center_block.yaml,56d65fdff20bf18821c6b07e16fc8c1dcf7cb687b5868a60cc4cf1d178478bcc,,,disabled,Dim2,4,10000,fixed,100,10,1,ftqc_compile_topology_qec,/home/abe/Project/Evaluation_grouped_surface_code/build/quration/qret,d519cdb25446cf243053e84ffa559b7e6bd7dbd66365e1488d632208616dbbf5,bbab122b9c51f591,False,953243,,953350,,107,,96,,14546911,,43200,,15,,,missing_in_compile_info,6.753150003962219,,,not_collected,47230606016,44465725632,208249278752,,208272654400,,23375648,,3177976364704,,,
success,efficient_controlled_pf_one_step,linear_extrapolation_from_efficient_controlled_pf_one_step,H6,13,12,1,2nd,0.15510821680650744,0.15510821680650744,0.15510821680650744,0,1,9cb754d148003201d976382fa08396ec7b99f889d915ded7643d45014f8c5f42,b783b8765e73054f72f0422d1601912e2aed153d1d99b33d148d7427213e6b10,1e-05,63995,568,20521,216194,203538,0.019871515670122467,2.0,0.00015936001019904,218463.86153914253,218464,cheap_p2_center,factory_center_block,/home/abe/Project/Evaluation_grouped_surface_code/configs/topologies/tutorial_factory_center_block.yaml,56d65fdff20bf18821c6b07e16fc8c1dcf7cb687b5868a60cc4cf1d178478bcc,,,disabled,Dim2,2,10000,fixed,100,10,1,ftqc_compile_topology_qec,/home/abe/Project/Evaluation_grouped_surface_code/build/quration/qret,d519cdb25446cf243053e84ffa559b7e6bd7dbd66365e1488d632208616dbbf5,fb97a4c7177e246a,False,953085,,953163,,78,,96,,14545248,,43200,,15,,,missing_in_compile_info,6.631699277088046,,,not_collected,47230606016,44465725632,208214761440,,208231801632,,17040192,,3177613059072,,,
success,efficient_controlled_pf_one_step,linear_extrapolation_from_efficient_controlled_pf_one_step,H6,13,12,1,2nd,0.15510821680650744,0.15510821680650744,0.15510821680650744,0,1,9cb754d148003201d976382fa08396ec7b99f889d915ded7643d45014f8c5f42,b783b8765e73054f72f0422d1601912e2aed153d1d99b33d148d7427213e6b10,1e-05,63995,568,20521,216194,203538,0.019871515670122467,2.0,0.00015936001019904,218463.86153914253,218464,cheap_p1_center,factory_center_block,/home/abe/Project/Evaluation_grouped_surface_code/configs/topologies/tutorial_factory_center_block.yaml,56d65fdff20bf18821c6b07e16fc8c1dcf7cb687b5868a60cc4cf1d178478bcc,,,disabled,Dim2,1,10000,fixed,100,10,1,ftqc_compile_topology_qec,/home/abe/Project/Evaluation_grouped_surface_code/build/quration/qret,d519cdb25446cf243053e84ffa559b7e6bd7dbd66365e1488d632208616dbbf5,d1c620aa28f4e7bc,False,953032,,953157,,125,,96,,14544869,,43200,,15,,,missing_in_compile_info,6.646214615087956,,,not_collected,47230606016,44465725632,208203182848,,208230490848,,27308000,,3177530261216,,,
success,efficient_controlled_pf_one_step,linear_extrapolation_from_efficient_controlled_pf_one_step,H6,13,12,1,2nd,0.15510821680650744,0.15510821680650744,0.15510821680650744,0,1,9cb754d148003201d976382fa08396ec7b99f889d915ded7643d45014f8c5f42,b783b8765e73054f72f0422d1601912e2aed153d1d99b33d148d7427213e6b10,1e-05,63995,568,20521,216194,203538,0.019871515670122467,2.0,0.00015936001019904,218463.86153914253,218464,cheap_p1_large_stock_center,factory_center_block,/home/abe/Project/Evaluation_grouped_surface_code/configs/topologies/tutorial_factory_center_block.yaml,56d65fdff20bf18821c6b07e16fc8c1dcf7cb687b5868a60cc4cf1d178478bcc,,,disabled,Dim2,1,1000000,fixed,100,10,1,ftqc_compile_topology_qec,/home/abe/Project/Evaluation_grouped_surface_code/build/quration/qret,d519cdb25446cf243053e84ffa559b7e6bd7dbd66365e1488d632208616dbbf5,71be5b11185146ab,False,953032,,953157,,125,,96,,14544869,,43200,,15,,,missing_in_compile_info,6.695179742760956,,,not_collected,47230606016,44465725632,208203182848,,208230490848,,27308000,,3177530261216,,,
success,efficient_controlled_pf_one_step,linear_extrapolation_from_efficient_controlled_pf_one_step,H6,13,12,1,4th(new_2),1.813703995296613,1.813703995296613,1.813703995296613,0,1,4f6d34061c9b4702a6a1d6a0107e7b52a7d246e50442fbf35a4d38f33f32ab76,523b0f82114685895d9f5b9afbdcab89ceb6b664e989851224ded58fcb6f3124,1e-05,319339,2780,102049,1025480,966388,7.363490222489213e-05,4.0,0.00015936001019904,11604.60874706923,11605,normal_p15_center,factory_center_block,/home/abe/Project/Evaluation_grouped_surface_code/configs/topologies/tutorial_factory_center_block.yaml,56d65fdff20bf18821c6b07e16fc8c1dcf7cb687b5868a60cc4cf1d178478bcc,,,disabled,Dim2,15,10000,fixed,100,10,1,ftqc_compile_topology_qec,/home/abe/Project/Evaluation_grouped_surface_code/build/quration/qret,d519cdb25446cf243053e84ffa559b7e6bd7dbd66365e1488d632208616dbbf5,e5813406ab55f07d,True,4576285,,4576324,,39,,96,,70571187,,43200,,15,,,missing_in_compile_info,0.00010920362547039986,,,not_collected,11900695400,11214932740,53107787425,,53108240020,,452595,,818978625135,,,
success,efficient_controlled_pf_one_step,linear_extrapolation_from_efficient_controlled_pf_one_step,H6,13,12,1,4th(new_2),1.813703995296613,1.813703995296613,1.813703995296613,0,1,4f6d34061c9b4702a6a1d6a0107e7b52a7d246e50442fbf35a4d38f33f32ab76,523b0f82114685895d9f5b9afbdcab89ceb6b664e989851224ded58fcb6f3124,1e-05,319339,2780,102049,1025480,966388,7.363490222489213e-05,4.0,0.00015936001019904,11604.60874706923,11605,fast_p8_center,factory_center_block,/home/abe/Project/Evaluation_grouped_surface_code/configs/topologies/tutorial_factory_center_block.yaml,56d65fdff20bf18821c6b07e16fc8c1dcf7cb687b5868a60cc4cf1d178478bcc,,,disabled,Dim2,8,10000,fixed,100,10,1,ftqc_compile_topology_qec,/home/abe/Project/Evaluation_grouped_surface_code/build/quration/qret,d519cdb25446cf243053e84ffa559b7e6bd7dbd66365e1488d632208616dbbf5,4c6a48e891e23837,True,4575019,,4575076,,57,,96,,70107118,,43200,,15,,,missing_in_compile_info,0.0001011500135064125,,,not_collected,11900695400,11214932740,53093095495,,53093756980,,661485,,813593104390,,,
success,efficient_controlled_pf_one_step,linear_extrapolation_from_efficient_controlled_pf_one_step,H6,13,12,1,4th(new_2),1.813703995296613,1.813703995296613,1.813703995296613,0,1,4f6d34061c9b4702a6a1d6a0107e7b52a7d246e50442fbf35a4d38f33f32ab76,523b0f82114685895d9f5b9afbdcab89ceb6b664e989851224ded58fcb6f3124,1e-05,319339,2780,102049,1025480,966388,7.363490222489213e-05,4.0,0.00015936001019904,11604.60874706923,11605,cheap_p4_center,factory_center_block,/home/abe/Project/Evaluation_grouped_surface_code/configs/topologies/tutorial_factory_center_block.yaml,56d65fdff20bf18821c6b07e16fc8c1dcf7cb687b5868a60cc4cf1d178478bcc,,,disabled,Dim2,4,10000,fixed,100,10,1,ftqc_compile_topology_qec,/home/abe/Project/Evaluation_grouped_surface_code/build/quration/qret,d519cdb25446cf243053e84ffa559b7e6bd7dbd66365e1488d632208616dbbf5,540412f146327e07,False,4574505,,4574636,,131,,96,,69945660,,43200,,15,,,missing_in_compile_info,34.936474678106606,,,not_collected,11900695400,11214932740,53087130525,,53088650780,,1520255,,811719384300,,,
success,efficient_controlled_pf_one_step,linear_extrapolation_from_efficient_controlled_pf_one_step,H6,13,12,1,4th(new_2),1.813703995296613,1.813703995296613,1.813703995296613,0,1,4f6d34061c9b4702a6a1d6a0107e7b52a7d246e50442fbf35a4d38f33f32ab76,523b0f82114685895d9f5b9afbdcab89ceb6b664e989851224ded58fcb6f3124,1e-05,319339,2780,102049,1025480,966388,7.363490222489213e-05,4.0,0.00015936001019904,11604.60874706923,11605,cheap_p2_center,factory_center_block,/home/abe/Project/Evaluation_grouped_surface_code/configs/topologies/tutorial_factory_center_block.yaml,56d65fdff20bf18821c6b07e16fc8c1dcf7cb687b5868a60cc4cf1d178478bcc,,,disabled,Dim2,2,10000,fixed,100,10,1,ftqc_compile_topology_qec,/home/abe/Project/Evaluation_grouped_surface_code/build/quration/qret,d519cdb25446cf243053e84ffa559b7e6bd7dbd66365e1488d632208616dbbf5,99afef53365cfa0a,False,4574350,,4574460,,110,,96,,69943975,,43200,,15,,,missing_in_compile_info,34.96498023439199,,,not_collected,11900695400,11214932740,53085331750,,53086608300,,1276550,,811699829875,,,
success,efficient_controlled_pf_one_step,linear_extrapolation_from_efficient_controlled_pf_one_step,H6,13,12,1,4th(new_2),1.813703995296613,1.813703995296613,1.813703995296613,0,1,4f6d34061c9b4702a6a1d6a0107e7b52a7d246e50442fbf35a4d38f33f32ab76,523b0f82114685895d9f5b9afbdcab89ceb6b664e989851224ded58fcb6f3124,1e-05,319339,2780,102049,1025480,966388,7.363490222489213e-05,4.0,0.00015936001019904,11604.60874706923,11605,cheap_p1_center,factory_center_block,/home/abe/Project/Evaluation_grouped_surface_code/configs/topologies/tutorial_factory_center_block.yaml,56d65fdff20bf18821c6b07e16fc8c1dcf7cb687b5868a60cc4cf1d178478bcc,,,disabled,Dim2,1,10000,fixed,100,10,1,ftqc_compile_topology_qec,/home/abe/Project/Evaluation_grouped_surface_code/build/quration/qret,d519cdb25446cf243053e84ffa559b7e6bd7dbd66365e1488d632208616dbbf5,d5cd3aa0086b92d3,False,4574296,,4574449,,153,,96,,69943527,,43200,,15,,,missing_in_compile_info,34.370062469970435,,,not_collected,11900695400,11214932740,53084705080,,53086480645,,1775565,,811694630835,,,
success,efficient_controlled_pf_one_step,linear_extrapolation_from_efficient_controlled_pf_one_step,H6,13,12,1,4th(new_2),1.813703995296613,1.813703995296613,1.813703995296613,0,1,4f6d34061c9b4702a6a1d6a0107e7b52a7d246e50442fbf35a4d38f33f32ab76,523b0f82114685895d9f5b9afbdcab89ceb6b664e989851224ded58fcb6f3124,1e-05,319339,2780,102049,1025480,966388,7.363490222489213e-05,4.0,0.00015936001019904,11604.60874706923,11605,cheap_p1_large_stock_center,factory_center_block,/home/abe/Project/Evaluation_grouped_surface_code/configs/topologies/tutorial_factory_center_block.yaml,56d65fdff20bf18821c6b07e16fc8c1dcf7cb687b5868a60cc4cf1d178478bcc,,,disabled,Dim2,1,1000000,fixed,100,10,1,ftqc_compile_topology_qec,/home/abe/Project/Evaluation_grouped_surface_code/build/quration/qret,d519cdb25446cf243053e84ffa559b7e6bd7dbd66365e1488d632208616dbbf5,c98b3a3c9b52dcd9,False,4574296,,4574449,,153,,96,,69943527,,43200,,15,,,missing_in_compile_info,34.377339746337384,,,not_collected,11900695400,11214932740,53084705080,,53086480645,,1775565,,811694630835,,,
success,efficient_controlled_pf_one_step,linear_extrapolation_from_efficient_controlled_pf_one_step,H7,15,14,1,2nd,0.1825206222933094,0.1825206222933094,0.1825206222933094,0,1,47c6a5a523f7d6cf0d091a18c4fb1decf0e8650769aecfedbc31a8156192ab46,7b9b3d6ce055076be815fc1ad85c8b25599a8a362b956d0643097ab9da26ac2a,1e-05,125127,1064,39829,408290,385364,0.01435082015849251,2.0,0.00015936001019904,185653.21317799532,185654,normal_p15_center,factory_center_block,/home/abe/Project/Evaluation_grouped_surface_code/configs/topologies/tutorial_factory_center_block.yaml,56d65fdff20bf18821c6b07e16fc8c1dcf7cb687b5868a60cc4cf1d178478bcc,,,disabled,Dim2,15,10000,fixed,100,10,1,ftqc_compile_topology_qec,/home/abe/Project/Evaluation_grouped_surface_code/build/quration/qret,d519cdb25446cf243053e84ffa559b7e6bd7dbd66365e1488d632208616dbbf5,8734ad855b2363e7,True,1826767,,1826810,,43,,96,,31733872,,43200,,15,,,missing_in_compile_info,0.00010578939691185951,,,not_collected,75800671660,71544368056,339146600618,,339154583740,,7983122,,5891520272288,,,
success,efficient_controlled_pf_one_step,linear_extrapolation_from_efficient_controlled_pf_one_step,H7,15,14,1,2nd,0.1825206222933094,0.1825206222933094,0.1825206222933094,0,1,47c6a5a523f7d6cf0d091a18c4fb1decf0e8650769aecfedbc31a8156192ab46,7b9b3d6ce055076be815fc1ad85c8b25599a8a362b956d0643097ab9da26ac2a,1e-05,125127,1064,39829,408290,385364,0.01435082015849251,2.0,0.00015936001019904,185653.21317799532,185654,fast_p8_center,factory_center_block,/home/abe/Project/Evaluation_grouped_surface_code/configs/topologies/tutorial_factory_center_block.yaml,56d65fdff20bf18821c6b07e16fc8c1dcf7cb687b5868a60cc4cf1d178478bcc,,,disabled,Dim2,8,10000,fixed,100,10,1,ftqc_compile_topology_qec,/home/abe/Project/Evaluation_grouped_surface_code/build/quration/qret,d519cdb25446cf243053e84ffa559b7e6bd7dbd66365e1488d632208616dbbf5,16235bcd959e4ae5,True,1825221,,1825544,,323,,96,,31573698,,43200,,15,,,missing_in_compile_info,0.00010207993909716606,,,not_collected,75800671660,71544368056,338859579534,,338919545776,,59966242,,5861783328492,,,
success,efficient_controlled_pf_one_step,linear_extrapolation_from_efficient_controlled_pf_one_step,H7,15,14,1,2nd,0.1825206222933094,0.1825206222933094,0.1825206222933094,0,1,47c6a5a523f7d6cf0d091a18c4fb1decf0e8650769aecfedbc31a8156192ab46,7b9b3d6ce055076be815fc1ad85c8b25599a8a362b956d0643097ab9da26ac2a,1e-05,125127,1064,39829,408290,385364,0.01435082015849251,2.0,0.00015936001019904,185653.21317799532,185654,cheap_p4_center,factory_center_block,/home/abe/Project/Evaluation_grouped_surface_code/configs/topologies/tutorial_factory_center_block.yaml,56d65fdff20bf18821c6b07e16fc8c1dcf7cb687b5868a60cc4cf1d178478bcc,,,disabled,Dim2,4,10000,fixed,100,10,1,ftqc_compile_topology_qec,/home/abe/Project/Evaluation_grouped_surface_code/build/quration/qret,d519cdb25446cf243053e84ffa559b7e6bd7dbd66365e1488d632208616dbbf5,7910d9a65a8d50d5,False,1824638,,1824910,,272,,96,,31539995,,43200,,15,,,missing_in_compile_info,13.169719406869262,,,not_collected,75800671660,71544368056,338751343252,,338801841140,,50497888,,5855526231730,,,
success,efficient_controlled_pf_one_step,linear_extrapolation_from_efficient_controlled_pf_one_step,H7,15,14,1,2nd,0.1825206222933094,0.1825206222933094,0.1825206222933094,0,1,47c6a5a523f7d6cf0d091a18c4fb1decf0e8650769aecfedbc31a8156192ab46,7b9b3d6ce055076be815fc1ad85c8b25599a8a362b956d0643097ab9da26ac2a,1e-05,125127,1064,39829,408290,385364,0.01435082015849251,2.0,0.00015936001019904,185653.21317799532,185654,cheap_p2_center,factory_center_block,/home/abe/Project/Evaluation_grouped_surface_code/configs/topologies/tutorial_factory_center_block.yaml,56d65fdff20bf18821c6b07e16fc8c1dcf7cb687b5868a60cc4cf1d178478bcc,,,disabled,Dim2,2,10000,fixed,100,10,1,ftqc_compile_topology_qec,/home/abe/Project/Evaluation_grouped_surface_code/build/quration/qret,d519cdb25446cf243053e84ffa559b7e6bd7dbd66365e1488d632208616dbbf5,5be86b8564672107,False,1824458,,1824619,,161,,96,,31536515,,43200,,15,,,missing_in_compile_info,13.244909996166825,,,not_collected,75800671660,71544368056,338717925532,,338747815826,,29890294,,5854880155810,,,
success,efficient_controlled_pf_one_step,linear_extrapolation_from_efficient_controlled_pf_one_step,H7,15,14,1,2nd,0.1825206222933094,0.1825206222933094,0.1825206222933094,0,1,47c6a5a523f7d6cf0d091a18c4fb1decf0e8650769aecfedbc31a8156192ab46,7b9b3d6ce055076be815fc1ad85c8b25599a8a362b956d0643097ab9da26ac2a,1e-05,125127,1064,39829,408290,385364,0.01435082015849251,2.0,0.00015936001019904,185653.21317799532,185654,cheap_p1_center,factory_center_block,/home/abe/Project/Evaluation_grouped_surface_code/configs/topologies/tutorial_factory_center_block.yaml,56d65fdff20bf18821c6b07e16fc8c1dcf7cb687b5868a60cc4cf1d178478bcc,,,disabled,Dim2,1,10000,fixed,100,10,1,ftqc_compile_topology_qec,/home/abe/Project/Evaluation_grouped_surface_code/build/quration/qret,d519cdb25446cf243053e84ffa559b7e6bd7dbd66365e1488d632208616dbbf5,079d99ccd7187820,False,1824388,,1824577,,189,,96,,31535541,,43200,,15,,,missing_in_compile_info,13.13808630220592,,,not_collected,75800671660,71544368056,338704929752,,338740018358,,35088606,,5854699328814,,,
success,efficient_controlled_pf_one_step,linear_extrapolation_from_efficient_controlled_pf_one_step,H7,15,14,1,2nd,0.1825206222933094,0.1825206222933094,0.1825206222933094,0,1,47c6a5a523f7d6cf0d091a18c4fb1decf0e8650769aecfedbc31a8156192ab46,7b9b3d6ce055076be815fc1ad85c8b25599a8a362b956d0643097ab9da26ac2a,1e-05,125127,1064,39829,408290,385364,0.01435082015849251,2.0,0.00015936001019904,185653.21317799532,185654,cheap_p1_large_stock_center,factory_center_block,/home/abe/Project/Evaluation_grouped_surface_code/configs/topologies/tutorial_factory_center_block.yaml,56d65fdff20bf18821c6b07e16fc8c1dcf7cb687b5868a60cc4cf1d178478bcc,,,disabled,Dim2,1,1000000,fixed,100,10,1,ftqc_compile_topology_qec,/home/abe/Project/Evaluation_grouped_surface_code/build/quration/qret,d519cdb25446cf243053e84ffa559b7e6bd7dbd66365e1488d632208616dbbf5,2b69e47d8bceafe6,False,1824388,,1824577,,189,,96,,31535541,,43200,,15,,,missing_in_compile_info,13.208335320930928,,,not_collected,75800671660,71544368056,338704929752,,338740018358,,35088606,,5854699328814,,,
success,efficient_controlled_pf_one_step,linear_extrapolation_from_efficient_controlled_pf_one_step,H7,15,14,1,4th(new_2),1.862995936162051,1.862995936162051,1.862995936162051,0,1,4406dbfd1fb59a7affb9165a4d61736887111abad5a640859ebc38f0585c6fac,356adddd9d9d958064ddbc64722e855d34bbebb9c40a3ce060d1473e539d02c1,1e-05,624783,5252,198389,1971706,1861610,6.614571617239694e-05,4.0,0.00015936001019904,11297.569060602986,11298,normal_p15_center,factory_center_block,/home/abe/Project/Evaluation_grouped_surface_code/configs/topologies/tutorial_factory_center_block.yaml,56d65fdff20bf18821c6b07e16fc8c1dcf7cb687b5868a60cc4cf1d178478bcc,,,disabled,Dim2,15,10000,fixed,100,10,1,ftqc_compile_topology_qec,/home/abe/Project/Evaluation_grouped_surface_code/build/quration/qret,d519cdb25446cf243053e84ffa559b7e6bd7dbd66365e1488d632208616dbbf5,39ad58d4e5e7eab6,True,8870862,,8871048,,186,,96,,154319042,,55488,,17,,,missing_in_compile_info,7.731607183814049e-05,,,not_collected,22276334388,21032469780,100222998876,,100225100304,,2101428,,1743496536516,,,
success,efficient_controlled_pf_one_step,linear_extrapolation_from_efficient_controlled_pf_one_step,H7,15,14,1,4th(new_2),1.862995936162051,1.862995936162051,1.862995936162051,0,1,4406dbfd1fb59a7affb9165a4d61736887111abad5a640859ebc38f0585c6fac,356adddd9d9d958064ddbc64722e855d34bbebb9c40a3ce060d1473e539d02c1,1e-05,624783,5252,198389,1971706,1861610,6.614571617239694e-05,4.0,0.00015936001019904,11297.569060602986,11298,fast_p8_center,factory_center_block,/home/abe/Project/Evaluation_grouped_surface_code/configs/topologies/tutorial_factory_center_block.yaml,56d65fdff20bf18821c6b07e16fc8c1dcf7cb687b5868a60cc4cf1d178478bcc,,,disabled,Dim2,8,10000,fixed,100,10,1,ftqc_compile_topology_qec,/home/abe/Project/Evaluation_grouped_surface_code/build/quration/qret,d519cdb25446cf243053e84ffa559b7e6bd7dbd66365e1488d632208616dbbf5,cc0feb6220f7cd65,True,8869272,,8869764,,492,,96,,153616875,,55488,,17,,,missing_in_compile_info,0.00010276678949594498,,,not_collected,22276334388,21032469780,100205035056,,100210593672,,5558616,,1735563453750,,,
success,efficient_controlled_pf_one_step,linear_extrapolation_from_efficient_controlled_pf_one_step,H7,15,14,1,4th(new_2),1.862995936162051,1.862995936162051,1.862995936162051,0,1,4406dbfd1fb59a7affb9165a4d61736887111abad5a640859ebc38f0585c6fac,356adddd9d9d958064ddbc64722e855d34bbebb9c40a3ce060d1473e539d02c1,1e-05,624783,5252,198389,1971706,1861610,6.614571617239694e-05,4.0,0.00015936001019904,11297.569060602986,11298,cheap_p4_center,factory_center_block,/home/abe/Project/Evaluation_grouped_surface_code/configs/topologies/tutorial_factory_center_block.yaml,56d65fdff20bf18821c6b07e16fc8c1dcf7cb687b5868a60cc4cf1d178478bcc,,,disabled,Dim2,4,10000,fixed,100,10,1,ftqc_compile_topology_qec,/home/abe/Project/Evaluation_grouped_surface_code/build/quration/qret,d519cdb25446cf243053e84ffa559b7e6bd7dbd66365e1488d632208616dbbf5,b3d0d0a66a978025,False,8868651,,8869107,,456,,96,,153495073,,55488,,17,,,missing_in_compile_info,67.92614841740578,,,not_collected,22276334388,21032469780,100198018998,,100203170886,,5151888,,1734187334754,,,
success,efficient_controlled_pf_one_step,linear_extrapolation_from_efficient_controlled_pf_one_step,H7,15,14,1,4th(new_2),1.862995936162051,1.862995936162051,1.862995936162051,0,1,4406dbfd1fb59a7affb9165a4d61736887111abad5a640859ebc38f0585c6fac,356adddd9d9d958064ddbc64722e855d34bbebb9c40a3ce060d1473e539d02c1,1e-05,624783,5252,198389,1971706,1861610,6.614571617239694e-05,4.0,0.00015936001019904,11297.569060602986,11298,cheap_p2_center,factory_center_block,/home/abe/Project/Evaluation_grouped_surface_code/configs/topologies/tutorial_factory_center_block.yaml,56d65fdff20bf18821c6b07e16fc8c1dcf7cb687b5868a60cc4cf1d178478bcc,,,disabled,Dim2,2,10000,fixed,100,10,1,ftqc_compile_topology_qec,/home/abe/Project/Evaluation_grouped_surface_code/build/quration/qret,d519cdb25446cf243053e84ffa559b7e6bd7dbd66365e1488d632208616dbbf5,eeff141702e544b3,False,8868470,,8868821,,351,,96,,153491613,,55488,,17,,,missing_in_compile_info,67.87246049428359,,,not_collected,22276334388,21032469780,100195974060,,100199939658,,3965598,,1734148243674,,,
success,efficient_controlled_pf_one_step,linear_extrapolation_from_efficient_controlled_pf_one_step,H7,15,14,1,4th(new_2),1.862995936162051,1.862995936162051,1.862995936162051,0,1,4406dbfd1fb59a7affb9165a4d61736887111abad5a640859ebc38f0585c6fac,356adddd9d9d958064ddbc64722e855d34bbebb9c40a3ce060d1473e539d02c1,1e-05,624783,5252,198389,1971706,1861610,6.614571617239694e-05,4.0,0.00015936001019904,11297.569060602986,11298,cheap_p1_center,factory_center_block,/home/abe/Project/Evaluation_grouped_surface_code/configs/topologies/tutorial_factory_center_block.yaml,56d65fdff20bf18821c6b07e16fc8c1dcf7cb687b5868a60cc4cf1d178478bcc,,,disabled,Dim2,1,10000,fixed,100,10,1,ftqc_compile_topology_qec,/home/abe/Project/Evaluation_grouped_surface_code/build/quration/qret,d519cdb25446cf243053e84ffa559b7e6bd7dbd66365e1488d632208616dbbf5,c13925cd64bd5d10,False,8868400,,8868771,,371,,96,,153490598,,55488,,17,,,missing_in_compile_info,67.91721148602664,,,not_collected,22276334388,21032469780,100195183200,,100199374758,,4191558,,1734136776204,,,
success,efficient_controlled_pf_one_step,linear_extrapolation_from_efficient_controlled_pf_one_step,H7,15,14,1,4th(new_2),1.862995936162051,1.862995936162051,1.862995936162051,0,1,4406dbfd1fb59a7affb9165a4d61736887111abad5a640859ebc38f0585c6fac,356adddd9d9d958064ddbc64722e855d34bbebb9c40a3ce060d1473e539d02c1,1e-05,624783,5252,198389,1971706,1861610,6.614571617239694e-05,4.0,0.00015936001019904,11297.569060602986,11298,cheap_p1_large_stock_center,factory_center_block,/home/abe/Project/Evaluation_grouped_surface_code/configs/topologies/tutorial_factory_center_block.yaml,56d65fdff20bf18821c6b07e16fc8c1dcf7cb687b5868a60cc4cf1d178478bcc,,,disabled,Dim2,1,1000000,fixed,100,10,1,ftqc_compile_topology_qec,/home/abe/Project/Evaluation_grouped_surface_code/build/quration/qret,d519cdb25446cf243053e84ffa559b7e6bd7dbd66365e1488d632208616dbbf5,d4c27738ad3dad4b,False,8868400,,8868771,,371,,96,,153490598,,55488,,17,,,missing_in_compile_info,68.04049559915438,,,not_collected,22276334388,21032469780,100195183200,,100199374758,,4191558,,1734136776204,,,
success,efficient_controlled_pf_one_step,linear_extrapolation_from_efficient_controlled_pf_one_step,H8,17,16,1,2nd,0.12786270255707444,0.12786270255707444,0.12786270255707444,0,1,588aec71ef5f4f6bb8a24d799e1f5b6d3f95b2091f4d6242f6fc244f42fda214,643c0dbe014bd7b1929187005884172c23d04dab7a4d21877c283c0b505b69a9,1e-05,224387,1220,69482,687966,648094,0.02924238861618082,2.0,0.00015936001019904,265015.0460011945,265016,normal_p15_center,factory_center_block,/home/abe/Project/Evaluation_grouped_surface_code/configs/topologies/tutorial_factory_center_block.yaml,56d65fdff20bf18821c6b07e16fc8c1dcf7cb687b5868a60cc4cf1d178478bcc,,,disabled,Dim2,15,10000,fixed,100,10,1,ftqc_compile_topology_qec,/home/abe/Project/Evaluation_grouped_surface_code/build/quration/qret,d519cdb25446cf243053e84ffa559b7e6bd7dbd66365e1488d632208616dbbf5,266b21e9edd2058f,True,3096737,,3096812,,75,,96,,60167015,,43200,,15,,,missing_in_compile_info,0.00010598311200737953,,,not_collected,182321997456,171755279504,820684852792,,820704728992,,19876200,,15945221647240,,,
success,efficient_controlled_pf_one_step,linear_extrapolation_from_efficient_controlled_pf_one_step,H8,17,16,1,2nd,0.12786270255707444,0.12786270255707444,0.12786270255707444,0,1,588aec71ef5f4f6bb8a24d799e1f5b6d3f95b2091f4d6242f6fc244f42fda214,643c0dbe014bd7b1929187005884172c23d04dab7a4d21877c283c0b505b69a9,1e-05,224387,1220,69482,687966,648094,0.02924238861618082,2.0,0.00015936001019904,265015.0460011945,265016,fast_p8_center,factory_center_block,/home/abe/Project/Evaluation_grouped_surface_code/configs/topologies/tutorial_factory_center_block.yaml,56d65fdff20bf18821c6b07e16fc8c1dcf7cb687b5868a60cc4cf1d178478bcc,,,disabled,Dim2,8,10000,fixed,100,10,1,ftqc_compile_topology_qec,/home/abe/Project/Evaluation_grouped_surface_code/build/quration/qret,d519cdb25446cf243053e84ffa559b7e6bd7dbd66365e1488d632208616dbbf5,6af5b356f88941b4,True,3094944,,3095151,,207,,96,,59939269,,43200,,15,,,missing_in_compile_info,6.0718972235918045e-05,,,not_collected,182321997456,171755279504,820209679104,,820264537416,,54858312,,15884865313304,,,
success,efficient_controlled_pf_one_step,linear_extrapolation_from_efficient_controlled_pf_one_step,H8,17,16,1,2nd,0.12786270255707444,0.12786270255707444,0.12786270255707444,0,1,588aec71ef5f4f6bb8a24d799e1f5b6d3f95b2091f4d6242f6fc244f42fda214,643c0dbe014bd7b1929187005884172c23d04dab7a4d21877c283c0b505b69a9,1e-05,224387,1220,69482,687966,648094,0.02924238861618082,2.0,0.00015936001019904,265015.0460011945,265016,cheap_p4_center,factory_center_block,/home/abe/Project/Evaluation_grouped_surface_code/configs/topologies/tutorial_factory_center_block.yaml,56d65fdff20bf18821c6b07e16fc8c1dcf7cb687b5868a60cc4cf1d178478bcc,,,disabled,Dim2,4,10000,fixed,100,10,1,ftqc_compile_topology_qec,/home/abe/Project/Evaluation_grouped_surface_code/build/quration/qret,d519cdb25446cf243053e84ffa559b7e6bd7dbd66365e1488d632208616dbbf5,f49b3b852d0c1eb8,False,3094196,,3094496,,300,,96,,59908115,,43200,,15,,,missing_in_compile_info,22.84446315607056,,,not_collected,182321997456,171755279504,820011447136,,820090951936,,79504800,,15876609004840,,,
success,efficient_controlled_pf_one_step,linear_extrapolation_from_efficient_controlled_pf_one_step,H8,17,16,1,2nd,0.12786270255707444,0.12786270255707444,0.12786270255707444,0,1,588aec71ef5f4f6bb8a24d799e1f5b6d3f95b2091f4d6242f6fc244f42fda214,643c0dbe014bd7b1929187005884172c23d04dab7a4d21877c283c0b505b69a9,1e-05,224387,1220,69482,687966,648094,0.02924238861618082,2.0,0.00015936001019904,265015.0460011945,265016,cheap_p2_center,factory_center_block,/home/abe/Project/Evaluation_grouped_surface_code/configs/topologies/tutorial_factory_center_block.yaml,56d65fdff20bf18821c6b07e16fc8c1dcf7cb687b5868a60cc4cf1d178478bcc,,,disabled,Dim2,2,10000,fixed,100,10,1,ftqc_compile_topology_qec,/home/abe/Project/Evaluation_grouped_surface_code/build/quration/qret,d519cdb25446cf243053e84ffa559b7e6bd7dbd66365e1488d632208616dbbf5,4155b067e924898a,False,3093975,,3094207,,232,,96,,59904588,,43200,,15,,,missing_in_compile_info,22.859201420098543,,,not_collected,182321997456,171755279504,819952878600,,820014362312,,61483712,,15875674293408,,,
success,efficient_controlled_pf_one_step,linear_extrapolation_from_efficient_controlled_pf_one_step,H8,17,16,1,2nd,0.12786270255707444,0.12786270255707444,0.12786270255707444,0,1,588aec71ef5f4f6bb8a24d799e1f5b6d3f95b2091f4d6242f6fc244f42fda214,643c0dbe014bd7b1929187005884172c23d04dab7a4d21877c283c0b505b69a9,1e-05,224387,1220,69482,687966,648094,0.02924238861618082,2.0,0.00015936001019904,265015.0460011945,265016,cheap_p1_center,factory_center_block,/home/abe/Project/Evaluation_grouped_surface_code/configs/topologies/tutorial_factory_center_block.yaml,56d65fdff20bf18821c6b07e16fc8c1dcf7cb687b5868a60cc4cf1d178478bcc,,,disabled,Dim2,1,10000,fixed,100,10,1,ftqc_compile_topology_qec,/home/abe/Project/Evaluation_grouped_surface_code/build/quration/qret,d519cdb25446cf243053e84ffa559b7e6bd7dbd66365e1488d632208616dbbf5,167cc39825d01ee6,False,3093890,,3094163,,273,,96,,59903663,,43200,,15,,,missing_in_compile_info,22.790504521224648,,,not_collected,182321997456,171755279504,819930352240,,820002701608,,72349368,,15875429153608,,,
success,efficient_controlled_pf_one_step,linear_extrapolation_from_efficient_controlled_pf_one_step,H8,17,16,1,2nd,0.12786270255707444,0.12786270255707444,0.12786270255707444,0,1,588aec71ef5f4f6bb8a24d799e1f5b6d3f95b2091f4d6242f6fc244f42fda214,643c0dbe014bd7b1929187005884172c23d04dab7a4d21877c283c0b505b69a9,1e-05,224387,1220,69482,687966,648094,0.02924238861618082,2.0,0.00015936001019904,265015.0460011945,265016,cheap_p1_large_stock_center,factory_center_block,/home/abe/Project/Evaluation_grouped_surface_code/configs/topologies/tutorial_factory_center_block.yaml,56d65fdff20bf18821c6b07e16fc8c1dcf7cb687b5868a60cc4cf1d178478bcc,,,disabled,Dim2,1,1000000,fixed,100,10,1,ftqc_compile_topology_qec,/home/abe/Project/Evaluation_grouped_surface_code/build/quration/qret,d519cdb25446cf243053e84ffa559b7e6bd7dbd66365e1488d632208616dbbf5,3f72ac45b02a5f6c,False,3093890,,3094163,,273,,96,,59903663,,43200,,15,,,missing_in_compile_info,22.818349291104823,,,not_collected,182321997456,171755279504,819930352240,,820002701608,,72349368,,15875429153608,,,
success,efficient_controlled_pf_one_step,linear_extrapolation_from_efficient_controlled_pf_one_step,H8,17,16,1,4th(new_2),1.570180783432868,1.570180783432868,1.570180783432868,0,1,84341d2c0c94b052250217cdf601ba41a3cf8d093ea75f3168358ff004052d5a,95fb730857b83261f8595bc25ac7d9800034bad25da93d2ad730dc48c10be872,1e-05,1120835,6016,346422,3431158,3230886,0.00013108431270543504,4.0,0.00015936001019904,13404.396150103146,13405,normal_p15_center,factory_center_block,/home/abe/Project/Evaluation_grouped_surface_code/configs/topologies/tutorial_factory_center_block.yaml,56d65fdff20bf18821c6b07e16fc8c1dcf7cb687b5868a60cc4cf1d178478bcc,,,disabled,Dim2,15,10000,fixed,100,10,1,ftqc_compile_topology_qec,/home/abe/Project/Evaluation_grouped_surface_code/build/quration/qret,d519cdb25446cf243053e84ffa559b7e6bd7dbd66365e1488d632208616dbbf5,08b849e7acb1ddf1,True,15449240,,15450306,,1066,,96,,300244501,,55488,,17,,,missing_in_compile_info,0.0001306319609284401,,,not_collected,45994672990,43310026830,207097062200,,207111351930,,14289730,,4024777535905,,,
success,efficient_controlled_pf_one_step,linear_extrapolation_from_efficient_controlled_pf_one_step,H8,17,16,1,4th(new_2),1.570180783432868,1.570180783432868,1.570180783432868,0,1,84341d2c0c94b052250217cdf601ba41a3cf8d093ea75f3168358ff004052d5a,95fb730857b83261f8595bc25ac7d9800034bad25da93d2ad730dc48c10be872,1e-05,1120835,6016,346422,3431158,3230886,0.00013108431270543504,4.0,0.00015936001019904,13404.396150103146,13405,fast_p8_center,factory_center_block,/home/abe/Project/Evaluation_grouped_surface_code/configs/topologies/tutorial_factory_center_block.yaml,56d65fdff20bf18821c6b07e16fc8c1dcf7cb687b5868a60cc4cf1d178478bcc,,,disabled,Dim2,8,10000,fixed,100,10,1,ftqc_compile_topology_qec,/home/abe/Project/Evaluation_grouped_surface_code/build/quration/qret,d519cdb25446cf243053e84ffa559b7e6bd7dbd66365e1488d632208616dbbf5,67498532d61751d3,True,15447491,,15448665,,1174,,96,,299201469,,55488,,17,,,missing_in_compile_info,6.464216858148575e-05,,,not_collected,45994672990,43310026830,207073616855,,207089354325,,15737470,,4010795691945,,,
success,efficient_controlled_pf_one_step,linear_extrapolation_from_efficient_controlled_pf_one_step,H8,17,16,1,4th(new_2),1.570180783432868,1.570180783432868,1.570180783432868,0,1,84341d2c0c94b052250217cdf601ba41a3cf8d093ea75f3168358ff004052d5a,95fb730857b83261f8595bc25ac7d9800034bad25da93d2ad730dc48c10be872,1e-05,1120835,6016,346422,3431158,3230886,0.00013108431270543504,4.0,0.00015936001019904,13404.396150103146,13405,cheap_p4_center,factory_center_block,/home/abe/Project/Evaluation_grouped_surface_code/configs/topologies/tutorial_factory_center_block.yaml,56d65fdff20bf18821c6b07e16fc8c1dcf7cb687b5868a60cc4cf1d178478bcc,,,disabled,Dim2,4,10000,fixed,100,10,1,ftqc_compile_topology_qec,/home/abe/Project/Evaluation_grouped_surface_code/build/quration/qret,d519cdb25446cf243053e84ffa559b7e6bd7dbd66365e1488d632208616dbbf5,a70c1ec968c74b10,False,15446770,,15448056,,1286,,96,,299073406,,55488,,17,,,missing_in_compile_info,121.81484889006242,,,not_collected,45994672990,43310026830,207063951850,,207081190680,,17238830,,4009079007430,,,
success,efficient_controlled_pf_one_step,linear_extrapolation_from_efficient_controlled_pf_one_step,H8,17,16,1,4th(new_2),1.570180783432868,1.570180783432868,1.570180783432868,0,1,84341d2c0c94b052250217cdf601ba41a3cf8d093ea75f3168358ff004052d5a,95fb730857b83261f8595bc25ac7d9800034bad25da93d2ad730dc48c10be872,1e-05,1120835,6016,346422,3431158,3230886,0.00013108431270543504,4.0,0.00015936001019904,13404.396150103146,13405,cheap_p2_center,factory_center_block,/home/abe/Project/Evaluation_grouped_surface_code/configs/topologies/tutorial_factory_center_block.yaml,56d65fdff20bf18821c6b07e16fc8c1dcf7cb687b5868a60cc4cf1d178478bcc,,,disabled,Dim2,2,10000,fixed,100,10,1,ftqc_compile_topology_qec,/home/abe/Project/Evaluation_grouped_surface_code/build/quration/qret,d519cdb25446cf243053e84ffa559b7e6bd7dbd66365e1488d632208616dbbf5,235a37748e257e1c,False,15446548,,15447764,,1216,,96,,299069838,,55488,,17,,,missing_in_compile_info,122.1035838406533,,,not_collected,45994672990,43310026830,207060975940,,207077276420,,16300480,,4009031178390,,,
success,efficient_controlled_pf_one_step,linear_extrapolation_from_efficient_controlled_pf_one_step,H8,17,16,1,4th(new_2),1.570180783432868,1.570180783432868,1.570180783432868,0,1,84341d2c0c94b052250217cdf601ba41a3cf8d093ea75f3168358ff004052d5a,95fb730857b83261f8595bc25ac7d9800034bad25da93d2ad730dc48c10be872,1e-05,1120835,6016,346422,3431158,3230886,0.00013108431270543504,4.0,0.00015936001019904,13404.396150103146,13405,cheap_p1_center,factory_center_block,/home/abe/Project/Evaluation_grouped_surface_code/configs/topologies/tutorial_factory_center_block.yaml,56d65fdff20bf18821c6b07e16fc8c1dcf7cb687b5868a60cc4cf1d178478bcc,,,disabled,Dim2,1,10000,fixed,100,10,1,ftqc_compile_topology_qec,/home/abe/Project/Evaluation_grouped_surface_code/build/quration/qret,d519cdb25446cf243053e84ffa559b7e6bd7dbd66365e1488d632208616dbbf5,3267a0d936035e9f,False,15446470,,15447740,,1270,,96,,299069209,,55488,,17,,,missing_in_compile_info,122.04179911734536,,,not_collected,45994672990,43310026830,207059930350,,207076954700,,17024350,,4009022746645,,,
success,efficient_controlled_pf_one_step,linear_extrapolation_from_efficient_controlled_pf_one_step,H8,17,16,1,4th(new_2),1.570180783432868,1.570180783432868,1.570180783432868,0,1,84341d2c0c94b052250217cdf601ba41a3cf8d093ea75f3168358ff004052d5a,95fb730857b83261f8595bc25ac7d9800034bad25da93d2ad730dc48c10be872,1e-05,1120835,6016,346422,3431158,3230886,0.00013108431270543504,4.0,0.00015936001019904,13404.396150103146,13405,cheap_p1_large_stock_center,factory_center_block,/home/abe/Project/Evaluation_grouped_surface_code/configs/topologies/tutorial_factory_center_block.yaml,56d65fdff20bf18821c6b07e16fc8c1dcf7cb687b5868a60cc4cf1d178478bcc,,,disabled,Dim2,1,1000000,fixed,100,10,1,ftqc_compile_topology_qec,/home/abe/Project/Evaluation_grouped_surface_code/build/quration/qret,d519cdb25446cf243053e84ffa559b7e6bd7dbd66365e1488d632208616dbbf5,5f907a53a848d9f3,False,15446470,,15447740,,1270,,96,,299069209,,55488,,17,,,missing_in_compile_info,122.53839591704309,,,not_collected,45994672990,43310026830,207059930350,,207076954700,,17024350,,4009022746645,,,
success,efficient_controlled_pf_one_step,linear_extrapolation_from_efficient_controlled_pf_one_step,H9,19,18,1,2nd,0.137941130287815,0.137941130287815,0.137941130287815,0,1,0553207e3779dab14d38abb3d8ec50f56bc6c17f7edf5a9c25eb4f99f0379d30,7c97115b1904b9e8e77e056b1ac20cc4c4fb40a807177f4021eafa4a66c718b5,1e-05,374783,2442,116019,1138044,1071832,0.025125403386622065,2.0,0.00015936001019904,245652.18458988817,245653,normal_p15_center,factory_center_block,/home/abe/Project/Evaluation_grouped_surface_code/configs/topologies/tutorial_factory_center_block.yaml,56d65fdff20bf18821c6b07e16fc8c1dcf7cb687b5868a60cc4cf1d178478bcc,,,disabled,Dim2,15,10000,fixed,100,10,1,ftqc_compile_topology_qec,/home/abe/Project/Evaluation_grouped_surface_code/build/quration/qret,d519cdb25446cf243053e84ffa559b7e6bd7dbd66365e1488d632208616dbbf5,b3595669ed60406b,True,5149150,,5149466,,316,,96,,110818767,,55488,,17,,,missing_in_compile_info,7.474701851606369e-05,,,not_collected,279563922732,263298746296,1264904144950,,1264981771298,,77626348,,27222962569851,,,
success,efficient_controlled_pf_one_step,linear_extrapolation_from_efficient_controlled_pf_one_step,H9,19,18,1,2nd,0.137941130287815,0.137941130287815,0.137941130287815,0,1,0553207e3779dab14d38abb3d8ec50f56bc6c17f7edf5a9c25eb4f99f0379d30,7c97115b1904b9e8e77e056b1ac20cc4c4fb40a807177f4021eafa4a66c718b5,1e-05,374783,2442,116019,1138044,1071832,0.025125403386622065,2.0,0.00015936001019904,245652.18458988817,245653,fast_p8_center,factory_center_block,/home/abe/Project/Evaluation_grouped_surface_code/configs/topologies/tutorial_factory_center_block.yaml,56d65fdff20bf18821c6b07e16fc8c1dcf7cb687b5868a60cc4cf1d178478bcc,,,disabled,Dim2,8,10000,fixed,100,10,1,ftqc_compile_topology_qec,/home/abe/Project/Evaluation_grouped_surface_code/build/quration/qret,d519cdb25446cf243053e84ffa559b7e6bd7dbd66365e1488d632208616dbbf5,27003425add5a8f2,True,5147397,,5147843,,446,,96,,110461466,,55488,,17,,,missing_in_compile_info,0.00010477006435394287,,,not_collected,279563922732,263298746296,1264473515241,,1264583076479,,109561238,,27135190507298,,,
success,efficient_controlled_pf_one_step,linear_extrapolation_from_efficient_controlled_pf_one_step,H9,19,18,1,2nd,0.137941130287815,0.137941130287815,0.137941130287815,0,1,0553207e3779dab14d38abb3d8ec50f56bc6c17f7edf5a9c25eb4f99f0379d30,7c97115b1904b9e8e77e056b1ac20cc4c4fb40a807177f4021eafa4a66c718b5,1e-05,374783,2442,116019,1138044,1071832,0.025125403386622065,2.0,0.00015936001019904,245652.18458988817,245653,cheap_p4_center,factory_center_block,/home/abe/Project/Evaluation_grouped_surface_code/configs/topologies/tutorial_factory_center_block.yaml,56d65fdff20bf18821c6b07e16fc8c1dcf7cb687b5868a60cc4cf1d178478bcc,,,disabled,Dim2,4,10000,fixed,100,10,1,ftqc_compile_topology_qec,/home/abe/Project/Evaluation_grouped_surface_code/build/quration/qret,d519cdb25446cf243053e84ffa559b7e6bd7dbd66365e1488d632208616dbbf5,9fb9606a604f25d1,False,5146571,,5147008,,437,,96,,110447710,,55488,,17,,,missing_in_compile_info,39.315235503949225,,,not_collected,279563922732,263298746296,1264270605863,,1264377956224,,107350361,,27131811304630,,,
success,efficient_controlled_pf_one_step,linear_extrapolation_from_efficient_controlled_pf_one_step,H9,19,18,1,2nd,0.137941130287815,0.137941130287815,0.137941130287815,0,1,0553207e3779dab14d38abb3d8ec50f56bc6c17f7edf5a9c25eb4f99f0379d30,7c97115b1904b9e8e77e056b1ac20cc4c4fb40a807177f4021eafa4a66c718b5,1e-05,374783,2442,116019,1138044,1071832,0.025125403386622065,2.0,0.00015936001019904,245652.18458988817,245653,cheap_p2_center,factory_center_block,/home/abe/Project/Evaluation_grouped_surface_code/configs/topologies/tutorial_factory_center_block.yaml,56d65fdff20bf18821c6b07e16fc8c1dcf7cb687b5868a60cc4cf1d178478bcc,,,disabled,Dim2,2,10000,fixed,100,10,1,ftqc_compile_topology_qec,/home/abe/Project/Evaluation_grouped_surface_code/build/quration/qret,d519cdb25446cf243053e84ffa559b7e6bd7dbd66365e1488d632208616dbbf5,52d82e5a633ce80d,False,5146237,,5146616,,379,,96,,110442058,,55488,,17,,,missing_in_compile_info,39.43919788207859,,,not_collected,279563922732,263298746296,1264188557761,,1264281660248,,93102487,,27130422873874,,,
success,efficient_controlled_pf_one_step,linear_extrapolation_from_efficient_controlled_pf_one_step,H9,19,18,1,2nd,0.137941130287815,0.137941130287815,0.137941130287815,0,1,0553207e3779dab14d38abb3d8ec50f56bc6c17f7edf5a9c25eb4f99f0379d30,7c97115b1904b9e8e77e056b1ac20cc4c4fb40a807177f4021eafa4a66c718b5,1e-05,374783,2442,116019,1138044,1071832,0.025125403386622065,2.0,0.00015936001019904,245652.18458988817,245653,cheap_p1_center,factory_center_block,/home/abe/Project/Evaluation_grouped_surface_code/configs/topologies/tutorial_factory_center_block.yaml,56d65fdff20bf18821c6b07e16fc8c1dcf7cb687b5868a60cc4cf1d178478bcc,,,disabled,Dim2,1,10000,fixed,100,10,1,ftqc_compile_topology_qec,/home/abe/Project/Evaluation_grouped_surface_code/build/quration/qret,d519cdb25446cf243053e84ffa559b7e6bd7dbd66365e1488d632208616dbbf5,464d0fec5b8b8451,False,5146045,,5146548,,503,,96,,110440509,,55488,,17,,,missing_in_compile_info,39.155208324082196,,,not_collected,279563922732,263298746296,1264141392385,,1264264955844,,123563459,,27130042357377,,,
success,efficient_controlled_pf_one_step,linear_extrapolation_from_efficient_controlled_pf_one_step,H9,19,18,1,2nd,0.137941130287815,0.137941130287815,0.137941130287815,0,1,0553207e3779dab14d38abb3d8ec50f56bc6c17f7edf5a9c25eb4f99f0379d30,7c97115b1904b9e8e77e056b1ac20cc4c4fb40a807177f4021eafa4a66c718b5,1e-05,374783,2442,116019,1138044,1071832,0.025125403386622065,2.0,0.00015936001019904,245652.18458988817,245653,cheap_p1_large_stock_center,factory_center_block,/home/abe/Project/Evaluation_grouped_surface_code/configs/topologies/tutorial_factory_center_block.yaml,56d65fdff20bf18821c6b07e16fc8c1dcf7cb687b5868a60cc4cf1d178478bcc,,,disabled,Dim2,1,1000000,fixed,100,10,1,ftqc_compile_topology_qec,/home/abe/Project/Evaluation_grouped_surface_code/build/quration/qret,d519cdb25446cf243053e84ffa559b7e6bd7dbd66365e1488d632208616dbbf5,ec72cd08f8d5df59,False,5146045,,5146548,,503,,96,,110440509,,55488,,17,,,missing_in_compile_info,39.2235713028349,,,not_collected,279563922732,263298746296,1264141392385,,1264264955844,,123563459,,27130042357377,,,
success,efficient_controlled_pf_one_step,linear_extrapolation_from_efficient_controlled_pf_one_step,H9,19,18,1,4th(new_2),1.6291407813562553,1.6291407813562553,1.6291407813562553,0,1,4f1f0eafe22fb58290d18bbb3f0b026e8100ce2524ea153aa8396abedbe50f7b,5f9e5390360d60bd30f8b3ddcae8d0118e92f767dd1589ee8b6c8c6d34cc3cf0,1e-05,1872535,12118,578843,5654008,5328946,0.00011311361758539783,4.0,0.00015936001019904,12919.279591596522,12920,normal_p15_center,factory_center_block,/home/abe/Project/Evaluation_grouped_surface_code/configs/topologies/tutorial_factory_center_block.yaml,56d65fdff20bf18821c6b07e16fc8c1dcf7cb687b5868a60cc4cf1d178478bcc,,,disabled,Dim2,15,10000,fixed,100,10,1,ftqc_compile_topology_qec,/home/abe/Project/Evaluation_grouped_surface_code/build/quration/qret,d519cdb25446cf243053e84ffa559b7e6bd7dbd66365e1488d632208616dbbf5,47f8dc68cb994b6b,True,25648773,,25649757,,984,,96,,552018770,,55488,,17,,,missing_in_compile_info,6.389105692505836e-05,,,not_collected,73049783360,68849982320,331382147160,,331394860440,,12713280,,7132082508400,,,
success,efficient_controlled_pf_one_step,linear_extrapolation_from_efficient_controlled_pf_one_step,H9,19,18,1,4th(new_2),1.6291407813562553,1.6291407813562553,1.6291407813562553,0,1,4f1f0eafe22fb58290d18bbb3f0b026e8100ce2524ea153aa8396abedbe50f7b,5f9e5390360d60bd30f8b3ddcae8d0118e92f767dd1589ee8b6c8c6d34cc3cf0,1e-05,1872535,12118,578843,5654008,5328946,0.00011311361758539783,4.0,0.00015936001019904,12919.279591596522,12920,fast_p8_center,factory_center_block,/home/abe/Project/Evaluation_grouped_surface_code/configs/topologies/tutorial_factory_center_block.yaml,56d65fdff20bf18821c6b07e16fc8c1dcf7cb687b5868a60cc4cf1d178478bcc,,,disabled,Dim2,8,10000,fixed,100,10,1,ftqc_compile_topology_qec,/home/abe/Project/Evaluation_grouped_surface_code/build/quration/qret,d519cdb25446cf243053e84ffa559b7e6bd7dbd66365e1488d632208616dbbf5,e766543bd1c15cce,True,25647035,,25648125,,1090,,96,,550330152,,55488,,17,,,missing_in_compile_info,6.629433482885361e-05,,,not_collected,73049783360,68849982320,331359692200,,331373775000,,14082800,,7110265563840,,,
success,efficient_controlled_pf_one_step,linear_extrapolation_from_efficient_controlled_pf_one_step,H9,19,18,1,4th(new_2),1.6291407813562553,1.6291407813562553,1.6291407813562553,0,1,4f1f0eafe22fb58290d18bbb3f0b026e8100ce2524ea153aa8396abedbe50f7b,5f9e5390360d60bd30f8b3ddcae8d0118e92f767dd1589ee8b6c8c6d34cc3cf0,1e-05,1872535,12118,578843,5654008,5328946,0.00011311361758539783,4.0,0.00015936001019904,12919.279591596522,12920,cheap_p4_center,factory_center_block,/home/abe/Project/Evaluation_grouped_surface_code/configs/topologies/tutorial_factory_center_block.yaml,56d65fdff20bf18821c6b07e16fc8c1dcf7cb687b5868a60cc4cf1d178478bcc,,,disabled,Dim2,4,10000,fixed,100,10,1,ftqc_compile_topology_qec,/home/abe/Project/Evaluation_grouped_surface_code/build/quration/qret,d519cdb25446cf243053e84ffa559b7e6bd7dbd66365e1488d632208616dbbf5,79d5e0c861e229e0,False,25646226,,25647303,,1077,,96,,550312317,,55488,,17,,,missing_in_compile_info,206.54685319727287,,,not_collected,73049783360,68849982320,331349239920,,331363154760,,13914840,,7110035135640,,,
success,efficient_controlled_pf_one_step,linear_extrapolation_from_efficient_controlled_pf_one_step,H9,19,18,1,4th(new_2),1.6291407813562553,1.6291407813562553,1.6291407813562553,0,1,4f1f0eafe22fb58290d18bbb3f0b026e8100ce2524ea153aa8396abedbe50f7b,5f9e5390360d60bd30f8b3ddcae8d0118e92f767dd1589ee8b6c8c6d34cc3cf0,1e-05,1872535,12118,578843,5654008,5328946,0.00011311361758539783,4.0,0.00015936001019904,12919.279591596522,12920,cheap_p2_center,factory_center_block,/home/abe/Project/Evaluation_grouped_surface_code/configs/topologies/tutorial_factory_center_block.yaml,56d65fdff20bf18821c6b07e16fc8c1dcf7cb687b5868a60cc4cf1d178478bcc,,,disabled,Dim2,2,10000,fixed,100,10,1,ftqc_compile_topology_qec,/home/abe/Project/Evaluation_grouped_surface_code/build/quration/qret,d519cdb25446cf243053e84ffa559b7e6bd7dbd66365e1488d632208616dbbf5,8714c43f3334a2e9,False,25645886,,25646900,,1014,,96,,550306299,,55488,,17,,,missing_in_compile_info,207.83588418690488,,,not_collected,73049783360,68849982320,331344847120,,331357948000,,13100880,,7109957383080,,,
success,efficient_controlled_pf_one_step,linear_extrapolation_from_efficient_controlled_pf_one_step,H9,19,18,1,4th(new_2),1.6291407813562553,1.6291407813562553,1.6291407813562553,0,1,4f1f0eafe22fb58290d18bbb3f0b026e8100ce2524ea153aa8396abedbe50f7b,5f9e5390360d60bd30f8b3ddcae8d0118e92f767dd1589ee8b6c8c6d34cc3cf0,1e-05,1872535,12118,578843,5654008,5328946,0.00011311361758539783,4.0,0.00015936001019904,12919.279591596522,12920,cheap_p1_center,factory_center_block,/home/abe/Project/Evaluation_grouped_surface_code/configs/topologies/tutorial_factory_center_block.yaml,56d65fdff20bf18821c6b07e16fc8c1dcf7cb687b5868a60cc4cf1d178478bcc,,,disabled,Dim2,1,10000,fixed,100,10,1,ftqc_compile_topology_qec,/home/abe/Project/Evaluation_grouped_surface_code/build/quration/qret,d519cdb25446cf243053e84ffa559b7e6bd7dbd66365e1488d632208616dbbf5,ee53d0c48485bfb9,False,25645685,,25646862,,1177,,96,,550305406,,55488,,17,,,missing_in_compile_info,208.5632720780559,,,not_collected,73049783360,68849982320,331342250200,,331357457040,,15206840,,7109945845520,,,
success,efficient_controlled_pf_one_step,linear_extrapolation_from_efficient_controlled_pf_one_step,H9,19,18,1,4th(new_2),1.6291407813562553,1.6291407813562553,1.6291407813562553,0,1,4f1f0eafe22fb58290d18bbb3f0b026e8100ce2524ea153aa8396abedbe50f7b,5f9e5390360d60bd30f8b3ddcae8d0118e92f767dd1589ee8b6c8c6d34cc3cf0,1e-05,1872535,12118,578843,5654008,5328946,0.00011311361758539783,4.0,0.00015936001019904,12919.279591596522,12920,cheap_p1_large_stock_center,factory_center_block,/home/abe/Project/Evaluation_grouped_surface_code/configs/topologies/tutorial_factory_center_block.yaml,56d65fdff20bf18821c6b07e16fc8c1dcf7cb687b5868a60cc4cf1d178478bcc,,,disabled,Dim2,1,1000000,fixed,100,10,1,ftqc_compile_topology_qec,/home/abe/Project/Evaluation_grouped_surface_code/build/quration/qret,d519cdb25446cf243053e84ffa559b7e6bd7dbd66365e1488d632208616dbbf5,a87767125886c8b6,False,25645685,,25646862,,1177,,96,,550305406,,55488,,17,,,missing_in_compile_info,208.19878302840516,,,not_collected,73049783360,68849982320,331342250200,,331357457040,,15206840,,7109945845520,,,
success,efficient_controlled_pf_one_step,linear_extrapolation_from_efficient_controlled_pf_one_step,H10,21,20,1,2nd,0.10761743577801429,0.10761743577801429,0.10761743577801429,0,1,eae1ee0bf399f1b89b9085a88b666977385f7bdb2b91d6fd445e8f31b642c2db,c3f5c37bb5a05b7bdd152a667ad322be5ee5a75d38c09665e9b53274adb02de7,1e-05,587419,3172,179166,1685146,1588436,0.041279585138894,2.0,0.00015936001019904,314870.35307082447,314871,normal_p15_center,factory_center_block,/home/abe/Project/Evaluation_grouped_surface_code/configs/topologies/tutorial_factory_center_block.yaml,56d65fdff20bf18821c6b07e16fc8c1dcf7cb687b5868a60cc4cf1d178478bcc,,,disabled,Dim2,15,10000,fixed,100,10,1,ftqc_compile_topology_qec,/home/abe/Project/Evaluation_grouped_surface_code/build/quration/qret,d519cdb25446cf243053e84ffa559b7e6bd7dbd66365e1488d632208616dbbf5,b54647834202ea99,True,7692122,,7692553,,431,,96,,181131557,,55488,,17,,,missing_in_compile_info,7.280334830284119e-05,,,not_collected,530603606166,500152431756,2422026146262,,2422161855663,,135709401,,57033074484147,,,
success,efficient_controlled_pf_one_step,linear_extrapolation_from_efficient_controlled_pf_one_step,H10,21,20,1,2nd,0.10761743577801429,0.10761743577801429,0.10761743577801429,0,1,eae1ee0bf399f1b89b9085a88b666977385f7bdb2b91d6fd445e8f31b642c2db,c3f5c37bb5a05b7bdd152a667ad322be5ee5a75d38c09665e9b53274adb02de7,1e-05,587419,3172,179166,1685146,1588436,0.041279585138894,2.0,0.00015936001019904,314870.35307082447,314871,fast_p8_center,factory_center_block,/home/abe/Project/Evaluation_grouped_surface_code/configs/topologies/tutorial_factory_center_block.yaml,56d65fdff20bf18821c6b07e16fc8c1dcf7cb687b5868a60cc4cf1d178478bcc,,,disabled,Dim2,8,10000,fixed,100,10,1,ftqc_compile_topology_qec,/home/abe/Project/Evaluation_grouped_surface_code/build/quration/qret,d519cdb25446cf243053e84ffa559b7e6bd7dbd66365e1488d632208616dbbf5,9149158c934c81da,True,7690136,,7690649,,513,,96,,180643193,,55488,,17,,,missing_in_compile_info,0.00011655595153570175,,,not_collected,530603606166,500152431756,2421400812456,,2421562341279,,161528823,,56879302823103,,,
success,efficient_controlled_pf_one_step,linear_extrapolation_from_efficient_controlled_pf_one_step,H10,21,20,1,2nd,0.10761743577801429,0.10761743577801429,0.10761743577801429,0,1,eae1ee0bf399f1b89b9085a88b666977385f7bdb2b91d6fd445e8f31b642c2db,c3f5c37bb5a05b7bdd152a667ad322be5ee5a75d38c09665e9b53274adb02de7,1e-05,587419,3172,179166,1685146,1588436,0.041279585138894,2.0,0.00015936001019904,314870.35307082447,314871,cheap_p4_center,factory_center_block,/home/abe/Project/Evaluation_grouped_surface_code/configs/topologies/tutorial_factory_center_block.yaml,56d65fdff20bf18821c6b07e16fc8c1dcf7cb687b5868a60cc4cf1d178478bcc,,,disabled,Dim2,4,10000,fixed,100,10,1,ftqc_compile_topology_qec,/home/abe/Project/Evaluation_grouped_surface_code/build/quration/qret,d519cdb25446cf243053e84ffa559b7e6bd7dbd66365e1488d632208616dbbf5,63640a4cf11cde72,False,7689230,,7689779,,549,,96,,180630416,,55488,,17,,,missing_in_compile_info,60.82634909497574,,,not_collected,530603606166,500152431756,2421115539330,,2421288403509,,172864179,,56875279716336,,,
success,efficient_controlled_pf_one_step,linear_extrapolation_from_efficient_controlled_pf_one_step,H10,21,20,1,2nd,0.10761743577801429,0.10761743577801429,0.10761743577801429,0,1,eae1ee0bf399f1b89b9085a88b666977385f7bdb2b91d6fd445e8f31b642c2db,c3f5c37bb5a05b7bdd152a667ad322be5ee5a75d38c09665e9b53274adb02de7,1e-05,587419,3172,179166,1685146,1588436,0.041279585138894,2.0,0.00015936001019904,314870.35307082447,314871,cheap_p2_center,factory_center_block,/home/abe/Project/Evaluation_grouped_surface_code/configs/topologies/tutorial_factory_center_block.yaml,56d65fdff20bf18821c6b07e16fc8c1dcf7cb687b5868a60cc4cf1d178478bcc,,,disabled,Dim2,2,10000,fixed,100,10,1,ftqc_compile_topology_qec,/home/abe/Project/Evaluation_grouped_surface_code/build/quration/qret,d519cdb25446cf243053e84ffa559b7e6bd7dbd66365e1488d632208616dbbf5,84a62e6b96039f0f,False,7688870,,7689367,,497,,96,,180622026,,55488,,17,,,missing_in_compile_info,60.17324241809547,,,not_collected,530603606166,500152431756,2421002185770,,2421158676657,,156490887,,56872637948646,,,
success,efficient_controlled_pf_one_step,linear_extrapolation_from_efficient_controlled_pf_one_step,H10,21,20,1,2nd,0.10761743577801429,0.10761743577801429,0.10761743577801429,0,1,eae1ee0bf399f1b89b9085a88b666977385f7bdb2b91d6fd445e8f31b642c2db,c3f5c37bb5a05b7bdd152a667ad322be5ee5a75d38c09665e9b53274adb02de7,1e-05,587419,3172,179166,1685146,1588436,0.041279585138894,2.0,0.00015936001019904,314870.35307082447,314871,cheap_p1_center,factory_center_block,/home/abe/Project/Evaluation_grouped_surface_code/configs/topologies/tutorial_factory_center_block.yaml,56d65fdff20bf18821c6b07e16fc8c1dcf7cb687b5868a60cc4cf1d178478bcc,,,disabled,Dim2,1,10000,fixed,100,10,1,ftqc_compile_topology_qec,/home/abe/Project/Evaluation_grouped_surface_code/build/quration/qret,d519cdb25446cf243053e84ffa559b7e6bd7dbd66365e1488d632208616dbbf5,b8e8de95dd1f4629,False,7688710,,7689296,,586,,96,,180620542,,55488,,17,,,missing_in_compile_info,60.22491660295054,,,not_collected,530603606166,500152431756,2420951806410,,2421136320816,,184514406,,56872170680082,,,
success,efficient_controlled_pf_one_step,linear_extrapolation_from_efficient_controlled_pf_one_step,H10,21,20,1,2nd,0.10761743577801429,0.10761743577801429,0.10761743577801429,0,1,eae1ee0bf399f1b89b9085a88b666977385f7bdb2b91d6fd445e8f31b642c2db,c3f5c37bb5a05b7bdd152a667ad322be5ee5a75d38c09665e9b53274adb02de7,1e-05,587419,3172,179166,1685146,1588436,0.041279585138894,2.0,0.00015936001019904,314870.35307082447,314871,cheap_p1_large_stock_center,factory_center_block,/home/abe/Project/Evaluation_grouped_surface_code/configs/topologies/tutorial_factory_center_block.yaml,56d65fdff20bf18821c6b07e16fc8c1dcf7cb687b5868a60cc4cf1d178478bcc,,,disabled,Dim2,1,1000000,fixed,100,10,1,ftqc_compile_topology_qec,/home/abe/Project/Evaluation_grouped_surface_code/build/quration/qret,d519cdb25446cf243053e84ffa559b7e6bd7dbd66365e1488d632208616dbbf5,17c93a9eefb9fd4d,False,7688710,,7689296,,586,,96,,180620542,,55488,,17,,,missing_in_compile_info,60.47766581829637,,,not_collected,530603606166,500152431756,2420951806410,,2421136320816,,184514406,,56872170680082,,,
success,efficient_controlled_pf_one_step,linear_extrapolation_from_efficient_controlled_pf_one_step,H10,21,20,1,4th(new_2),1.5206216228947442,1.5206216228947442,1.5206216228947442,0,1,6569184321f1e2d6b280cf45fe4670c379f1c5da0928d53cc34e22ec8911b796,a460119c5002bbe170abcc93dac9bf4bfd904b377d2ea591b87d655b609c3d02,1e-05,2935403,15756,894282,8812086,8292296,0.00014902691325752607,4.0,0.00015936001019904,13841.263948586078,13842,normal_p15_center,factory_center_block,/home/abe/Project/Evaluation_grouped_surface_code/configs/topologies/tutorial_factory_center_block.yaml,56d65fdff20bf18821c6b07e16fc8c1dcf7cb687b5868a60cc4cf1d178478bcc,,,disabled,Dim2,15,10000,fixed,100,10,1,ftqc_compile_topology_qec,/home/abe/Project/Evaluation_grouped_surface_code/build/quration/qret,d519cdb25446cf243053e84ffa559b7e6bd7dbd66365e1488d632208616dbbf5,a1e9ca136dd231f4,True,39983076,,39984728,,1652,,96,,940529879,,55488,,17,,,missing_in_compile_info,0.00011370889842510223,,,not_collected,121976894412,114781961232,553445737992,,553468604976,,22866984,,13018814585118,,,
success,efficient_controlled_pf_one_step,linear_extrapolation_from_efficient_controlled_pf_one_step,H10,21,20,1,4th(new_2),1.5206216228947442,1.5206216228947442,1.5206216228947442,0,1,6569184321f1e2d6b280cf45fe4670c379f1c5da0928d53cc34e22ec8911b796,a460119c5002bbe170abcc93dac9bf4bfd904b377d2ea591b87d655b609c3d02,1e-05,2935403,15756,894282,8812086,8292296,0.00014902691325752607,4.0,0.00015936001019904,13841.263948586078,13842,fast_p8_center,factory_center_block,/home/abe/Project/Evaluation_grouped_surface_code/configs/topologies/tutorial_factory_center_block.yaml,56d65fdff20bf18821c6b07e16fc8c1dcf7cb687b5868a60cc4cf1d178478bcc,,,disabled,Dim2,8,10000,fixed,100,10,1,ftqc_compile_topology_qec,/home/abe/Project/Evaluation_grouped_surface_code/build/quration/qret,d519cdb25446cf243053e84ffa559b7e6bd7dbd66365e1488d632208616dbbf5,b3768e7557fb115f,True,39981087,,39982793,,1706,,96,,938033079,,55488,,17,,,missing_in_compile_info,0.00010962085798382759,,,not_collected,121976894412,114781961232,553418206254,,553441820706,,23614452,,12984253879518,,,
success,efficient_controlled_pf_one_step,linear_extrapolation_from_efficient_controlled_pf_one_step,H10,21,20,1,4th(new_2),1.5206216228947442,1.5206216228947442,1.5206216228947442,0,1,6569184321f1e2d6b280cf45fe4670c379f1c5da0928d53cc34e22ec8911b796,a460119c5002bbe170abcc93dac9bf4bfd904b377d2ea591b87d655b609c3d02,1e-05,2935403,15756,894282,8812086,8292296,0.00014902691325752607,4.0,0.00015936001019904,13841.263948586078,13842,cheap_p4_center,factory_center_block,/home/abe/Project/Evaluation_grouped_surface_code/configs/topologies/tutorial_factory_center_block.yaml,56d65fdff20bf18821c6b07e16fc8c1dcf7cb687b5868a60cc4cf1d178478bcc,,,disabled,Dim2,4,10000,fixed,100,10,1,ftqc_compile_topology_qec,/home/abe/Project/Evaluation_grouped_surface_code/build/quration/qret,d519cdb25446cf243053e84ffa559b7e6bd7dbd66365e1488d632208616dbbf5,fcd1fcfdf5471efc,False,39980192,,39981917,,1725,,96,,938020067,,55488,,17,,,missing_in_compile_info,328.86848263675347,,,not_collected,121976894412,114781961232,553405817664,,553429695114,,23877450,,12984073767414,,,
success,efficient_controlled_pf_one_step,linear_extrapolation_from_efficient_controlled_pf_one_step,H10,21,20,1,4th(new_2),1.5206216228947442,1.5206216228947442,1.5206216228947442,0,1,6569184321f1e2d6b280cf45fe4670c379f1c5da0928d53cc34e22ec8911b796,a460119c5002bbe170abcc93dac9bf4bfd904b377d2ea591b87d655b609c3d02,1e-05,2935403,15756,894282,8812086,8292296,0.00014902691325752607,4.0,0.00015936001019904,13841.263948586078,13842,cheap_p2_center,factory_center_block,/home/abe/Project/Evaluation_grouped_surface_code/configs/topologies/tutorial_factory_center_block.yaml,56d65fdff20bf18821c6b07e16fc8c1dcf7cb687b5868a60cc4cf1d178478bcc,,,disabled,Dim2,2,10000,fixed,100,10,1,ftqc_compile_topology_qec,/home/abe/Project/Evaluation_grouped_surface_code/build/quration/qret,d519cdb25446cf243053e84ffa559b7e6bd7dbd66365e1488d632208616dbbf5,0e0019826c5d48c8,False,39979829,,39981504,,1675,,96,,938011882,,55488,,17,,,missing_in_compile_info,327.0166208767332,,,not_collected,121976894412,114781961232,553400793018,,553423978368,,23185350,,12983960470644,,,
success,efficient_controlled_pf_one_step,linear_extrapolation_from_efficient_controlled_pf_one_step,H10,21,20,1,4th(new_2),1.5206216228947442,1.5206216228947442,1.5206216228947442,0,1,6569184321f1e2d6b280cf45fe4670c379f1c5da0928d53cc34e22ec8911b796,a460119c5002bbe170abcc93dac9bf4bfd904b377d2ea591b87d655b609c3d02,1e-05,2935403,15756,894282,8812086,8292296,0.00014902691325752607,4.0,0.00015936001019904,13841.263948586078,13842,cheap_p1_center,factory_center_block,/home/abe/Project/Evaluation_grouped_surface_code/configs/topologies/tutorial_factory_center_block.yaml,56d65fdff20bf18821c6b07e16fc8c1dcf7cb687b5868a60cc4cf1d178478bcc,,,disabled,Dim2,1,10000,fixed,100,10,1,ftqc_compile_topology_qec,/home/abe/Project/Evaluation_grouped_surface_code/build/quration/qret,d519cdb25446cf243053e84ffa559b7e6bd7dbd66365e1488d632208616dbbf5,ad9e898309d48c8a,False,39979665,,39981430,,1765,,96,,938010193,,55488,,17,,,missing_in_compile_info,327.37743417173624,,,not_collected,121976894412,114781961232,553398522930,,553422954060,,24431130,,12983937091506,,,
success,efficient_controlled_pf_one_step,linear_extrapolation_from_efficient_controlled_pf_one_step,H10,21,20,1,4th(new_2),1.5206216228947442,1.5206216228947442,1.5206216228947442,0,1,6569184321f1e2d6b280cf45fe4670c379f1c5da0928d53cc34e22ec8911b796,a460119c5002bbe170abcc93dac9bf4bfd904b377d2ea591b87d655b609c3d02,1e-05,2935403,15756,894282,8812086,8292296,0.00014902691325752607,4.0,0.00015936001019904,13841.263948586078,13842,cheap_p1_large_stock_center,factory_center_block,/home/abe/Project/Evaluation_grouped_surface_code/configs/topologies/tutorial_factory_center_block.yaml,56d65fdff20bf18821c6b07e16fc8c1dcf7cb687b5868a60cc4cf1d178478bcc,,,disabled,Dim2,1,1000000,fixed,100,10,1,ftqc_compile_topology_qec,/home/abe/Project/Evaluation_grouped_surface_code/build/quration/qret,d519cdb25446cf243053e84ffa559b7e6bd7dbd66365e1488d632208616dbbf5,391f975c6a1d20e7,False,39979665,,39981430,,1765,,96,,938010193,,55488,,17,,,missing_in_compile_info,327.61054936097935,,,not_collected,121976894412,114781961232,553398522930,,553422954060,,24431130,,12983937091506,,,
