allocate_magic_factory_count,case_name,chip_cell_count,code_distance,compile_info_path,diagnostic_condition,diagnostic_family,diagnostic_patch_sha256,distance_sensitive_path_instruction_count,distance_sensitive_path_latency_added,distance_sensitive_path_latency_denominator,distance_sensitive_path_latency_max,distance_sensitive_path_latency_numerator,elapsed_seconds,estimated_execution_time_sec,factory_count,factory_plus_ban_cell_count,fixed_logical_workload_match,gate_count,gate_depth,gnu_time_max_rss_kb,gnu_time_swaps,machine_type,magic_factory_count,magic_generation_period,magic_state_consumption_count,magic_state_consumption_depth,maximum_magic_state_stock,measurement_feedback_count,measurement_feedback_depth,minimum_initial_free_neighbors,molecule,optimized_ir_hash,path_latency_denominator,path_latency_model,path_latency_numerator,pf_label,physical_qubits,qasm_hash,qret_core_library_hash,qret_executable_hash,qubit_volume,reaction_time,rotation_precision,runtime,runtime_estimation_magic_state_consumption_count,runtime_estimation_magic_state_consumption_depth,runtime_topology_overhead,runtime_without_topology,source_cache_key,source_compile_yaml,state_buffer_width,status,topology_hash,topology_path,usable_non_factory_cell_count,validation_stage,weighted_cnot_distance,weighted_nearest_factory_distance,weighted_nearest_factory_distance_mean,workload_ignored_fields,condition_order,runtime_change_pct_vs_family_reference,physical_runtime_change_pct_vs_family_reference,qubit_volume_change_pct_vs_family_reference,runtime_change_pct_vs_fixed_same_topology,qubit_volume_change_pct_vs_fixed_same_topology,runtime_monotonic_non_decreasing,architecture_metric_monotonic_non_decreasing,physical_runtime_monotonic_non_decreasing
4,h4_p1e-05_placement_compact_latency_fixed,96,13,artifacts/surface_code_fractional_path_latency_sweep_h4_h6_4th_paired/compile_info/h4_p1e-05_placement_compact_latency_fixed.json,compact,placement,be80d0251428081b5970d714b0177a4f6f6dcb7c5a1b3012f6fb426695637d71,199728,0,1,2,0,6.165866526775062,10.583091999999999,4,4,True,1020350,493287,311268,0,Dim2,4,15,184600,173748,10000,184600,173748,2,H4,6bca956b993ce88c16105a9cca48e0bb8b48bef7446d3cd872aa30a622c1cf0b,1,fixed,0,4th(new_2),32448,8690906cc9b138208b404e19cbe63537f4939ef24d3a0bfd4144174f03d90e82,451261a4e8f8be85144eac750777be30d8735581f799bae5d6f193dc8b376b26,1e840f8893e8375d44986dd72d7a6adbcbeeebbe046480c3e359f92905df0d37,8631388,1,1e-05,814084,2769000,2606220,1,814083,50cb40f83797b2c7,artifacts/surface_code_cache/gr/ftqc_compile_topology_qec/H4_sto-3g_singlet_distance_100_charge_0_grouping__4th_new_2_/50cb40f83797b2c7/compile.yaml,256,ok,229992872aa3c6a149057d38799dbbd7a8bd1f918568568fccac1b3a7759ec29,configs/topologies/logical_placement_h4_h7/h4_compact_interaction_aware.yaml,96,screening,68660,25,2.7777777777777777,[],0,0.0,0.0,0.0,0.0,0.0,True,True,True
4,h4_p1e-05_placement_compact_latency_quarter,96,15,artifacts/surface_code_fractional_path_latency_sweep_h4_h6_4th_paired/compile_info/h4_p1e-05_placement_compact_latency_quarter.json,compact,placement,be80d0251428081b5970d714b0177a4f6f6dcb7c5a1b3012f6fb426695637d71,199728,131734,4,6,1,6.353213814087212,14.054414999999999,4,4,True,1020350,493287,321052,0,Dim2,4,15,184600,173748,10000,184600,173748,2,H4,6bca956b993ce88c16105a9cca48e0bb8b48bef7446d3cd872aa30a622c1cf0b,4,quarter,1,4th(new_2),43200,8690906cc9b138208b404e19cbe63537f4939ef24d3a0bfd4144174f03d90e82,451261a4e8f8be85144eac750777be30d8735581f799bae5d6f193dc8b376b26,1e840f8893e8375d44986dd72d7a6adbcbeeebbe046480c3e359f92905df0d37,10038500,1,1e-05,936961,2769000,2606220,67,936894,50cb40f83797b2c7,artifacts/surface_code_cache/gr/ftqc_compile_topology_qec/H4_sto-3g_singlet_distance_100_charge_0_grouping__4th_new_2_/50cb40f83797b2c7/compile.yaml,256,ok,229992872aa3c6a149057d38799dbbd7a8bd1f918568568fccac1b3a7759ec29,configs/topologies/logical_placement_h4_h7/h4_compact_interaction_aware.yaml,96,screening,68660,25,2.7777777777777777,[],0,0.0,0.0,0.0,15.093896944295683,16.302267955049633,True,True,True
4,h4_p1e-05_placement_compact_latency_half,96,15,artifacts/surface_code_fractional_path_latency_sweep_h4_h6_4th_paired/compile_info/h4_p1e-05_placement_compact_latency_half.json,compact,placement,be80d0251428081b5970d714b0177a4f6f6dcb7c5a1b3012f6fb426695637d71,199728,141491,2,10,1,6.3080203998833895,14.180264999999999,4,4,True,1020350,493287,321056,0,Dim2,4,15,184600,173748,10000,184600,173748,2,H4,6bca956b993ce88c16105a9cca48e0bb8b48bef7446d3cd872aa30a622c1cf0b,2,half,1,4th(new_2),43200,8690906cc9b138208b404e19cbe63537f4939ef24d3a0bfd4144174f03d90e82,451261a4e8f8be85144eac750777be30d8735581f799bae5d6f193dc8b376b26,1e840f8893e8375d44986dd72d7a6adbcbeeebbe046480c3e359f92905df0d37,10176065,1,1e-05,945351,2769000,2606220,105,945246,50cb40f83797b2c7,artifacts/surface_code_cache/gr/ftqc_compile_topology_qec/H4_sto-3g_singlet_distance_100_charge_0_grouping__4th_new_2_/50cb40f83797b2c7/compile.yaml,256,ok,229992872aa3c6a149057d38799dbbd7a8bd1f918568568fccac1b3a7759ec29,configs/topologies/logical_placement_h4_h7/h4_compact_interaction_aware.yaml,96,screening,68660,25,2.7777777777777777,[],0,0.0,0.0,0.0,16.12450312252789,17.896044066145556,True,True,True
4,h4_p1e-05_placement_compact_latency_unit,96,15,artifacts/surface_code_fractional_path_latency_sweep_h4_h6_4th_paired/compile_info/h4_p1e-05_placement_compact_latency_unit.json,compact,placement,be80d0251428081b5970d714b0177a4f6f6dcb7c5a1b3012f6fb426695637d71,199728,168758,1,18,1,6.379658166319132,14.536679999999999,4,4,True,1020350,493287,321556,0,Dim2,4,15,184600,173748,10000,184600,173748,2,H4,6bca956b993ce88c16105a9cca48e0bb8b48bef7446d3cd872aa30a622c1cf0b,1,unit,1,4th(new_2),43200,8690906cc9b138208b404e19cbe63537f4939ef24d3a0bfd4144174f03d90e82,451261a4e8f8be85144eac750777be30d8735581f799bae5d6f193dc8b376b26,1e840f8893e8375d44986dd72d7a6adbcbeeebbe046480c3e359f92905df0d37,10535532,1,1e-05,969112,2769000,2606220,123,968989,50cb40f83797b2c7,artifacts/surface_code_cache/gr/ftqc_compile_topology_qec/H4_sto-3g_singlet_distance_100_charge_0_grouping__4th_new_2_/50cb40f83797b2c7/compile.yaml,256,ok,229992872aa3c6a149057d38799dbbd7a8bd1f918568568fccac1b3a7759ec29,configs/topologies/logical_placement_h4_h7/h4_compact_interaction_aware.yaml,96,screening,68660,25,2.7777777777777777,[],0,0.0,0.0,0.0,19.043243694753855,22.06069290362107,True,True,True
4,h4_p1e-05_placement_intermediate_latency_fixed,96,13,artifacts/surface_code_fractional_path_latency_sweep_h4_h6_4th_paired/compile_info/h4_p1e-05_placement_intermediate_latency_fixed.json,intermediate,placement,be80d0251428081b5970d714b0177a4f6f6dcb7c5a1b3012f6fb426695637d71,199728,0,1,2,0,6.448815601877868,10.583091999999999,4,4,True,1020350,493287,311920,0,Dim2,4,15,184600,173748,10000,184600,173748,2,H4,6bca956b993ce88c16105a9cca48e0bb8b48bef7446d3cd872aa30a622c1cf0b,1,fixed,0,4th(new_2),32448,8690906cc9b138208b404e19cbe63537f4939ef24d3a0bfd4144174f03d90e82,451261a4e8f8be85144eac750777be30d8735581f799bae5d6f193dc8b376b26,1e840f8893e8375d44986dd72d7a6adbcbeeebbe046480c3e359f92905df0d37,8822802,1,1e-05,814084,2769000,2606220,1,814083,50cb40f83797b2c7,artifacts/surface_code_cache/gr/ftqc_compile_topology_qec/H4_sto-3g_singlet_distance_100_charge_0_grouping__4th_new_2_/50cb40f83797b2c7/compile.yaml,256,ok,91ffbbd06a97f7a78ac3baf49570f1d02f18ec9d78f611baf79d82bb9c608db7,configs/topologies/logical_placement_h4_h7/h4_compact_numeric.yaml,96,screening,84156,25,2.7777777777777777,[],1,0.0,0.0,2.2176502782634833,0.0,0.0,True,True,True
4,h4_p1e-05_placement_intermediate_latency_quarter,96,15,artifacts/surface_code_fractional_path_latency_sweep_h4_h6_4th_paired/compile_info/h4_p1e-05_placement_intermediate_latency_quarter.json,intermediate,placement,be80d0251428081b5970d714b0177a4f6f6dcb7c5a1b3012f6fb426695637d71,199728,174903,4,6,1,6.79196626227349,14.678849999999999,4,4,True,1020350,493287,319860,0,Dim2,4,15,184600,173748,10000,184600,173748,2,H4,6bca956b993ce88c16105a9cca48e0bb8b48bef7446d3cd872aa30a622c1cf0b,4,quarter,1,4th(new_2),43200,8690906cc9b138208b404e19cbe63537f4939ef24d3a0bfd4144174f03d90e82,451261a4e8f8be85144eac750777be30d8735581f799bae5d6f193dc8b376b26,1e840f8893e8375d44986dd72d7a6adbcbeeebbe046480c3e359f92905df0d37,10809505,1,1e-05,978590,2769000,2606220,12,978578,50cb40f83797b2c7,artifacts/surface_code_cache/gr/ftqc_compile_topology_qec/H4_sto-3g_singlet_distance_100_charge_0_grouping__4th_new_2_/50cb40f83797b2c7/compile.yaml,256,ok,91ffbbd06a97f7a78ac3baf49570f1d02f18ec9d78f611baf79d82bb9c608db7,configs/topologies/logical_placement_h4_h7/h4_compact_numeric.yaml,96,screening,84156,25,2.7777777777777777,[],1,4.442981084591557,4.442981084591557,7.680480151417046,20.207497015050045,22.517823702719376,True,True,True
4,h4_p1e-05_placement_intermediate_latency_half,96,15,artifacts/surface_code_fractional_path_latency_sweep_h4_h6_4th_paired/compile_info/h4_p1e-05_placement_intermediate_latency_half.json,intermediate,placement,be80d0251428081b5970d714b0177a4f6f6dcb7c5a1b3012f6fb426695637d71,199728,220767,2,9,1,6.848896113224328,15.320205,4,4,True,1020350,493287,323576,0,Dim2,4,15,184600,173748,10000,184600,173748,2,H4,6bca956b993ce88c16105a9cca48e0bb8b48bef7446d3cd872aa30a622c1cf0b,2,half,1,4th(new_2),43200,8690906cc9b138208b404e19cbe63537f4939ef24d3a0bfd4144174f03d90e82,451261a4e8f8be85144eac750777be30d8735581f799bae5d6f193dc8b376b26,1e840f8893e8375d44986dd72d7a6adbcbeeebbe046480c3e359f92905df0d37,11418111,1,1e-05,1021347,2769000,2606220,13,1021334,50cb40f83797b2c7,artifacts/surface_code_cache/gr/ftqc_compile_topology_qec/H4_sto-3g_singlet_distance_100_charge_0_grouping__4th_new_2_/50cb40f83797b2c7/compile.yaml,256,ok,91ffbbd06a97f7a78ac3baf49570f1d02f18ec9d78f611baf79d82bb9c608db7,configs/topologies/logical_placement_h4_h7/h4_compact_numeric.yaml,96,screening,84156,25,2.7777777777777777,[],1,8.038918877750167,8.038918877750167,12.205562759278754,25.45965772573837,29.415927049025914,True,True,True
4,h4_p1e-05_placement_intermediate_latency_unit,96,15,artifacts/surface_code_fractional_path_latency_sweep_h4_h6_4th_paired/compile_info/h4_p1e-05_placement_intermediate_latency_unit.json,intermediate,placement,be80d0251428081b5970d714b0177a4f6f6dcb7c5a1b3012f6fb426695637d71,199728,325419,1,16,1,6.964222644455731,16.805175,4,4,True,1020350,493287,325492,0,Dim2,4,15,184600,173748,10000,184600,173748,2,H4,6bca956b993ce88c16105a9cca48e0bb8b48bef7446d3cd872aa30a622c1cf0b,1,unit,1,4th(new_2),43200,8690906cc9b138208b404e19cbe63537f4939ef24d3a0bfd4144174f03d90e82,451261a4e8f8be85144eac750777be30d8735581f799bae5d6f193dc8b376b26,1e840f8893e8375d44986dd72d7a6adbcbeeebbe046480c3e359f92905df0d37,12747557,1,1e-05,1120345,2769000,2606220,26,1120319,50cb40f83797b2c7,artifacts/surface_code_cache/gr/ftqc_compile_topology_qec/H4_sto-3g_singlet_distance_100_charge_0_grouping__4th_new_2_/50cb40f83797b2c7/compile.yaml,256,ok,91ffbbd06a97f7a78ac3baf49570f1d02f18ec9d78f611baf79d82bb9c608db7,configs/topologies/logical_placement_h4_h7/h4_compact_numeric.yaml,96,screening,84156,25,2.7777777777777777,[],1,15.605317032499855,15.605317032499855,20.995854789297773,37.620319279091596,44.484223946088775,True,True,True
4,h4_p1e-05_placement_perimeter_latency_fixed,96,13,artifacts/surface_code_fractional_path_latency_sweep_h4_h6_4th_paired/compile_info/h4_p1e-05_placement_perimeter_latency_fixed.json,perimeter,placement,be80d0251428081b5970d714b0177a4f6f6dcb7c5a1b3012f6fb426695637d71,199728,0,1,2,0,6.764352957718074,10.583261,4,4,True,1020350,493287,313920,0,Dim2,4,15,184600,173748,10000,184600,173748,2,H4,6bca956b993ce88c16105a9cca48e0bb8b48bef7446d3cd872aa30a622c1cf0b,1,fixed,0,4th(new_2),32448,8690906cc9b138208b404e19cbe63537f4939ef24d3a0bfd4144174f03d90e82,451261a4e8f8be85144eac750777be30d8735581f799bae5d6f193dc8b376b26,1e840f8893e8375d44986dd72d7a6adbcbeeebbe046480c3e359f92905df0d37,9575492,1,1e-05,814097,2769000,2606220,14,814083,50cb40f83797b2c7,artifacts/surface_code_cache/gr/ftqc_compile_topology_qec/H4_sto-3g_singlet_distance_100_charge_0_grouping__4th_new_2_/50cb40f83797b2c7/compile.yaml,256,ok,cac8dbb57c55bcb617166397de939e0e3e90ad0e3a09588e1332ec877f820447,configs/topologies/logical_placement_h4_h7/h4_perimeter_numeric.yaml,96,screening,129672,51,5.666666666666667,[],2,0.0015968868077420595,0.0015968868077420595,10.938032214517523,0.0,0.0,True,True,True
4,h4_p1e-05_placement_perimeter_latency_quarter,96,15,artifacts/surface_code_fractional_path_latency_sweep_h4_h6_4th_paired/compile_info/h4_p1e-05_placement_perimeter_latency_quarter.json,perimeter,placement,be80d0251428081b5970d714b0177a4f6f6dcb7c5a1b3012f6fb426695637d71,199728,325150,4,7,1,7.214366467669606,16.817384999999998,4,4,True,1020350,493287,328040,0,Dim2,4,15,184600,173748,10000,184600,173748,2,H4,6bca956b993ce88c16105a9cca48e0bb8b48bef7446d3cd872aa30a622c1cf0b,4,quarter,1,4th(new_2),43200,8690906cc9b138208b404e19cbe63537f4939ef24d3a0bfd4144174f03d90e82,451261a4e8f8be85144eac750777be30d8735581f799bae5d6f193dc8b376b26,1e840f8893e8375d44986dd72d7a6adbcbeeebbe046480c3e359f92905df0d37,14472677,1,1e-05,1121159,2769000,2606220,167,1120992,50cb40f83797b2c7,artifacts/surface_code_cache/gr/ftqc_compile_topology_qec/H4_sto-3g_singlet_distance_100_charge_0_grouping__4th_new_2_/50cb40f83797b2c7/compile.yaml,256,ok,cac8dbb57c55bcb617166397de939e0e3e90ad0e3a09588e1332ec877f820447,configs/topologies/logical_placement_h4_h7/h4_perimeter_numeric.yaml,96,screening,129672,51,5.666666666666667,[],2,19.65908933242686,19.65908933242686,44.171708920655476,37.71810975841945,51.142907330505835,True,True,True
4,h4_p1e-05_placement_perimeter_latency_half,96,15,artifacts/surface_code_fractional_path_latency_sweep_h4_h6_4th_paired/compile_info/h4_p1e-05_placement_perimeter_latency_half.json,perimeter,placement,be80d0251428081b5970d714b0177a4f6f6dcb7c5a1b3012f6fb426695637d71,199728,548988,2,11,1,7.706527741625905,19.981605,4,4,True,1020350,493287,337428,0,Dim2,4,15,184600,173748,10000,184600,173748,2,H4,6bca956b993ce88c16105a9cca48e0bb8b48bef7446d3cd872aa30a622c1cf0b,2,half,1,4th(new_2),43200,8690906cc9b138208b404e19cbe63537f4939ef24d3a0bfd4144174f03d90e82,451261a4e8f8be85144eac750777be30d8735581f799bae5d6f193dc8b376b26,1e840f8893e8375d44986dd72d7a6adbcbeeebbe046480c3e359f92905df0d37,17825325,1,1e-05,1332107,2769000,2606220,411,1331696,50cb40f83797b2c7,artifacts/surface_code_cache/gr/ftqc_compile_topology_qec/H4_sto-3g_singlet_distance_100_charge_0_grouping__4th_new_2_/50cb40f83797b2c7/compile.yaml,256,ok,cac8dbb57c55bcb617166397de939e0e3e90ad0e3a09588e1332ec877f820447,configs/topologies/logical_placement_h4_h7/h4_perimeter_numeric.yaml,96,screening,129672,51,5.666666666666667,[],2,40.911365196630676,40.911365196630676,75.16913463111723,63.63000969171979,86.15570876149236,True,True,True
4,h4_p1e-05_placement_perimeter_latency_unit,96,15,artifacts/surface_code_fractional_path_latency_sweep_h4_h6_4th_paired/compile_info/h4_p1e-05_placement_perimeter_latency_unit.json,perimeter,placement,be80d0251428081b5970d714b0177a4f6f6dcb7c5a1b3012f6fb426695637d71,199728,991219,1,19,1,8.274802101776004,26.274794999999997,4,4,True,1020350,493287,368620,0,Dim2,4,15,184600,173748,10000,184600,173748,2,H4,6bca956b993ce88c16105a9cca48e0bb8b48bef7446d3cd872aa30a622c1cf0b,1,unit,1,4th(new_2),43200,8690906cc9b138208b404e19cbe63537f4939ef24d3a0bfd4144174f03d90e82,451261a4e8f8be85144eac750777be30d8735581f799bae5d6f193dc8b376b26,1e840f8893e8375d44986dd72d7a6adbcbeeebbe046480c3e359f92905df0d37,24403522,1,1e-05,1751653,2769000,2606220,964,1750689,50cb40f83797b2c7,artifacts/surface_code_cache/gr/ftqc_compile_topology_qec/H4_sto-3g_singlet_distance_100_charge_0_grouping__4th_new_2_/50cb40f83797b2c7/compile.yaml,256,ok,cac8dbb57c55bcb617166397de939e0e3e90ad0e3a09588e1332ec877f820447,configs/topologies/logical_placement_h4_h7/h4_perimeter_numeric.yaml,96,screening,129672,51,5.666666666666667,[],2,80.74825200802384,80.74825200802384,131.6306570944875,115.16514616808564,154.8539751273355,True,True,True
4,h4_p1e-05_routing_remote_latency_fixed,88,13,artifacts/surface_code_fractional_path_latency_sweep_h4_h6_4th_paired/compile_info/h4_p1e-05_routing_remote_latency_fixed.json,remote,routing,be80d0251428081b5970d714b0177a4f6f6dcb7c5a1b3012f6fb426695637d71,199728,0,1,2,0,6.625635985285044,10.583091999999999,4,12,True,1020350,493287,311380,0,Dim2,4,15,184600,173748,10000,184600,173748,2,H4,6bca956b993ce88c16105a9cca48e0bb8b48bef7446d3cd872aa30a622c1cf0b,1,fixed,0,4th(new_2),29744,8690906cc9b138208b404e19cbe63537f4939ef24d3a0bfd4144174f03d90e82,451261a4e8f8be85144eac750777be30d8735581f799bae5d6f193dc8b376b26,1e840f8893e8375d44986dd72d7a6adbcbeeebbe046480c3e359f92905df0d37,8631388,1,1e-05,814084,2769000,2606220,1,814083,50cb40f83797b2c7,artifacts/surface_code_cache/gr/ftqc_compile_topology_qec/H4_sto-3g_singlet_distance_100_charge_0_grouping__4th_new_2_/50cb40f83797b2c7/compile.yaml,256,ok,315a9390da3b3a5dbc285e590ac377395bb16ae7aa603235963466268f5f092b,configs/topologies/routing_capacity_h4_h7_4th/h4_remote_ban_control.yaml,88,screening,71644,25,2.7777777777777777,[],0,0.0,0.0,0.0,0.0,0.0,True,True,True
4,h4_p1e-05_routing_remote_latency_quarter,88,15,artifacts/surface_code_fractional_path_latency_sweep_h4_h6_4th_paired/compile_info/h4_p1e-05_routing_remote_latency_quarter.json,remote,routing,be80d0251428081b5970d714b0177a4f6f6dcb7c5a1b3012f6fb426695637d71,199728,131734,4,6,1,6.841973442584276,14.054414999999999,4,12,True,1020350,493287,320488,0,Dim2,4,15,184600,173748,10000,184600,173748,2,H4,6bca956b993ce88c16105a9cca48e0bb8b48bef7446d3cd872aa30a622c1cf0b,4,quarter,1,4th(new_2),39600,8690906cc9b138208b404e19cbe63537f4939ef24d3a0bfd4144174f03d90e82,451261a4e8f8be85144eac750777be30d8735581f799bae5d6f193dc8b376b26,1e840f8893e8375d44986dd72d7a6adbcbeeebbe046480c3e359f92905df0d37,10038500,1,1e-05,936961,2769000,2606220,67,936894,50cb40f83797b2c7,artifacts/surface_code_cache/gr/ftqc_compile_topology_qec/H4_sto-3g_singlet_distance_100_charge_0_grouping__4th_new_2_/50cb40f83797b2c7/compile.yaml,256,ok,315a9390da3b3a5dbc285e590ac377395bb16ae7aa603235963466268f5f092b,configs/topologies/routing_capacity_h4_h7_4th/h4_remote_ban_control.yaml,88,screening,71644,25,2.7777777777777777,[],0,0.0,0.0,0.0,15.093896944295683,16.302267955049633,True,True,True
4,h4_p1e-05_routing_remote_latency_half,88,15,artifacts/surface_code_fractional_path_latency_sweep_h4_h6_4th_paired/compile_info/h4_p1e-05_routing_remote_latency_half.json,remote,routing,be80d0251428081b5970d714b0177a4f6f6dcb7c5a1b3012f6fb426695637d71,199728,141484,2,10,1,6.943294490687549,14.180264999999999,4,12,True,1020350,493287,320868,0,Dim2,4,15,184600,173748,10000,184600,173748,2,H4,6bca956b993ce88c16105a9cca48e0bb8b48bef7446d3cd872aa30a622c1cf0b,2,half,1,4th(new_2),39600,8690906cc9b138208b404e19cbe63537f4939ef24d3a0bfd4144174f03d90e82,451261a4e8f8be85144eac750777be30d8735581f799bae5d6f193dc8b376b26,1e840f8893e8375d44986dd72d7a6adbcbeeebbe046480c3e359f92905df0d37,10175890,1,1e-05,945351,2769000,2606220,105,945246,50cb40f83797b2c7,artifacts/surface_code_cache/gr/ftqc_compile_topology_qec/H4_sto-3g_singlet_distance_100_charge_0_grouping__4th_new_2_/50cb40f83797b2c7/compile.yaml,256,ok,315a9390da3b3a5dbc285e590ac377395bb16ae7aa603235963466268f5f092b,configs/topologies/routing_capacity_h4_h7_4th/h4_remote_ban_control.yaml,88,screening,71644,25,2.7777777777777777,[],0,0.0,0.0,0.0,16.12450312252789,17.89401658226928,True,True,True
4,h4_p1e-05_routing_remote_latency_unit,88,15,artifacts/surface_code_fractional_path_latency_sweep_h4_h6_4th_paired/compile_info/h4_p1e-05_routing_remote_latency_unit.json,remote,routing,be80d0251428081b5970d714b0177a4f6f6dcb7c5a1b3012f6fb426695637d71,199728,168758,1,18,1,6.926364484243095,14.536679999999999,4,12,True,1020350,493287,322084,0,Dim2,4,15,184600,173748,10000,184600,173748,2,H4,6bca956b993ce88c16105a9cca48e0bb8b48bef7446d3cd872aa30a622c1cf0b,1,unit,1,4th(new_2),39600,8690906cc9b138208b404e19cbe63537f4939ef24d3a0bfd4144174f03d90e82,451261a4e8f8be85144eac750777be30d8735581f799bae5d6f193dc8b376b26,1e840f8893e8375d44986dd72d7a6adbcbeeebbe046480c3e359f92905df0d37,10535532,1,1e-05,969112,2769000,2606220,123,968989,50cb40f83797b2c7,artifacts/surface_code_cache/gr/ftqc_compile_topology_qec/H4_sto-3g_singlet_distance_100_charge_0_grouping__4th_new_2_/50cb40f83797b2c7/compile.yaml,256,ok,315a9390da3b3a5dbc285e590ac377395bb16ae7aa603235963466268f5f092b,configs/topologies/routing_capacity_h4_h7_4th/h4_remote_ban_control.yaml,88,screening,71644,25,2.7777777777777777,[],0,0.0,0.0,0.0,19.043243694753855,22.06069290362107,True,True,True
4,h4_p1e-05_routing_moderate_latency_fixed,88,13,artifacts/surface_code_fractional_path_latency_sweep_h4_h6_4th_paired/compile_info/h4_p1e-05_routing_moderate_latency_fixed.json,moderate,routing,be80d0251428081b5970d714b0177a4f6f6dcb7c5a1b3012f6fb426695637d71,199728,0,1,2,0,6.824774528853595,10.583143999999999,4,12,True,1020350,493287,312132,0,Dim2,4,15,184600,173748,10000,184600,173748,2,H4,6bca956b993ce88c16105a9cca48e0bb8b48bef7446d3cd872aa30a622c1cf0b,1,fixed,0,4th(new_2),29744,8690906cc9b138208b404e19cbe63537f4939ef24d3a0bfd4144174f03d90e82,451261a4e8f8be85144eac750777be30d8735581f799bae5d6f193dc8b376b26,1e840f8893e8375d44986dd72d7a6adbcbeeebbe046480c3e359f92905df0d37,8790245,1,1e-05,814088,2769000,2606220,5,814083,50cb40f83797b2c7,artifacts/surface_code_cache/gr/ftqc_compile_topology_qec/H4_sto-3g_singlet_distance_100_charge_0_grouping__4th_new_2_/50cb40f83797b2c7/compile.yaml,256,ok,ab9500e691637868254c4024a6c426753a550cea731d9b97e4fdfd40f7998d7f,configs/topologies/routing_capacity_h4_h7_4th/h4_moderate_choke.yaml,88,screening,99044,25,2.7777777777777777,[],1,0.0004913497869907246,0.0004913497869907246,1.840457177918542,0.0,0.0,True,True,True
4,h4_p1e-05_routing_moderate_latency_quarter,88,15,artifacts/surface_code_fractional_path_latency_sweep_h4_h6_4th_paired/compile_info/h4_p1e-05_routing_moderate_latency_quarter.json,moderate,routing,be80d0251428081b5970d714b0177a4f6f6dcb7c5a1b3012f6fb426695637d71,199728,140366,4,7,1,7.020714985206723,14.166435,4,12,True,1020350,493287,322444,0,Dim2,4,15,184600,173748,10000,184600,173748,2,H4,6bca956b993ce88c16105a9cca48e0bb8b48bef7446d3cd872aa30a622c1cf0b,4,quarter,1,4th(new_2),39600,8690906cc9b138208b404e19cbe63537f4939ef24d3a0bfd4144174f03d90e82,451261a4e8f8be85144eac750777be30d8735581f799bae5d6f193dc8b376b26,1e840f8893e8375d44986dd72d7a6adbcbeeebbe046480c3e359f92905df0d37,10343903,1,1e-05,944429,2769000,2606220,147,944282,50cb40f83797b2c7,artifacts/surface_code_cache/gr/ftqc_compile_topology_qec/H4_sto-3g_singlet_distance_100_charge_0_grouping__4th_new_2_/50cb40f83797b2c7/compile.yaml,256,ok,ab9500e691637868254c4024a6c426753a550cea731d9b97e4fdfd40f7998d7f,configs/topologies/routing_capacity_h4_h7_4th/h4_moderate_choke.yaml,88,screening,99044,25,2.7777777777777777,[],1,0.7970449143561043,0.7970449143561043,3.042317079244916,16.01067697841019,17.674797460139047,True,True,True
4,h4_p1e-05_routing_moderate_latency_half,88,15,artifacts/surface_code_fractional_path_latency_sweep_h4_h6_4th_paired/compile_info/h4_p1e-05_routing_moderate_latency_half.json,moderate,routing,be80d0251428081b5970d714b0177a4f6f6dcb7c5a1b3012f6fb426695637d71,199728,167097,2,12,1,7.074521327391267,14.524799999999999,4,12,True,1020350,493287,322952,0,Dim2,4,15,184600,173748,10000,184600,173748,2,H4,6bca956b993ce88c16105a9cca48e0bb8b48bef7446d3cd872aa30a622c1cf0b,2,half,1,4th(new_2),39600,8690906cc9b138208b404e19cbe63537f4939ef24d3a0bfd4144174f03d90e82,451261a4e8f8be85144eac750777be30d8735581f799bae5d6f193dc8b376b26,1e840f8893e8375d44986dd72d7a6adbcbeeebbe046480c3e359f92905df0d37,10741276,1,1e-05,968320,2769000,2606220,330,967990,50cb40f83797b2c7,artifacts/surface_code_cache/gr/ftqc_compile_topology_qec/H4_sto-3g_singlet_distance_100_charge_0_grouping__4th_new_2_/50cb40f83797b2c7/compile.yaml,256,ok,ab9500e691637868254c4024a6c426753a550cea731d9b97e4fdfd40f7998d7f,configs/topologies/routing_capacity_h4_h7_4th/h4_moderate_choke.yaml,88,screening,99044,25,2.7777777777777777,[],1,2.42967955817468,2.42967955817468,5.55613317360939,18.94537199909592,22.195410935645143,True,True,True
4,h4_p1e-05_routing_moderate_latency_unit,88,15,artifacts/surface_code_fractional_path_latency_sweep_h4_h6_4th_paired/compile_info/h4_p1e-05_routing_moderate_latency_unit.json,moderate,routing,be80d0251428081b5970d714b0177a4f6f6dcb7c5a1b3012f6fb426695637d71,199728,220189,1,25,1,7.172142054885626,15.23364,4,12,True,1020350,493287,324364,0,Dim2,4,15,184600,173748,10000,184600,173748,2,H4,6bca956b993ce88c16105a9cca48e0bb8b48bef7446d3cd872aa30a622c1cf0b,1,unit,1,4th(new_2),39600,8690906cc9b138208b404e19cbe63537f4939ef24d3a0bfd4144174f03d90e82,451261a4e8f8be85144eac750777be30d8735581f799bae5d6f193dc8b376b26,1e840f8893e8375d44986dd72d7a6adbcbeeebbe046480c3e359f92905df0d37,11554087,1,1e-05,1015576,2769000,2606220,556,1015020,50cb40f83797b2c7,artifacts/surface_code_cache/gr/ftqc_compile_topology_qec/H4_sto-3g_singlet_distance_100_charge_0_grouping__4th_new_2_/50cb40f83797b2c7/compile.yaml,256,ok,ab9500e691637868254c4024a6c426753a550cea731d9b97e4fdfd40f7998d7f,configs/topologies/routing_capacity_h4_h7_4th/h4_moderate_choke.yaml,88,screening,99044,25,2.7777777777777777,[],1,4.794492277466378,4.794492277466378,9.667807947429718,24.7501498609487,31.442149792184402,True,True,True
4,h4_p1e-05_routing_choke_latency_fixed,88,13,artifacts/surface_code_fractional_path_latency_sweep_h4_h6_4th_paired/compile_info/h4_p1e-05_routing_choke_latency_fixed.json,choke,routing,be80d0251428081b5970d714b0177a4f6f6dcb7c5a1b3012f6fb426695637d71,199728,0,1,2,0,6.974331984296441,10.583261,4,12,True,1020350,493287,313464,0,Dim2,4,15,184600,173748,10000,184600,173748,2,H4,6bca956b993ce88c16105a9cca48e0bb8b48bef7446d3cd872aa30a622c1cf0b,1,fixed,0,4th(new_2),29744,8690906cc9b138208b404e19cbe63537f4939ef24d3a0bfd4144174f03d90e82,451261a4e8f8be85144eac750777be30d8735581f799bae5d6f193dc8b376b26,1e840f8893e8375d44986dd72d7a6adbcbeeebbe046480c3e359f92905df0d37,8866434,1,1e-05,814097,2769000,2606220,14,814083,50cb40f83797b2c7,artifacts/surface_code_cache/gr/ftqc_compile_topology_qec/H4_sto-3g_singlet_distance_100_charge_0_grouping__4th_new_2_/50cb40f83797b2c7/compile.yaml,256,ok,0cf3e9073dfccfd36197c2417f5abea0509a5b07354b6379e4d2050bd691f273,configs/topologies/routing_capacity_h4_h7_4th/h4_central_choke.yaml,88,screening,122940,25,2.7777777777777777,[],2,0.0015968868077420595,0.0015968868077420595,2.7231541439221685,0.0,0.0,True,True,True
4,h4_p1e-05_routing_choke_latency_quarter,88,15,artifacts/surface_code_fractional_path_latency_sweep_h4_h6_4th_paired/compile_info/h4_p1e-05_routing_choke_latency_quarter.json,choke,routing,be80d0251428081b5970d714b0177a4f6f6dcb7c5a1b3012f6fb426695637d71,199728,146541,4,9,1,7.056833483278751,14.25072,4,12,True,1020350,493287,323920,0,Dim2,4,15,184600,173748,10000,184600,173748,2,H4,6bca956b993ce88c16105a9cca48e0bb8b48bef7446d3cd872aa30a622c1cf0b,4,quarter,1,4th(new_2),39600,8690906cc9b138208b404e19cbe63537f4939ef24d3a0bfd4144174f03d90e82,451261a4e8f8be85144eac750777be30d8735581f799bae5d6f193dc8b376b26,1e840f8893e8375d44986dd72d7a6adbcbeeebbe046480c3e359f92905df0d37,10599784,1,1e-05,950048,2769000,2606220,437,949611,50cb40f83797b2c7,artifacts/surface_code_cache/gr/ftqc_compile_topology_qec/H4_sto-3g_singlet_distance_100_charge_0_grouping__4th_new_2_/50cb40f83797b2c7/compile.yaml,256,ok,0cf3e9073dfccfd36197c2417f5abea0509a5b07354b6379e4d2050bd691f273,configs/topologies/routing_capacity_h4_h7_4th/h4_central_choke.yaml,88,screening,122940,25,2.7777777777777777,[],2,1.3967497046301736,1.3967497046301736,5.591313443243506,16.699607049282818,19.54957314293435,True,True,True
4,h4_p1e-05_routing_choke_latency_half,88,15,artifacts/surface_code_fractional_path_latency_sweep_h4_h6_4th_paired/compile_info/h4_p1e-05_routing_choke_latency_half.json,choke,routing,be80d0251428081b5970d714b0177a4f6f6dcb7c5a1b3012f6fb426695637d71,199728,181037,2,16,1,7.172785348258913,14.71272,4,12,True,1020350,493287,324736,0,Dim2,4,15,184600,173748,10000,184600,173748,2,H4,6bca956b993ce88c16105a9cca48e0bb8b48bef7446d3cd872aa30a622c1cf0b,2,half,1,4th(new_2),39600,8690906cc9b138208b404e19cbe63537f4939ef24d3a0bfd4144174f03d90e82,451261a4e8f8be85144eac750777be30d8735581f799bae5d6f193dc8b376b26,1e840f8893e8375d44986dd72d7a6adbcbeeebbe046480c3e359f92905df0d37,11206451,1,1e-05,980848,2769000,2606220,718,980130,50cb40f83797b2c7,artifacts/surface_code_cache/gr/ftqc_compile_topology_qec/H4_sto-3g_singlet_distance_100_charge_0_grouping__4th_new_2_/50cb40f83797b2c7/compile.yaml,256,ok,0cf3e9073dfccfd36197c2417f5abea0509a5b07354b6379e4d2050bd691f273,configs/topologies/routing_capacity_h4_h7_4th/h4_central_choke.yaml,88,screening,122940,25,2.7777777777777777,[],2,3.7549016185522532,3.7549016185522532,10.127477793097217,20.482939993637128,26.391861711258446,True,True,True
4,h4_p1e-05_routing_choke_latency_unit,88,15,artifacts/surface_code_fractional_path_latency_sweep_h4_h6_4th_paired/compile_info/h4_p1e-05_routing_choke_latency_unit.json,choke,routing,be80d0251428081b5970d714b0177a4f6f6dcb7c5a1b3012f6fb426695637d71,199728,247106,1,27,1,7.210245080292225,15.621179999999999,4,12,True,1020350,493287,325752,0,Dim2,4,15,184600,173748,10000,184600,173748,2,H4,6bca956b993ce88c16105a9cca48e0bb8b48bef7446d3cd872aa30a622c1cf0b,1,unit,1,4th(new_2),39600,8690906cc9b138208b404e19cbe63537f4939ef24d3a0bfd4144174f03d90e82,451261a4e8f8be85144eac750777be30d8735581f799bae5d6f193dc8b376b26,1e840f8893e8375d44986dd72d7a6adbcbeeebbe046480c3e359f92905df0d37,12397344,1,1e-05,1041412,2769000,2606220,1550,1039862,50cb40f83797b2c7,artifacts/surface_code_cache/gr/ftqc_compile_topology_qec/H4_sto-3g_singlet_distance_100_charge_0_grouping__4th_new_2_/50cb40f83797b2c7/compile.yaml,256,ok,0cf3e9073dfccfd36197c2417f5abea0509a5b07354b6379e4d2050bd691f273,configs/topologies/routing_capacity_h4_h7_4th/h4_central_choke.yaml,88,screening,122940,25,2.7777777777777777,[],2,7.4604380092290645,7.4604380092290645,17.671741683286623,27.922348319671976,39.82333822143151,True,True,True
4,h4_p1e-02_placement_compact_latency_fixed,96,13,artifacts/surface_code_fractional_path_latency_sweep_h4_h6_4th_paired/compile_info/h4_p1e-02_placement_compact_latency_fixed.json,compact,placement,be80d0251428081b5970d714b0177a4f6f6dcb7c5a1b3012f6fb426695637d71,26844,0,1,2,0,1.4340292159467936,1.90333,4,4,True,233643,77833,96724,0,Dim2,4,15,11716,10176,10000,11716,10176,2,H4,a1ace4d59abc1087de57110bf2afac5bb3c13c599d0d9d8929992f48cde6013d,1,fixed,0,4th(new_2),32448,8690906cc9b138208b404e19cbe63537f4939ef24d3a0bfd4144174f03d90e82,451261a4e8f8be85144eac750777be30d8735581f799bae5d6f193dc8b376b26,1e840f8893e8375d44986dd72d7a6adbcbeeebbe046480c3e359f92905df0d37,1767368,1,0.01,146410,175740,152640,1,146409,f964909bc189bf5c,artifacts/surface_code_cache/gr/ftqc_compile_topology_qec/H4_sto-3g_singlet_distance_100_charge_0_grouping__4th_new_2_/f964909bc189bf5c/compile.yaml,256,ok,229992872aa3c6a149057d38799dbbd7a8bd1f918568568fccac1b3a7759ec29,configs/topologies/logical_placement_h4_h7/h4_compact_interaction_aware.yaml,96,screening,68660,25,2.7777777777777777,[],0,0.0,0.0,0.0,0.0,0.0,True,True,True
4,h4_p1e-02_placement_compact_latency_quarter,96,13,artifacts/surface_code_fractional_path_latency_sweep_h4_h6_4th_paired/compile_info/h4_p1e-02_placement_compact_latency_quarter.json,compact,placement,be80d0251428081b5970d714b0177a4f6f6dcb7c5a1b3012f6fb426695637d71,26844,28307,4,6,1,1.4521466912701726,2.227446,4,4,True,233643,77833,96744,0,Dim2,4,15,11716,10176,10000,11716,10176,2,H4,a1ace4d59abc1087de57110bf2afac5bb3c13c599d0d9d8929992f48cde6013d,4,quarter,1,4th(new_2),32448,8690906cc9b138208b404e19cbe63537f4939ef24d3a0bfd4144174f03d90e82,451261a4e8f8be85144eac750777be30d8735581f799bae5d6f193dc8b376b26,1e840f8893e8375d44986dd72d7a6adbcbeeebbe046480c3e359f92905df0d37,2113054,1,0.01,171342,175740,152640,-241,171583,f964909bc189bf5c,artifacts/surface_code_cache/gr/ftqc_compile_topology_qec/H4_sto-3g_singlet_distance_100_charge_0_grouping__4th_new_2_/f964909bc189bf5c/compile.yaml,256,ok,229992872aa3c6a149057d38799dbbd7a8bd1f918568568fccac1b3a7759ec29,configs/topologies/logical_placement_h4_h7/h4_compact_interaction_aware.yaml,96,screening,68660,25,2.7777777777777777,[],0,0.0,0.0,0.0,17.028891469161934,19.559367375668234,True,True,True
4,h4_p1e-02_placement_compact_latency_half,96,13,artifacts/surface_code_fractional_path_latency_sweep_h4_h6_4th_paired/compile_info/h4_p1e-02_placement_compact_latency_half.json,compact,placement,be80d0251428081b5970d714b0177a4f6f6dcb7c5a1b3012f6fb426695637d71,26844,38213,2,9,1,1.4655515113845468,2.342275,4,4,True,233643,77833,96596,0,Dim2,4,15,11716,10176,10000,11716,10176,2,H4,a1ace4d59abc1087de57110bf2afac5bb3c13c599d0d9d8929992f48cde6013d,2,half,1,4th(new_2),32448,8690906cc9b138208b404e19cbe63537f4939ef24d3a0bfd4144174f03d90e82,451261a4e8f8be85144eac750777be30d8735581f799bae5d6f193dc8b376b26,1e840f8893e8375d44986dd72d7a6adbcbeeebbe046480c3e359f92905df0d37,2256240,1,0.01,180175,175740,152640,-281,180456,f964909bc189bf5c,artifacts/surface_code_cache/gr/ftqc_compile_topology_qec/H4_sto-3g_singlet_distance_100_charge_0_grouping__4th_new_2_/f964909bc189bf5c/compile.yaml,256,ok,229992872aa3c6a149057d38799dbbd7a8bd1f918568568fccac1b3a7759ec29,configs/topologies/logical_placement_h4_h7/h4_compact_interaction_aware.yaml,96,screening,68660,25,2.7777777777777777,[],0,0.0,0.0,0.0,23.06194932040162,27.66101909732439,True,True,True
4,h4_p1e-02_placement_compact_latency_unit,96,13,artifacts/surface_code_fractional_path_latency_sweep_h4_h6_4th_paired/compile_info/h4_p1e-02_placement_compact_latency_unit.json,compact,placement,be80d0251428081b5970d714b0177a4f6f6dcb7c5a1b3012f6fb426695637d71,26844,63158,1,16,1,1.4528116565197706,2.64212,4,4,True,233643,77833,96536,0,Dim2,4,15,11716,10176,10000,11716,10176,2,H4,a1ace4d59abc1087de57110bf2afac5bb3c13c599d0d9d8929992f48cde6013d,1,unit,1,4th(new_2),32448,8690906cc9b138208b404e19cbe63537f4939ef24d3a0bfd4144174f03d90e82,451261a4e8f8be85144eac750777be30d8735581f799bae5d6f193dc8b376b26,1e840f8893e8375d44986dd72d7a6adbcbeeebbe046480c3e359f92905df0d37,2602977,1,0.01,203240,175740,152640,-164,203404,f964909bc189bf5c,artifacts/surface_code_cache/gr/ftqc_compile_topology_qec/H4_sto-3g_singlet_distance_100_charge_0_grouping__4th_new_2_/f964909bc189bf5c/compile.yaml,256,ok,229992872aa3c6a149057d38799dbbd7a8bd1f918568568fccac1b3a7759ec29,configs/topologies/logical_placement_h4_h7/h4_compact_interaction_aware.yaml,96,screening,68660,25,2.7777777777777777,[],0,0.0,0.0,0.0,38.81565466839696,47.27985343176972,True,True,True
4,h4_p1e-02_placement_intermediate_latency_fixed,96,13,artifacts/surface_code_fractional_path_latency_sweep_h4_h6_4th_paired/compile_info/h4_p1e-02_placement_intermediate_latency_fixed.json,intermediate,placement,be80d0251428081b5970d714b0177a4f6f6dcb7c5a1b3012f6fb426695637d71,26844,0,1,2,0,1.4203070420771837,1.90333,4,4,True,233643,77833,96520,0,Dim2,4,15,11716,10176,10000,11716,10176,2,H4,a1ace4d59abc1087de57110bf2afac5bb3c13c599d0d9d8929992f48cde6013d,1,fixed,0,4th(new_2),32448,8690906cc9b138208b404e19cbe63537f4939ef24d3a0bfd4144174f03d90e82,451261a4e8f8be85144eac750777be30d8735581f799bae5d6f193dc8b376b26,1e840f8893e8375d44986dd72d7a6adbcbeeebbe046480c3e359f92905df0d37,1801997,1,0.01,146410,175740,152640,1,146409,f964909bc189bf5c,artifacts/surface_code_cache/gr/ftqc_compile_topology_qec/H4_sto-3g_singlet_distance_100_charge_0_grouping__4th_new_2_/f964909bc189bf5c/compile.yaml,256,ok,91ffbbd06a97f7a78ac3baf49570f1d02f18ec9d78f611baf79d82bb9c608db7,configs/topologies/logical_placement_h4_h7/h4_compact_numeric.yaml,96,screening,84156,25,2.7777777777777777,[],1,0.0,0.0,1.9593542488038684,0.0,0.0,True,True,True
4,h4_p1e-02_placement_intermediate_latency_quarter,96,13,artifacts/surface_code_fractional_path_latency_sweep_h4_h6_4th_paired/compile_info/h4_p1e-02_placement_intermediate_latency_quarter.json,intermediate,placement,be80d0251428081b5970d714b0177a4f6f6dcb7c5a1b3012f6fb426695637d71,26844,31988,4,6,1,1.458649419248104,2.272413,4,4,True,233643,77833,96704,0,Dim2,4,15,11716,10176,10000,11716,10176,2,H4,a1ace4d59abc1087de57110bf2afac5bb3c13c599d0d9d8929992f48cde6013d,4,quarter,1,4th(new_2),32448,8690906cc9b138208b404e19cbe63537f4939ef24d3a0bfd4144174f03d90e82,451261a4e8f8be85144eac750777be30d8735581f799bae5d6f193dc8b376b26,1e840f8893e8375d44986dd72d7a6adbcbeeebbe046480c3e359f92905df0d37,2222725,1,0.01,174801,175740,152640,-298,175099,f964909bc189bf5c,artifacts/surface_code_cache/gr/ftqc_compile_topology_qec/H4_sto-3g_singlet_distance_100_charge_0_grouping__4th_new_2_/f964909bc189bf5c/compile.yaml,256,ok,91ffbbd06a97f7a78ac3baf49570f1d02f18ec9d78f611baf79d82bb9c608db7,configs/topologies/logical_placement_h4_h7/h4_compact_numeric.yaml,96,screening,84156,25,2.7777777777777777,[],1,2.0187694785866794,2.0187694785866794,5.190165513990652,19.39143501126972,23.34787460800434,True,True,True
4,h4_p1e-02_placement_intermediate_latency_half,96,13,artifacts/surface_code_fractional_path_latency_sweep_h4_h6_4th_paired/compile_info/h4_p1e-02_placement_intermediate_latency_half.json,intermediate,placement,be80d0251428081b5970d714b0177a4f6f6dcb7c5a1b3012f6fb426695637d71,26844,47133,2,9,1,1.4709672210738063,2.451943,4,4,True,233643,77833,96732,0,Dim2,4,15,11716,10176,10000,11716,10176,2,H4,a1ace4d59abc1087de57110bf2afac5bb3c13c599d0d9d8929992f48cde6013d,2,half,1,4th(new_2),32448,8690906cc9b138208b404e19cbe63537f4939ef24d3a0bfd4144174f03d90e82,451261a4e8f8be85144eac750777be30d8735581f799bae5d6f193dc8b376b26,1e840f8893e8375d44986dd72d7a6adbcbeeebbe046480c3e359f92905df0d37,2454025,1,0.01,188611,175740,152640,-350,188961,f964909bc189bf5c,artifacts/surface_code_cache/gr/ftqc_compile_topology_qec/H4_sto-3g_singlet_distance_100_charge_0_grouping__4th_new_2_/f964909bc189bf5c/compile.yaml,256,ok,91ffbbd06a97f7a78ac3baf49570f1d02f18ec9d78f611baf79d82bb9c608db7,configs/topologies/logical_placement_h4_h7/h4_compact_numeric.yaml,96,screening,84156,25,2.7777777777777777,[],1,4.682114610795063,4.682114610795063,8.766133035492674,28.823850829861343,36.18363404600562,True,True,True
4,h4_p1e-02_placement_intermediate_latency_unit,96,13,artifacts/surface_code_fractional_path_latency_sweep_h4_h6_4th_paired/compile_info/h4_p1e-02_placement_intermediate_latency_unit.json,intermediate,placement,be80d0251428081b5970d714b0177a4f6f6dcb7c5a1b3012f6fb426695637d71,26844,83096,1,15,1,1.496383247897029,2.884687,4,4,True,233643,77833,96648,0,Dim2,4,15,11716,10176,10000,11716,10176,2,H4,a1ace4d59abc1087de57110bf2afac5bb3c13c599d0d9d8929992f48cde6013d,1,unit,1,4th(new_2),32448,8690906cc9b138208b404e19cbe63537f4939ef24d3a0bfd4144174f03d90e82,451261a4e8f8be85144eac750777be30d8735581f799bae5d6f193dc8b376b26,1e840f8893e8375d44986dd72d7a6adbcbeeebbe046480c3e359f92905df0d37,2984724,1,0.01,221899,175740,152640,-305,222204,f964909bc189bf5c,artifacts/surface_code_cache/gr/ftqc_compile_topology_qec/H4_sto-3g_singlet_distance_100_charge_0_grouping__4th_new_2_/f964909bc189bf5c/compile.yaml,256,ok,91ffbbd06a97f7a78ac3baf49570f1d02f18ec9d78f611baf79d82bb9c608db7,configs/topologies/logical_placement_h4_h7/h4_compact_numeric.yaml,96,screening,84156,25,2.7777777777777777,[],1,9.18077150167289,9.18077150167289,14.665784599710264,51.56000273205381,65.63423801482466,True,True,True
4,h4_p1e-02_placement_perimeter_latency_fixed,96,13,artifacts/surface_code_fractional_path_latency_sweep_h4_h6_4th_paired/compile_info/h4_p1e-02_placement_perimeter_latency_fixed.json,perimeter,placement,be80d0251428081b5970d714b0177a4f6f6dcb7c5a1b3012f6fb426695637d71,26844,0,1,2,0,1.468202573247254,1.903954,4,4,True,233643,77833,96312,0,Dim2,4,15,11716,10176,10000,11716,10176,2,H4,a1ace4d59abc1087de57110bf2afac5bb3c13c599d0d9d8929992f48cde6013d,1,fixed,0,4th(new_2),32448,8690906cc9b138208b404e19cbe63537f4939ef24d3a0bfd4144174f03d90e82,451261a4e8f8be85144eac750777be30d8735581f799bae5d6f193dc8b376b26,1e840f8893e8375d44986dd72d7a6adbcbeeebbe046480c3e359f92905df0d37,1926134,1,0.01,146458,175740,152640,49,146409,f964909bc189bf5c,artifacts/surface_code_cache/gr/ftqc_compile_topology_qec/H4_sto-3g_singlet_distance_100_charge_0_grouping__4th_new_2_/f964909bc189bf5c/compile.yaml,256,ok,cac8dbb57c55bcb617166397de939e0e3e90ad0e3a09588e1332ec877f820447,configs/topologies/logical_placement_h4_h7/h4_perimeter_numeric.yaml,96,screening,129672,51,5.666666666666667,[],2,0.032784645857519834,0.032784645857519834,8.983188560616684,0.0,0.0,True,True,True
4,h4_p1e-02_placement_perimeter_latency_quarter,96,13,artifacts/surface_code_fractional_path_latency_sweep_h4_h6_4th_paired/compile_info/h4_p1e-02_placement_perimeter_latency_quarter.json,perimeter,placement,be80d0251428081b5970d714b0177a4f6f6dcb7c5a1b3012f6fb426695637d71,26844,49285,4,7,1,1.516811748035252,2.481232,4,4,True,233643,77833,96596,0,Dim2,4,15,11716,10176,10000,11716,10176,2,H4,a1ace4d59abc1087de57110bf2afac5bb3c13c599d0d9d8929992f48cde6013d,4,quarter,1,4th(new_2),32448,8690906cc9b138208b404e19cbe63537f4939ef24d3a0bfd4144174f03d90e82,451261a4e8f8be85144eac750777be30d8735581f799bae5d6f193dc8b376b26,1e840f8893e8375d44986dd72d7a6adbcbeeebbe046480c3e359f92905df0d37,2750719,1,0.01,190864,175740,152640,-19,190883,f964909bc189bf5c,artifacts/surface_code_cache/gr/ftqc_compile_topology_qec/H4_sto-3g_singlet_distance_100_charge_0_grouping__4th_new_2_/f964909bc189bf5c/compile.yaml,256,ok,cac8dbb57c55bcb617166397de939e0e3e90ad0e3a09588e1332ec877f820447,configs/topologies/logical_placement_h4_h7/h4_perimeter_numeric.yaml,96,screening,129672,51,5.666666666666667,[],2,11.393587094816215,11.393587094816215,30.177411462272154,30.319955209001904,42.810365218619275,True,True,True
4,h4_p1e-02_placement_perimeter_latency_half,96,13,artifacts/surface_code_fractional_path_latency_sweep_h4_h6_4th_paired/compile_info/h4_p1e-02_placement_perimeter_latency_half.json,perimeter,placement,be80d0251428081b5970d714b0177a4f6f6dcb7c5a1b3012f6fb426695637d71,26844,85891,2,11,1,1.554587104357779,2.920047,4,4,True,233643,77833,96620,0,Dim2,4,15,11716,10176,10000,11716,10176,2,H4,a1ace4d59abc1087de57110bf2afac5bb3c13c599d0d9d8929992f48cde6013d,2,half,1,4th(new_2),32448,8690906cc9b138208b404e19cbe63537f4939ef24d3a0bfd4144174f03d90e82,451261a4e8f8be85144eac750777be30d8735581f799bae5d6f193dc8b376b26,1e840f8893e8375d44986dd72d7a6adbcbeeebbe046480c3e359f92905df0d37,3382386,1,0.01,224619,175740,152640,313,224306,f964909bc189bf5c,artifacts/surface_code_cache/gr/ftqc_compile_topology_qec/H4_sto-3g_singlet_distance_100_charge_0_grouping__4th_new_2_/f964909bc189bf5c/compile.yaml,256,ok,cac8dbb57c55bcb617166397de939e0e3e90ad0e3a09588e1332ec877f820447,configs/topologies/logical_placement_h4_h7/h4_perimeter_numeric.yaml,96,screening,129672,51,5.666666666666667,[],2,24.667129179963922,24.667129179963922,49.912509307520466,53.3675183329009,75.60491637653455,True,True,True
4,h4_p1e-02_placement_perimeter_latency_unit,96,13,artifacts/surface_code_fractional_path_latency_sweep_h4_h6_4th_paired/compile_info/h4_p1e-02_placement_perimeter_latency_unit.json,perimeter,placement,be80d0251428081b5970d714b0177a4f6f6dcb7c5a1b3012f6fb426695637d71,26844,161944,1,19,1,1.6246669553220272,3.835962,4,4,True,233643,77833,96640,0,Dim2,4,15,11716,10176,10000,11716,10176,2,H4,a1ace4d59abc1087de57110bf2afac5bb3c13c599d0d9d8929992f48cde6013d,1,unit,1,4th(new_2),32448,8690906cc9b138208b404e19cbe63537f4939ef24d3a0bfd4144174f03d90e82,451261a4e8f8be85144eac750777be30d8735581f799bae5d6f193dc8b376b26,1e840f8893e8375d44986dd72d7a6adbcbeeebbe046480c3e359f92905df0d37,4681254,1,0.01,295074,175740,152640,1102,293972,f964909bc189bf5c,artifacts/surface_code_cache/gr/ftqc_compile_topology_qec/H4_sto-3g_singlet_distance_100_charge_0_grouping__4th_new_2_/f964909bc189bf5c/compile.yaml,256,ok,cac8dbb57c55bcb617166397de939e0e3e90ad0e3a09588e1332ec877f820447,configs/topologies/logical_placement_h4_h7/h4_perimeter_numeric.yaml,96,screening,129672,51,5.666666666666667,[],2,45.18500295217478,45.18500295217478,79.84231132276621,101.47345996804545,143.0388539945819,True,True,True
4,h4_p1e-02_routing_remote_latency_fixed,88,13,artifacts/surface_code_fractional_path_latency_sweep_h4_h6_4th_paired/compile_info/h4_p1e-02_routing_remote_latency_fixed.json,remote,routing,be80d0251428081b5970d714b0177a4f6f6dcb7c5a1b3012f6fb426695637d71,26844,0,1,2,0,1.4275758937001228,1.90333,4,12,True,233643,77833,96268,0,Dim2,4,15,11716,10176,10000,11716,10176,2,H4,a1ace4d59abc1087de57110bf2afac5bb3c13c599d0d9d8929992f48cde6013d,1,fixed,0,4th(new_2),29744,8690906cc9b138208b404e19cbe63537f4939ef24d3a0bfd4144174f03d90e82,451261a4e8f8be85144eac750777be30d8735581f799bae5d6f193dc8b376b26,1e840f8893e8375d44986dd72d7a6adbcbeeebbe046480c3e359f92905df0d37,1767368,1,0.01,146410,175740,152640,1,146409,f964909bc189bf5c,artifacts/surface_code_cache/gr/ftqc_compile_topology_qec/H4_sto-3g_singlet_distance_100_charge_0_grouping__4th_new_2_/f964909bc189bf5c/compile.yaml,256,ok,315a9390da3b3a5dbc285e590ac377395bb16ae7aa603235963466268f5f092b,configs/topologies/routing_capacity_h4_h7_4th/h4_remote_ban_control.yaml,88,screening,71644,25,2.7777777777777777,[],0,0.0,0.0,0.0,0.0,0.0,True,True,True
4,h4_p1e-02_routing_remote_latency_quarter,88,13,artifacts/surface_code_fractional_path_latency_sweep_h4_h6_4th_paired/compile_info/h4_p1e-02_routing_remote_latency_quarter.json,remote,routing,be80d0251428081b5970d714b0177a4f6f6dcb7c5a1b3012f6fb426695637d71,26844,28307,4,6,1,1.4749380741268396,2.227446,4,12,True,233643,77833,96564,0,Dim2,4,15,11716,10176,10000,11716,10176,2,H4,a1ace4d59abc1087de57110bf2afac5bb3c13c599d0d9d8929992f48cde6013d,4,quarter,1,4th(new_2),29744,8690906cc9b138208b404e19cbe63537f4939ef24d3a0bfd4144174f03d90e82,451261a4e8f8be85144eac750777be30d8735581f799bae5d6f193dc8b376b26,1e840f8893e8375d44986dd72d7a6adbcbeeebbe046480c3e359f92905df0d37,2113054,1,0.01,171342,175740,152640,-241,171583,f964909bc189bf5c,artifacts/surface_code_cache/gr/ftqc_compile_topology_qec/H4_sto-3g_singlet_distance_100_charge_0_grouping__4th_new_2_/f964909bc189bf5c/compile.yaml,256,ok,315a9390da3b3a5dbc285e590ac377395bb16ae7aa603235963466268f5f092b,configs/topologies/routing_capacity_h4_h7_4th/h4_remote_ban_control.yaml,88,screening,71644,25,2.7777777777777777,[],0,0.0,0.0,0.0,17.028891469161934,19.559367375668234,True,True,True
4,h4_p1e-02_routing_remote_latency_half,88,13,artifacts/surface_code_fractional_path_latency_sweep_h4_h6_4th_paired/compile_info/h4_p1e-02_routing_remote_latency_half.json,remote,routing,be80d0251428081b5970d714b0177a4f6f6dcb7c5a1b3012f6fb426695637d71,26844,38213,2,9,1,1.487989692017436,2.342275,4,12,True,233643,77833,96564,0,Dim2,4,15,11716,10176,10000,11716,10176,2,H4,a1ace4d59abc1087de57110bf2afac5bb3c13c599d0d9d8929992f48cde6013d,2,half,1,4th(new_2),29744,8690906cc9b138208b404e19cbe63537f4939ef24d3a0bfd4144174f03d90e82,451261a4e8f8be85144eac750777be30d8735581f799bae5d6f193dc8b376b26,1e840f8893e8375d44986dd72d7a6adbcbeeebbe046480c3e359f92905df0d37,2256240,1,0.01,180175,175740,152640,-281,180456,f964909bc189bf5c,artifacts/surface_code_cache/gr/ftqc_compile_topology_qec/H4_sto-3g_singlet_distance_100_charge_0_grouping__4th_new_2_/f964909bc189bf5c/compile.yaml,256,ok,315a9390da3b3a5dbc285e590ac377395bb16ae7aa603235963466268f5f092b,configs/topologies/routing_capacity_h4_h7_4th/h4_remote_ban_control.yaml,88,screening,71644,25,2.7777777777777777,[],0,0.0,0.0,0.0,23.06194932040162,27.66101909732439,True,True,True
4,h4_p1e-02_routing_remote_latency_unit,88,13,artifacts/surface_code_fractional_path_latency_sweep_h4_h6_4th_paired/compile_info/h4_p1e-02_routing_remote_latency_unit.json,remote,routing,be80d0251428081b5970d714b0177a4f6f6dcb7c5a1b3012f6fb426695637d71,26844,63158,1,16,1,1.5021124510094523,2.64212,4,12,True,233643,77833,96552,0,Dim2,4,15,11716,10176,10000,11716,10176,2,H4,a1ace4d59abc1087de57110bf2afac5bb3c13c599d0d9d8929992f48cde6013d,1,unit,1,4th(new_2),29744,8690906cc9b138208b404e19cbe63537f4939ef24d3a0bfd4144174f03d90e82,451261a4e8f8be85144eac750777be30d8735581f799bae5d6f193dc8b376b26,1e840f8893e8375d44986dd72d7a6adbcbeeebbe046480c3e359f92905df0d37,2602977,1,0.01,203240,175740,152640,-164,203404,f964909bc189bf5c,artifacts/surface_code_cache/gr/ftqc_compile_topology_qec/H4_sto-3g_singlet_distance_100_charge_0_grouping__4th_new_2_/f964909bc189bf5c/compile.yaml,256,ok,315a9390da3b3a5dbc285e590ac377395bb16ae7aa603235963466268f5f092b,configs/topologies/routing_capacity_h4_h7_4th/h4_remote_ban_control.yaml,88,screening,71644,25,2.7777777777777777,[],0,0.0,0.0,0.0,38.81565466839696,47.27985343176972,True,True,True
4,h4_p1e-02_routing_moderate_latency_fixed,88,13,artifacts/surface_code_fractional_path_latency_sweep_h4_h6_4th_paired/compile_info/h4_p1e-02_routing_moderate_latency_fixed.json,moderate,routing,be80d0251428081b5970d714b0177a4f6f6dcb7c5a1b3012f6fb426695637d71,26844,0,1,2,0,1.461477697826922,1.90333,4,12,True,233643,77833,96528,0,Dim2,4,15,11716,10176,10000,11716,10176,2,H4,a1ace4d59abc1087de57110bf2afac5bb3c13c599d0d9d8929992f48cde6013d,1,fixed,0,4th(new_2),29744,8690906cc9b138208b404e19cbe63537f4939ef24d3a0bfd4144174f03d90e82,451261a4e8f8be85144eac750777be30d8735581f799bae5d6f193dc8b376b26,1e840f8893e8375d44986dd72d7a6adbcbeeebbe046480c3e359f92905df0d37,1822852,1,0.01,146410,175740,152640,1,146409,f964909bc189bf5c,artifacts/surface_code_cache/gr/ftqc_compile_topology_qec/H4_sto-3g_singlet_distance_100_charge_0_grouping__4th_new_2_/f964909bc189bf5c/compile.yaml,256,ok,ab9500e691637868254c4024a6c426753a550cea731d9b97e4fdfd40f7998d7f,configs/topologies/routing_capacity_h4_h7_4th/h4_moderate_choke.yaml,88,screening,99044,25,2.7777777777777777,[],1,0.0,0.0,3.1393575078874303,0.0,0.0,True,True,True
4,h4_p1e-02_routing_moderate_latency_quarter,88,13,artifacts/surface_code_fractional_path_latency_sweep_h4_h6_4th_paired/compile_info/h4_p1e-02_routing_moderate_latency_quarter.json,moderate,routing,be80d0251428081b5970d714b0177a4f6f6dcb7c5a1b3012f6fb426695637d71,26844,34747,4,8,1,1.492285504937172,2.304354,4,12,True,233643,77833,96656,0,Dim2,4,15,11716,10176,10000,11716,10176,2,H4,a1ace4d59abc1087de57110bf2afac5bb3c13c599d0d9d8929992f48cde6013d,4,quarter,1,4th(new_2),29744,8690906cc9b138208b404e19cbe63537f4939ef24d3a0bfd4144174f03d90e82,451261a4e8f8be85144eac750777be30d8735581f799bae5d6f193dc8b376b26,1e840f8893e8375d44986dd72d7a6adbcbeeebbe046480c3e359f92905df0d37,2331569,1,0.01,177258,175740,152640,-239,177497,f964909bc189bf5c,artifacts/surface_code_cache/gr/ftqc_compile_topology_qec/H4_sto-3g_singlet_distance_100_charge_0_grouping__4th_new_2_/f964909bc189bf5c/compile.yaml,256,ok,ab9500e691637868254c4024a6c426753a550cea731d9b97e4fdfd40f7998d7f,configs/topologies/routing_capacity_h4_h7_4th/h4_moderate_choke.yaml,88,screening,99044,25,2.7777777777777777,[],1,3.4527436355359375,3.4527436355359375,10.34119336278203,21.069599071101706,27.9077511503951,True,True,True
4,h4_p1e-02_routing_moderate_latency_half,88,13,artifacts/surface_code_fractional_path_latency_sweep_h4_h6_4th_paired/compile_info/h4_p1e-02_routing_moderate_latency_half.json,moderate,routing,be80d0251428081b5970d714b0177a4f6f6dcb7c5a1b3012f6fb426695637d71,26844,52790,2,13,1,1.4955070652067661,2.520167,4,12,True,233643,77833,96620,0,Dim2,4,15,11716,10176,10000,11716,10176,2,H4,a1ace4d59abc1087de57110bf2afac5bb3c13c599d0d9d8929992f48cde6013d,2,half,1,4th(new_2),29744,8690906cc9b138208b404e19cbe63537f4939ef24d3a0bfd4144174f03d90e82,451261a4e8f8be85144eac750777be30d8735581f799bae5d6f193dc8b376b26,1e840f8893e8375d44986dd72d7a6adbcbeeebbe046480c3e359f92905df0d37,2640710,1,0.01,193859,175740,152640,-141,194000,f964909bc189bf5c,artifacts/surface_code_cache/gr/ftqc_compile_topology_qec/H4_sto-3g_singlet_distance_100_charge_0_grouping__4th_new_2_/f964909bc189bf5c/compile.yaml,256,ok,ab9500e691637868254c4024a6c426753a550cea731d9b97e4fdfd40f7998d7f,configs/topologies/routing_capacity_h4_h7_4th/h4_moderate_choke.yaml,88,screening,99044,25,2.7777777777777777,[],1,7.594838351602617,7.594838351602617,17.04029713151083,32.40830544361724,44.86694476567487,True,True,True
4,h4_p1e-02_routing_moderate_latency_unit,88,13,artifacts/surface_code_fractional_path_latency_sweep_h4_h6_4th_paired/compile_info/h4_p1e-02_routing_moderate_latency_unit.json,moderate,routing,be80d0251428081b5970d714b0177a4f6f6dcb7c5a1b3012f6fb426695637d71,26844,91324,1,19,1,1.5357178831472993,2.9875819999999997,4,12,True,233643,77833,96660,0,Dim2,4,15,11716,10176,10000,11716,10176,2,H4,a1ace4d59abc1087de57110bf2afac5bb3c13c599d0d9d8929992f48cde6013d,1,unit,1,4th(new_2),29744,8690906cc9b138208b404e19cbe63537f4939ef24d3a0bfd4144174f03d90e82,451261a4e8f8be85144eac750777be30d8735581f799bae5d6f193dc8b376b26,1e840f8893e8375d44986dd72d7a6adbcbeeebbe046480c3e359f92905df0d37,3272676,1,0.01,229814,175740,152640,115,229699,f964909bc189bf5c,artifacts/surface_code_cache/gr/ftqc_compile_topology_qec/H4_sto-3g_singlet_distance_100_charge_0_grouping__4th_new_2_/f964909bc189bf5c/compile.yaml,256,ok,ab9500e691637868254c4024a6c426753a550cea731d9b97e4fdfd40f7998d7f,configs/topologies/routing_capacity_h4_h7_4th/h4_moderate_choke.yaml,88,screening,99044,25,2.7777777777777777,[],1,13.0751820507774,13.0751820507774,25.728195062806925,56.966054231268345,79.53602376934606,True,True,True
4,h4_p1e-02_routing_choke_latency_fixed,88,13,artifacts/surface_code_fractional_path_latency_sweep_h4_h6_4th_paired/compile_info/h4_p1e-02_routing_choke_latency_fixed.json,choke,routing,be80d0251428081b5970d714b0177a4f6f6dcb7c5a1b3012f6fb426695637d71,26844,0,1,2,0,1.4363479651510715,1.9034339999999998,4,12,True,233643,77833,96576,0,Dim2,4,15,11716,10176,10000,11716,10176,2,H4,a1ace4d59abc1087de57110bf2afac5bb3c13c599d0d9d8929992f48cde6013d,1,fixed,0,4th(new_2),29744,8690906cc9b138208b404e19cbe63537f4939ef24d3a0bfd4144174f03d90e82,451261a4e8f8be85144eac750777be30d8735581f799bae5d6f193dc8b376b26,1e840f8893e8375d44986dd72d7a6adbcbeeebbe046480c3e359f92905df0d37,1883794,1,0.01,146418,175740,152640,9,146409,f964909bc189bf5c,artifacts/surface_code_cache/gr/ftqc_compile_topology_qec/H4_sto-3g_singlet_distance_100_charge_0_grouping__4th_new_2_/f964909bc189bf5c/compile.yaml,256,ok,0cf3e9073dfccfd36197c2417f5abea0509a5b07354b6379e4d2050bd691f273,configs/topologies/routing_capacity_h4_h7_4th/h4_central_choke.yaml,88,screening,122940,25,2.7777777777777777,[],2,0.005464107642927374,0.005464107642927374,6.5875358159704245,0.0,0.0,True,True,True
4,h4_p1e-02_routing_choke_latency_quarter,88,13,artifacts/surface_code_fractional_path_latency_sweep_h4_h6_4th_paired/compile_info/h4_p1e-02_routing_choke_latency_quarter.json,choke,routing,be80d0251428081b5970d714b0177a4f6f6dcb7c5a1b3012f6fb426695637d71,26844,40863,4,8,1,1.4504031632095575,2.377193,4,12,True,233643,77833,96588,0,Dim2,4,15,11716,10176,10000,11716,10176,2,H4,a1ace4d59abc1087de57110bf2afac5bb3c13c599d0d9d8929992f48cde6013d,4,quarter,1,4th(new_2),29744,8690906cc9b138208b404e19cbe63537f4939ef24d3a0bfd4144174f03d90e82,451261a4e8f8be85144eac750777be30d8735581f799bae5d6f193dc8b376b26,1e840f8893e8375d44986dd72d7a6adbcbeeebbe046480c3e359f92905df0d37,2598360,1,0.01,182861,175740,152640,-183,183044,f964909bc189bf5c,artifacts/surface_code_cache/gr/ftqc_compile_topology_qec/H4_sto-3g_singlet_distance_100_charge_0_grouping__4th_new_2_/f964909bc189bf5c/compile.yaml,256,ok,0cf3e9073dfccfd36197c2417f5abea0509a5b07354b6379e4d2050bd691f273,configs/topologies/routing_capacity_h4_h7_4th/h4_central_choke.yaml,88,screening,122940,25,2.7777777777777777,[],2,6.722811686568386,6.722811686568386,22.967042015963624,24.88969935390457,37.93227921949003,True,True,True
4,h4_p1e-02_routing_choke_latency_half,88,13,artifacts/surface_code_fractional_path_latency_sweep_h4_h6_4th_paired/compile_info/h4_p1e-02_routing_choke_latency_half.json,choke,routing,be80d0251428081b5970d714b0177a4f6f6dcb7c5a1b3012f6fb426695637d71,26844,67356,2,14,1,1.4648013450205326,2.7014,4,12,True,233643,77833,96648,0,Dim2,4,15,11716,10176,10000,11716,10176,2,H4,a1ace4d59abc1087de57110bf2afac5bb3c13c599d0d9d8929992f48cde6013d,2,half,1,4th(new_2),29744,8690906cc9b138208b404e19cbe63537f4939ef24d3a0bfd4144174f03d90e82,451261a4e8f8be85144eac750777be30d8735581f799bae5d6f193dc8b376b26,1e840f8893e8375d44986dd72d7a6adbcbeeebbe046480c3e359f92905df0d37,3138273,1,0.01,207800,175740,152640,176,207624,f964909bc189bf5c,artifacts/surface_code_cache/gr/ftqc_compile_topology_qec/H4_sto-3g_singlet_distance_100_charge_0_grouping__4th_new_2_/f964909bc189bf5c/compile.yaml,256,ok,0cf3e9073dfccfd36197c2417f5abea0509a5b07354b6379e4d2050bd691f273,configs/topologies/routing_capacity_h4_h7_4th/h4_central_choke.yaml,88,screening,122940,25,2.7777777777777777,[],2,15.332315804079366,15.332315804079366,39.09304861184981,41.92244122990343,66.59321560637734,True,True,True
4,h4_p1e-02_routing_choke_latency_unit,88,13,artifacts/surface_code_fractional_path_latency_sweep_h4_h6_4th_paired/compile_info/h4_p1e-02_routing_choke_latency_unit.json,choke,routing,be80d0251428081b5970d714b0177a4f6f6dcb7c5a1b3012f6fb426695637d71,26844,120977,1,27,1,1.4676554389297962,3.356457,4,12,True,233643,77833,96748,0,Dim2,4,15,11716,10176,10000,11716,10176,2,H4,a1ace4d59abc1087de57110bf2afac5bb3c13c599d0d9d8929992f48cde6013d,1,unit,1,4th(new_2),29744,8690906cc9b138208b404e19cbe63537f4939ef24d3a0bfd4144174f03d90e82,451261a4e8f8be85144eac750777be30d8735581f799bae5d6f193dc8b376b26,1e840f8893e8375d44986dd72d7a6adbcbeeebbe046480c3e359f92905df0d37,4201204,1,0.01,258189,175740,152640,573,257616,f964909bc189bf5c,artifacts/surface_code_cache/gr/ftqc_compile_topology_qec/H4_sto-3g_singlet_distance_100_charge_0_grouping__4th_new_2_/f964909bc189bf5c/compile.yaml,256,ok,0cf3e9073dfccfd36197c2417f5abea0509a5b07354b6379e4d2050bd691f273,configs/topologies/routing_capacity_h4_h7_4th/h4_central_choke.yaml,88,screening,122940,25,2.7777777777777777,[],2,27.03650856130684,27.03650856130684,61.399966269390774,76.33692578781297,123.01822810774428,True,True,True
4,h5_p1e-05_placement_compact_latency_fixed,96,15,artifacts/surface_code_fractional_path_latency_sweep_h4_h6_4th_paired/compile_info/h5_p1e-05_placement_compact_latency_fixed.json,compact,placement,be80d0251428081b5970d714b0177a4f6f6dcb7c5a1b3012f6fb426695637d71,520226,0,1,2,0,17.194440913386643,31.834365,4,4,True,2652189,1285963,821984,0,Dim2,4,15,475906,451262,10000,475906,451262,2,H5,be867c2d23c889f82e0ad84860ad4cefeb908e09452eaa30a2b3a5b04b5e3b4d,1,fixed,0,4th(new_2),43200,e6248f75189a660f83bf043f3d95b4f557339da84775960bbbb8f0d14115e3e6,451261a4e8f8be85144eac750777be30d8735581f799bae5d6f193dc8b376b26,1e840f8893e8375d44986dd72d7a6adbcbeeebbe046480c3e359f92905df0d37,26955487,1,1e-05,2122291,7138590,6768930,26,2122265,36f8bb9ebf40ede2,artifacts/surface_code_cache/gr/ftqc_compile_topology_qec/H5_sto-3g_triplet_1__distance_100_charge_1_grouping__4th_new_2_/36f8bb9ebf40ede2/compile.yaml,256,ok,a1778d35889c9a6ab527710f91a08738f1021edd825501b045c6c862f7fdc76d,configs/topologies/logical_placement_h4_h7/h5_compact_interaction_aware.yaml,96,replication,210628,35,3.1818181818181817,[],0,0.0,0.0,0.0,0.0,0.0,True,True,True
4,h5_p1e-05_placement_compact_latency_quarter,96,15,artifacts/surface_code_fractional_path_latency_sweep_h4_h6_4th_paired/compile_info/h5_p1e-05_placement_compact_latency_quarter.json,compact,placement,be80d0251428081b5970d714b0177a4f6f6dcb7c5a1b3012f6fb426695637d71,520226,373192,4,5,1,17.825123511254787,37.085969999999996,4,4,True,2652189,1285963,828556,0,Dim2,4,15,475906,451262,10000,475906,451262,2,H5,be867c2d23c889f82e0ad84860ad4cefeb908e09452eaa30a2b3a5b04b5e3b4d,4,quarter,1,4th(new_2),43200,e6248f75189a660f83bf043f3d95b4f557339da84775960bbbb8f0d14115e3e6,451261a4e8f8be85144eac750777be30d8735581f799bae5d6f193dc8b376b26,1e840f8893e8375d44986dd72d7a6adbcbeeebbe046480c3e359f92905df0d37,31815587,1,1e-05,2472398,7138590,6768930,139,2472259,36f8bb9ebf40ede2,artifacts/surface_code_cache/gr/ftqc_compile_topology_qec/H5_sto-3g_triplet_1__distance_100_charge_1_grouping__4th_new_2_/36f8bb9ebf40ede2/compile.yaml,256,ok,a1778d35889c9a6ab527710f91a08738f1021edd825501b045c6c862f7fdc76d,configs/topologies/logical_placement_h4_h7/h5_compact_interaction_aware.yaml,96,replication,210628,35,3.1818181818181817,[],0,0.0,0.0,0.0,16.496653851898735,18.030095319739537,True,True,True
4,h5_p1e-05_placement_compact_latency_unit,96,15,artifacts/surface_code_fractional_path_latency_sweep_h4_h6_4th_paired/compile_info/h5_p1e-05_placement_compact_latency_unit.json,compact,placement,be80d0251428081b5970d714b0177a4f6f6dcb7c5a1b3012f6fb426695637d71,520226,610738,1,22,1,18.095057173632085,40.28094,4,4,True,2652189,1285963,832808,0,Dim2,4,15,475906,451262,10000,475906,451262,2,H5,be867c2d23c889f82e0ad84860ad4cefeb908e09452eaa30a2b3a5b04b5e3b4d,1,unit,1,4th(new_2),43200,e6248f75189a660f83bf043f3d95b4f557339da84775960bbbb8f0d14115e3e6,451261a4e8f8be85144eac750777be30d8735581f799bae5d6f193dc8b376b26,1e840f8893e8375d44986dd72d7a6adbcbeeebbe046480c3e359f92905df0d37,35294758,1,1e-05,2685396,7138590,6768930,695,2684701,36f8bb9ebf40ede2,artifacts/surface_code_cache/gr/ftqc_compile_topology_qec/H5_sto-3g_triplet_1__distance_100_charge_1_grouping__4th_new_2_/36f8bb9ebf40ede2/compile.yaml,256,ok,a1778d35889c9a6ab527710f91a08738f1021edd825501b045c6c862f7fdc76d,configs/topologies/logical_placement_h4_h7/h5_compact_interaction_aware.yaml,96,replication,210628,35,3.1818181818181817,[],0,0.0,0.0,0.0,26.532883567804788,30.93719286169825,True,True,True
4,h5_p1e-05_placement_intermediate_latency_fixed,96,15,artifacts/surface_code_fractional_path_latency_sweep_h4_h6_4th_paired/compile_info/h5_p1e-05_placement_intermediate_latency_fixed.json,intermediate,placement,be80d0251428081b5970d714b0177a4f6f6dcb7c5a1b3012f6fb426695637d71,520226,0,1,2,0,17.454952323809266,31.834365,4,4,True,2652189,1285963,823996,0,Dim2,4,15,475906,451262,10000,475906,451262,2,H5,be867c2d23c889f82e0ad84860ad4cefeb908e09452eaa30a2b3a5b04b5e3b4d,1,fixed,0,4th(new_2),43200,e6248f75189a660f83bf043f3d95b4f557339da84775960bbbb8f0d14115e3e6,451261a4e8f8be85144eac750777be30d8735581f799bae5d6f193dc8b376b26,1e840f8893e8375d44986dd72d7a6adbcbeeebbe046480c3e359f92905df0d37,27290117,1,1e-05,2122291,7138590,6768930,26,2122265,36f8bb9ebf40ede2,artifacts/surface_code_cache/gr/ftqc_compile_topology_qec/H5_sto-3g_triplet_1__distance_100_charge_1_grouping__4th_new_2_/36f8bb9ebf40ede2/compile.yaml,256,ok,dea250d97055e2e9473c637c17c0272216bb00867ffc92880446e6d02a01b2f6,configs/topologies/logical_placement_h4_h7/h5_compact_numeric.yaml,96,replication,253088,35,3.1818181818181817,[],1,0.0,0.0,1.2414170072312158,0.0,0.0,True,True,True
4,h5_p1e-05_placement_intermediate_latency_quarter,96,15,artifacts/surface_code_fractional_path_latency_sweep_h4_h6_4th_paired/compile_info/h5_p1e-05_placement_intermediate_latency_quarter.json,intermediate,placement,be80d0251428081b5970d714b0177a4f6f6dcb7c5a1b3012f6fb426695637d71,520226,464777,4,6,1,18.50854082033038,38.42409,4,4,True,2652189,1285963,832920,0,Dim2,4,15,475906,451262,10000,475906,451262,2,H5,be867c2d23c889f82e0ad84860ad4cefeb908e09452eaa30a2b3a5b04b5e3b4d,4,quarter,1,4th(new_2),43200,e6248f75189a660f83bf043f3d95b4f557339da84775960bbbb8f0d14115e3e6,451261a4e8f8be85144eac750777be30d8735581f799bae5d6f193dc8b376b26,1e840f8893e8375d44986dd72d7a6adbcbeeebbe046480c3e359f92905df0d37,33590678,1,1e-05,2561606,7138590,6768930,180,2561426,36f8bb9ebf40ede2,artifacts/surface_code_cache/gr/ftqc_compile_topology_qec/H5_sto-3g_triplet_1__distance_100_charge_1_grouping__4th_new_2_/36f8bb9ebf40ede2/compile.yaml,256,ok,dea250d97055e2e9473c637c17c0272216bb00867ffc92880446e6d02a01b2f6,configs/topologies/logical_placement_h4_h7/h5_compact_numeric.yaml,96,replication,253088,35,3.1818181818181817,[],1,3.608156939133589,3.608156939133589,5.579312429470495,20.700035951714433,23.087335975877266,True,True,True
4,h5_p1e-05_placement_intermediate_latency_unit,96,15,artifacts/surface_code_fractional_path_latency_sweep_h4_h6_4th_paired/compile_info/h5_p1e-05_placement_intermediate_latency_unit.json,intermediate,placement,be80d0251428081b5970d714b0177a4f6f6dcb7c5a1b3012f6fb426695637d71,520226,866253,1,18,1,19.022867172025144,44.10405,4,4,True,2652189,1285963,839780,0,Dim2,4,15,475906,451262,10000,475906,451262,2,H5,be867c2d23c889f82e0ad84860ad4cefeb908e09452eaa30a2b3a5b04b5e3b4d,1,unit,1,4th(new_2),43200,e6248f75189a660f83bf043f3d95b4f557339da84775960bbbb8f0d14115e3e6,451261a4e8f8be85144eac750777be30d8735581f799bae5d6f193dc8b376b26,1e840f8893e8375d44986dd72d7a6adbcbeeebbe046480c3e359f92905df0d37,39536517,1,1e-05,2940270,7138590,6768930,568,2939702,36f8bb9ebf40ede2,artifacts/surface_code_cache/gr/ftqc_compile_topology_qec/H5_sto-3g_triplet_1__distance_100_charge_1_grouping__4th_new_2_/36f8bb9ebf40ede2/compile.yaml,256,ok,dea250d97055e2e9473c637c17c0272216bb00867ffc92880446e6d02a01b2f6,configs/topologies/logical_placement_h4_h7/h5_compact_numeric.yaml,96,replication,253088,35,3.1818181818181817,[],1,9.491114159699343,9.491114159699343,12.018099118288328,38.5422639967846,44.874853413050594,True,True,True
4,h5_p1e-05_placement_perimeter_latency_fixed,96,15,artifacts/surface_code_fractional_path_latency_sweep_h4_h6_4th_paired/compile_info/h5_p1e-05_placement_perimeter_latency_fixed.json,perimeter,placement,be80d0251428081b5970d714b0177a4f6f6dcb7c5a1b3012f6fb426695637d71,520226,0,1,2,0,18.832904133945704,31.834889999999998,4,4,True,2652189,1285963,830636,0,Dim2,4,15,475906,451262,10000,475906,451262,2,H5,be867c2d23c889f82e0ad84860ad4cefeb908e09452eaa30a2b3a5b04b5e3b4d,1,fixed,0,4th(new_2),43200,e6248f75189a660f83bf043f3d95b4f557339da84775960bbbb8f0d14115e3e6,451261a4e8f8be85144eac750777be30d8735581f799bae5d6f193dc8b376b26,1e840f8893e8375d44986dd72d7a6adbcbeeebbe046480c3e359f92905df0d37,29174676,1,1e-05,2122326,7138590,6768930,61,2122265,36f8bb9ebf40ede2,artifacts/surface_code_cache/gr/ftqc_compile_topology_qec/H5_sto-3g_triplet_1__distance_100_charge_1_grouping__4th_new_2_/36f8bb9ebf40ede2/compile.yaml,256,ok,13b529ae967c27a54acc0a3491940eae11c434c3764fb99c0eb7a0f9d5564a1c,configs/topologies/logical_placement_h4_h7/h5_perimeter_numeric.yaml,96,replication,390044,65,5.909090909090909,[],2,0.0016491612130575817,0.0016491612130575817,8.232791342259937,0.0,0.0,True,True,True
4,h5_p1e-05_placement_perimeter_latency_quarter,96,15,artifacts/surface_code_fractional_path_latency_sweep_h4_h6_4th_paired/compile_info/h5_p1e-05_placement_perimeter_latency_quarter.json,perimeter,placement,be80d0251428081b5970d714b0177a4f6f6dcb7c5a1b3012f6fb426695637d71,520226,848790,4,7,1,19.681818035431206,43.908494999999995,4,4,True,2652189,1285963,846788,0,Dim2,4,15,475906,451262,10000,475906,451262,2,H5,be867c2d23c889f82e0ad84860ad4cefeb908e09452eaa30a2b3a5b04b5e3b4d,4,quarter,1,4th(new_2),43200,e6248f75189a660f83bf043f3d95b4f557339da84775960bbbb8f0d14115e3e6,451261a4e8f8be85144eac750777be30d8735581f799bae5d6f193dc8b376b26,1e840f8893e8375d44986dd72d7a6adbcbeeebbe046480c3e359f92905df0d37,43529535,1,1e-05,2927233,7138590,6768930,856,2926377,36f8bb9ebf40ede2,artifacts/surface_code_cache/gr/ftqc_compile_topology_qec/H5_sto-3g_triplet_1__distance_100_charge_1_grouping__4th_new_2_/36f8bb9ebf40ede2/compile.yaml,256,ok,13b529ae967c27a54acc0a3491940eae11c434c3764fb99c0eb7a0f9d5564a1c,configs/topologies/logical_placement_h4_h7/h5_perimeter_numeric.yaml,96,replication,390044,65,5.909090909090909,[],2,18.39651221203058,18.39651221203058,36.81826772518766,37.92570038721668,49.203147962979955,True,True,True
4,h5_p1e-05_placement_perimeter_latency_unit,96,15,artifacts/surface_code_fractional_path_latency_sweep_h4_h6_4th_paired/compile_info/h5_p1e-05_placement_perimeter_latency_unit.json,perimeter,placement,be80d0251428081b5970d714b0177a4f6f6dcb7c5a1b3012f6fb426695637d71,520226,2499298,1,20,1,22.209456905722618,67.384215,4,4,True,2652189,1285963,942548,0,Dim2,4,15,475906,451262,10000,475906,451262,2,H5,be867c2d23c889f82e0ad84860ad4cefeb908e09452eaa30a2b3a5b04b5e3b4d,1,unit,1,4th(new_2),43200,e6248f75189a660f83bf043f3d95b4f557339da84775960bbbb8f0d14115e3e6,451261a4e8f8be85144eac750777be30d8735581f799bae5d6f193dc8b376b26,1e840f8893e8375d44986dd72d7a6adbcbeeebbe046480c3e359f92905df0d37,71455885,1,1e-05,4492281,7138590,6768930,2703,4489578,36f8bb9ebf40ede2,artifacts/surface_code_cache/gr/ftqc_compile_topology_qec/H5_sto-3g_triplet_1__distance_100_charge_1_grouping__4th_new_2_/36f8bb9ebf40ede2/compile.yaml,256,ok,13b529ae967c27a54acc0a3491940eae11c434c3764fb99c0eb7a0f9d5564a1c,configs/topologies/logical_placement_h4_h7/h5_perimeter_numeric.yaml,96,replication,390044,65,5.909090909090909,[],2,67.28560703896184,67.28560703896184,102.45466763081362,111.66781163685502,144.9243480887328,True,True,True
4,h5_p1e-05_routing_remote_latency_fixed,88,15,artifacts/surface_code_fractional_path_latency_sweep_h4_h6_4th_paired/compile_info/h5_p1e-05_routing_remote_latency_fixed.json,remote,routing,be80d0251428081b5970d714b0177a4f6f6dcb7c5a1b3012f6fb426695637d71,520226,0,1,2,0,18.15711255464703,31.834365,4,12,True,2652189,1285963,821960,0,Dim2,4,15,475906,451262,10000,475906,451262,2,H5,be867c2d23c889f82e0ad84860ad4cefeb908e09452eaa30a2b3a5b04b5e3b4d,1,fixed,0,4th(new_2),39600,e6248f75189a660f83bf043f3d95b4f557339da84775960bbbb8f0d14115e3e6,451261a4e8f8be85144eac750777be30d8735581f799bae5d6f193dc8b376b26,1e840f8893e8375d44986dd72d7a6adbcbeeebbe046480c3e359f92905df0d37,26955591,1,1e-05,2122291,7138590,6768930,26,2122265,36f8bb9ebf40ede2,artifacts/surface_code_cache/gr/ftqc_compile_topology_qec/H5_sto-3g_triplet_1__distance_100_charge_1_grouping__4th_new_2_/36f8bb9ebf40ede2/compile.yaml,256,ok,019747f2ad865de52adc4f55a7de90a37f8036f43ba446ba0c2739f6e5bf0e71,configs/topologies/routing_capacity_h4_h7_4th/h5_remote_ban_control.yaml,88,replication,225172,35,3.1818181818181817,[],0,0.0,0.0,0.0,0.0,0.0,True,True,True
4,h5_p1e-05_routing_remote_latency_quarter,88,15,artifacts/surface_code_fractional_path_latency_sweep_h4_h6_4th_paired/compile_info/h5_p1e-05_routing_remote_latency_quarter.json,remote,routing,be80d0251428081b5970d714b0177a4f6f6dcb7c5a1b3012f6fb426695637d71,520226,373175,4,6,1,18.6650659898296,37.085969999999996,4,12,True,2652189,1285963,828344,0,Dim2,4,15,475906,451262,10000,475906,451262,2,H5,be867c2d23c889f82e0ad84860ad4cefeb908e09452eaa30a2b3a5b04b5e3b4d,4,quarter,1,4th(new_2),39600,e6248f75189a660f83bf043f3d95b4f557339da84775960bbbb8f0d14115e3e6,451261a4e8f8be85144eac750777be30d8735581f799bae5d6f193dc8b376b26,1e840f8893e8375d44986dd72d7a6adbcbeeebbe046480c3e359f92905df0d37,31815392,1,1e-05,2472398,7138590,6768930,138,2472260,36f8bb9ebf40ede2,artifacts/surface_code_cache/gr/ftqc_compile_topology_qec/H5_sto-3g_triplet_1__distance_100_charge_1_grouping__4th_new_2_/36f8bb9ebf40ede2/compile.yaml,256,ok,019747f2ad865de52adc4f55a7de90a37f8036f43ba446ba0c2739f6e5bf0e71,configs/topologies/routing_capacity_h4_h7_4th/h5_remote_ban_control.yaml,88,replication,225172,35,3.1818181818181817,[],0,0.0,0.0,0.0,16.496653851898735,18.028916524219408,True,True,True
4,h5_p1e-05_routing_remote_latency_unit,88,15,artifacts/surface_code_fractional_path_latency_sweep_h4_h6_4th_paired/compile_info/h5_p1e-05_routing_remote_latency_unit.json,remote,routing,be80d0251428081b5970d714b0177a4f6f6dcb7c5a1b3012f6fb426695637d71,520226,610478,1,29,1,18.87317080795765,40.28091,4,12,True,2652189,1285963,832816,0,Dim2,4,15,475906,451262,10000,475906,451262,2,H5,be867c2d23c889f82e0ad84860ad4cefeb908e09452eaa30a2b3a5b04b5e3b4d,1,unit,1,4th(new_2),39600,e6248f75189a660f83bf043f3d95b4f557339da84775960bbbb8f0d14115e3e6,451261a4e8f8be85144eac750777be30d8735581f799bae5d6f193dc8b376b26,1e840f8893e8375d44986dd72d7a6adbcbeeebbe046480c3e359f92905df0d37,35292114,1,1e-05,2685394,7138590,6768930,672,2684722,36f8bb9ebf40ede2,artifacts/surface_code_cache/gr/ftqc_compile_topology_qec/H5_sto-3g_triplet_1__distance_100_charge_1_grouping__4th_new_2_/36f8bb9ebf40ede2/compile.yaml,256,ok,019747f2ad865de52adc4f55a7de90a37f8036f43ba446ba0c2739f6e5bf0e71,configs/topologies/routing_capacity_h4_h7_4th/h5_remote_ban_control.yaml,88,replication,225172,35,3.1818181818181817,[],0,0.0,0.0,0.0,26.53278933002119,30.926878954351245,True,True,True
4,h5_p1e-05_routing_moderate_latency_fixed,88,15,artifacts/surface_code_fractional_path_latency_sweep_h4_h6_4th_paired/compile_info/h5_p1e-05_routing_moderate_latency_fixed.json,moderate,routing,be80d0251428081b5970d714b0177a4f6f6dcb7c5a1b3012f6fb426695637d71,520226,0,1,2,0,18.560505751520395,31.8345,4,12,True,2652189,1285963,825244,0,Dim2,4,15,475906,451262,10000,475906,451262,2,H5,be867c2d23c889f82e0ad84860ad4cefeb908e09452eaa30a2b3a5b04b5e3b4d,1,fixed,0,4th(new_2),39600,e6248f75189a660f83bf043f3d95b4f557339da84775960bbbb8f0d14115e3e6,451261a4e8f8be85144eac750777be30d8735581f799bae5d6f193dc8b376b26,1e840f8893e8375d44986dd72d7a6adbcbeeebbe046480c3e359f92905df0d37,27177564,1,1e-05,2122300,7138590,6768930,35,2122265,36f8bb9ebf40ede2,artifacts/surface_code_cache/gr/ftqc_compile_topology_qec/H5_sto-3g_triplet_1__distance_100_charge_1_grouping__4th_new_2_/36f8bb9ebf40ede2/compile.yaml,256,ok,12dd4607dc8901994d14ed714d21673c4c62e314b7fae30c66697053879049d0,configs/topologies/routing_capacity_h4_h7_4th/h5_moderate_choke.yaml,88,replication,287724,35,3.1818181818181817,[],1,0.00042407002620592493,0.00042407002620592493,0.8234766583303577,0.0,0.0,True,True,True
4,h5_p1e-05_routing_moderate_latency_quarter,88,15,artifacts/surface_code_fractional_path_latency_sweep_h4_h6_4th_paired/compile_info/h5_p1e-05_routing_moderate_latency_quarter.json,moderate,routing,be80d0251428081b5970d714b0177a4f6f6dcb7c5a1b3012f6fb426695637d71,520226,413785,4,8,1,19.212317181751132,37.62321,4,12,True,2652189,1285963,833528,0,Dim2,4,15,475906,451262,10000,475906,451262,2,H5,be867c2d23c889f82e0ad84860ad4cefeb908e09452eaa30a2b3a5b04b5e3b4d,4,quarter,1,4th(new_2),39600,e6248f75189a660f83bf043f3d95b4f557339da84775960bbbb8f0d14115e3e6,451261a4e8f8be85144eac750777be30d8735581f799bae5d6f193dc8b376b26,1e840f8893e8375d44986dd72d7a6adbcbeeebbe046480c3e359f92905df0d37,32943559,1,1e-05,2508214,7138590,6768930,258,2507956,36f8bb9ebf40ede2,artifacts/surface_code_cache/gr/ftqc_compile_topology_qec/H5_sto-3g_triplet_1__distance_100_charge_1_grouping__4th_new_2_/36f8bb9ebf40ede2/compile.yaml,256,ok,12dd4607dc8901994d14ed714d21673c4c62e314b7fae30c66697053879049d0,configs/topologies/routing_capacity_h4_h7_4th/h5_moderate_choke.yaml,88,replication,287724,35,3.1818181818181817,[],1,1.4486340791409758,1.4486340791409758,3.545978625691615,18.18376289874193,21.216011118582955,True,True,True
4,h5_p1e-05_routing_moderate_latency_unit,88,15,artifacts/surface_code_fractional_path_latency_sweep_h4_h6_4th_paired/compile_info/h5_p1e-05_routing_moderate_latency_unit.json,moderate,routing,be80d0251428081b5970d714b0177a4f6f6dcb7c5a1b3012f6fb426695637d71,520226,768489,1,31,1,19.461781702004373,42.398309999999995,4,12,True,2652189,1285963,839652,0,Dim2,4,15,475906,451262,10000,475906,451262,2,H5,be867c2d23c889f82e0ad84860ad4cefeb908e09452eaa30a2b3a5b04b5e3b4d,1,unit,1,4th(new_2),39600,e6248f75189a660f83bf043f3d95b4f557339da84775960bbbb8f0d14115e3e6,451261a4e8f8be85144eac750777be30d8735581f799bae5d6f193dc8b376b26,1e840f8893e8375d44986dd72d7a6adbcbeeebbe046480c3e359f92905df0d37,38830374,1,1e-05,2826554,7138590,6768930,2412,2824142,36f8bb9ebf40ede2,artifacts/surface_code_cache/gr/ftqc_compile_topology_qec/H5_sto-3g_triplet_1__distance_100_charge_1_grouping__4th_new_2_/36f8bb9ebf40ede2/compile.yaml,256,ok,12dd4607dc8901994d14ed714d21673c4c62e314b7fae30c66697053879049d0,configs/topologies/routing_capacity_h4_h7_4th/h5_moderate_choke.yaml,88,replication,287724,35,3.1818181818181817,[],1,5.256584322449509,5.256584322449509,10.025639155534849,33.183527305282,42.876580108504214,True,True,True
4,h5_p1e-05_routing_choke_latency_fixed,88,15,artifacts/surface_code_fractional_path_latency_sweep_h4_h6_4th_paired/compile_info/h5_p1e-05_routing_choke_latency_fixed.json,choke,routing,be80d0251428081b5970d714b0177a4f6f6dcb7c5a1b3012f6fb426695637d71,520226,0,1,2,0,18.84895364101976,31.835099999999997,4,12,True,2652189,1285963,829768,0,Dim2,4,15,475906,451262,10000,475906,451262,2,H5,be867c2d23c889f82e0ad84860ad4cefeb908e09452eaa30a2b3a5b04b5e3b4d,1,fixed,0,4th(new_2),39600,e6248f75189a660f83bf043f3d95b4f557339da84775960bbbb8f0d14115e3e6,451261a4e8f8be85144eac750777be30d8735581f799bae5d6f193dc8b376b26,1e840f8893e8375d44986dd72d7a6adbcbeeebbe046480c3e359f92905df0d37,27406639,1,1e-05,2122340,7138590,6768930,75,2122265,36f8bb9ebf40ede2,artifacts/surface_code_cache/gr/ftqc_compile_topology_qec/H5_sto-3g_triplet_1__distance_100_charge_1_grouping__4th_new_2_/36f8bb9ebf40ede2/compile.yaml,256,ok,fdd55baa04cec79c07eb7f410f87a9e17e0707520084705f2a53636b4cb43e4c,configs/topologies/routing_capacity_h4_h7_4th/h5_central_choke.yaml,88,replication,359364,35,3.1818181818181817,[],2,0.0023088256982717326,0.0023088256982717326,1.6733003553882408,0.0,0.0,True,True,True
4,h5_p1e-05_routing_choke_latency_quarter,88,15,artifacts/surface_code_fractional_path_latency_sweep_h4_h6_4th_paired/compile_info/h5_p1e-05_routing_choke_latency_quarter.json,choke,routing,be80d0251428081b5970d714b0177a4f6f6dcb7c5a1b3012f6fb426695637d71,520226,461849,4,11,1,18.856679086573422,38.233635,4,12,True,2652189,1285963,838540,0,Dim2,4,15,475906,451262,10000,475906,451262,2,H5,be867c2d23c889f82e0ad84860ad4cefeb908e09452eaa30a2b3a5b04b5e3b4d,4,quarter,1,4th(new_2),39600,e6248f75189a660f83bf043f3d95b4f557339da84775960bbbb8f0d14115e3e6,451261a4e8f8be85144eac750777be30d8735581f799bae5d6f193dc8b376b26,1e840f8893e8375d44986dd72d7a6adbcbeeebbe046480c3e359f92905df0d37,34292525,1,1e-05,2548909,7138590,6768930,1309,2547600,36f8bb9ebf40ede2,artifacts/surface_code_cache/gr/ftqc_compile_topology_qec/H5_sto-3g_triplet_1__distance_100_charge_1_grouping__4th_new_2_/36f8bb9ebf40ede2/compile.yaml,256,ok,fdd55baa04cec79c07eb7f410f87a9e17e0707520084705f2a53636b4cb43e4c,configs/topologies/routing_capacity_h4_h7_4th/h5_central_choke.yaml,88,replication,359364,35,3.1818181818181817,[],2,3.09460693626189,3.09460693626189,7.785957815638422,20.098994506064074,25.124883062093083,True,True,True
4,h5_p1e-05_routing_choke_latency_unit,88,15,artifacts/surface_code_fractional_path_latency_sweep_h4_h6_4th_paired/compile_info/h5_p1e-05_routing_choke_latency_unit.json,choke,routing,be80d0251428081b5970d714b0177a4f6f6dcb7c5a1b3012f6fb426695637d71,520226,883487,1,36,1,19.365582183003426,43.899164999999996,4,12,True,2652189,1285963,845728,0,Dim2,4,15,475906,451262,10000,475906,451262,2,H5,be867c2d23c889f82e0ad84860ad4cefeb908e09452eaa30a2b3a5b04b5e3b4d,1,unit,1,4th(new_2),39600,e6248f75189a660f83bf043f3d95b4f557339da84775960bbbb8f0d14115e3e6,451261a4e8f8be85144eac750777be30d8735581f799bae5d6f193dc8b376b26,1e840f8893e8375d44986dd72d7a6adbcbeeebbe046480c3e359f92905df0d37,42250360,1,1e-05,2926611,7138590,6768930,7135,2919476,36f8bb9ebf40ede2,artifacts/surface_code_cache/gr/ftqc_compile_topology_qec/H5_sto-3g_triplet_1__distance_100_charge_1_grouping__4th_new_2_/36f8bb9ebf40ede2/compile.yaml,256,ok,fdd55baa04cec79c07eb7f410f87a9e17e0707520084705f2a53636b4cb43e4c,configs/topologies/routing_capacity_h4_h7_4th/h5_central_choke.yaml,88,replication,359364,35,3.1818181818181817,[],2,8.982555260047498,8.982555260047498,19.716149619147206,37.89548328731493,54.16104105286315,True,True,True
4,h5_p1e-02_placement_compact_latency_fixed,96,13,artifacts/surface_code_fractional_path_latency_sweep_h4_h6_4th_paired/compile_info/h5_p1e-02_placement_compact_latency_fixed.json,compact,placement,be80d0251428081b5970d714b0177a4f6f6dcb7c5a1b3012f6fb426695637d71,63258,0,1,2,0,3.503410098142922,4.710056,4,4,True,577167,189431,233384,0,Dim2,4,15,18938,17284,10000,18938,17284,2,H5,37162f0541135fde24e639924577cc2a512bdf0f6df9e5b9c74dec628cfe102a,1,fixed,0,4th(new_2),32448,e6248f75189a660f83bf043f3d95b4f557339da84775960bbbb8f0d14115e3e6,451261a4e8f8be85144eac750777be30d8735581f799bae5d6f193dc8b376b26,1e840f8893e8375d44986dd72d7a6adbcbeeebbe046480c3e359f92905df0d37,5208341,1,0.01,362312,284070,259260,1,362311,8557d3f4c12c6eeb,artifacts/surface_code_cache/gr/ftqc_compile_topology_qec/H5_sto-3g_triplet_1__distance_100_charge_1_grouping__4th_new_2_/8557d3f4c12c6eeb/compile.yaml,256,ok,a1778d35889c9a6ab527710f91a08738f1021edd825501b045c6c862f7fdc76d,configs/topologies/logical_placement_h4_h7/h5_compact_interaction_aware.yaml,96,replication,210628,35,3.1818181818181817,[],0,0.0,0.0,0.0,0.0,0.0,True,True,True
4,h5_p1e-02_placement_compact_latency_quarter,96,13,artifacts/surface_code_fractional_path_latency_sweep_h4_h6_4th_paired/compile_info/h5_p1e-02_placement_compact_latency_quarter.json,compact,placement,be80d0251428081b5970d714b0177a4f6f6dcb7c5a1b3012f6fb426695637d71,63258,74142,4,6,1,3.576578593812883,5.586139,4,4,True,577167,189431,233252,0,Dim2,4,15,18938,17284,10000,18938,17284,2,H5,37162f0541135fde24e639924577cc2a512bdf0f6df9e5b9c74dec628cfe102a,4,quarter,1,4th(new_2),32448,e6248f75189a660f83bf043f3d95b4f557339da84775960bbbb8f0d14115e3e6,451261a4e8f8be85144eac750777be30d8735581f799bae5d6f193dc8b376b26,1e840f8893e8375d44986dd72d7a6adbcbeeebbe046480c3e359f92905df0d37,6307178,1,0.01,429703,284070,259260,-351,430054,8557d3f4c12c6eeb,artifacts/surface_code_cache/gr/ftqc_compile_topology_qec/H5_sto-3g_triplet_1__distance_100_charge_1_grouping__4th_new_2_/8557d3f4c12c6eeb/compile.yaml,256,ok,a1778d35889c9a6ab527710f91a08738f1021edd825501b045c6c862f7fdc76d,configs/topologies/logical_placement_h4_h7/h5_compact_interaction_aware.yaml,96,replication,210628,35,3.1818181818181817,[],0,0.0,0.0,0.0,18.600267173044237,21.09763934427489,True,True,True
4,h5_p1e-02_placement_compact_latency_unit,96,13,artifacts/surface_code_fractional_path_latency_sweep_h4_h6_4th_paired/compile_info/h5_p1e-02_placement_compact_latency_unit.json,compact,placement,be80d0251428081b5970d714b0177a4f6f6dcb7c5a1b3012f6fb426695637d71,63258,186484,1,17,1,3.561802160926163,6.931613,4,4,True,577167,189431,233744,0,Dim2,4,15,18938,17284,10000,18938,17284,2,H5,37162f0541135fde24e639924577cc2a512bdf0f6df9e5b9c74dec628cfe102a,1,unit,1,4th(new_2),32448,e6248f75189a660f83bf043f3d95b4f557339da84775960bbbb8f0d14115e3e6,451261a4e8f8be85144eac750777be30d8735581f799bae5d6f193dc8b376b26,1e840f8893e8375d44986dd72d7a6adbcbeeebbe046480c3e359f92905df0d37,8090724,1,0.01,533201,284070,259260,-31,533232,8557d3f4c12c6eeb,artifacts/surface_code_cache/gr/ftqc_compile_topology_qec/H5_sto-3g_triplet_1__distance_100_charge_1_grouping__4th_new_2_/8557d3f4c12c6eeb/compile.yaml,256,ok,a1778d35889c9a6ab527710f91a08738f1021edd825501b045c6c862f7fdc76d,configs/topologies/logical_placement_h4_h7/h5_compact_interaction_aware.yaml,96,replication,210628,35,3.1818181818181817,[],0,0.0,0.0,0.0,47.16625449888494,55.34167213705861,True,True,True
4,h5_p1e-02_placement_intermediate_latency_fixed,96,13,artifacts/surface_code_fractional_path_latency_sweep_h4_h6_4th_paired/compile_info/h5_p1e-02_placement_intermediate_latency_fixed.json,intermediate,placement,be80d0251428081b5970d714b0177a4f6f6dcb7c5a1b3012f6fb426695637d71,63258,0,1,2,0,3.4525415850803256,4.710056,4,4,True,577167,189431,233460,0,Dim2,4,15,18938,17284,10000,18938,17284,2,H5,37162f0541135fde24e639924577cc2a512bdf0f6df9e5b9c74dec628cfe102a,1,fixed,0,4th(new_2),32448,e6248f75189a660f83bf043f3d95b4f557339da84775960bbbb8f0d14115e3e6,451261a4e8f8be85144eac750777be30d8735581f799bae5d6f193dc8b376b26,1e840f8893e8375d44986dd72d7a6adbcbeeebbe046480c3e359f92905df0d37,5304212,1,0.01,362312,284070,259260,1,362311,8557d3f4c12c6eeb,artifacts/surface_code_cache/gr/ftqc_compile_topology_qec/H5_sto-3g_triplet_1__distance_100_charge_1_grouping__4th_new_2_/8557d3f4c12c6eeb/compile.yaml,256,ok,dea250d97055e2e9473c637c17c0272216bb00867ffc92880446e6d02a01b2f6,configs/topologies/logical_placement_h4_h7/h5_compact_numeric.yaml,96,replication,253088,35,3.1818181818181817,[],1,0.0,0.0,1.8407204904594465,0.0,0.0,True,True,True
4,h5_p1e-02_placement_intermediate_latency_quarter,96,13,artifacts/surface_code_fractional_path_latency_sweep_h4_h6_4th_paired/compile_info/h5_p1e-02_placement_intermediate_latency_quarter.json,intermediate,placement,be80d0251428081b5970d714b0177a4f6f6dcb7c5a1b3012f6fb426695637d71,63258,85303,4,6,1,3.5312212547287345,5.721013999999999,4,4,True,577167,189431,233760,0,Dim2,4,15,18938,17284,10000,18938,17284,2,H5,37162f0541135fde24e639924577cc2a512bdf0f6df9e5b9c74dec628cfe102a,4,quarter,1,4th(new_2),32448,e6248f75189a660f83bf043f3d95b4f557339da84775960bbbb8f0d14115e3e6,451261a4e8f8be85144eac750777be30d8735581f799bae5d6f193dc8b376b26,1e840f8893e8375d44986dd72d7a6adbcbeeebbe046480c3e359f92905df0d37,6653701,1,0.01,440078,284070,259260,-341,440419,8557d3f4c12c6eeb,artifacts/surface_code_cache/gr/ftqc_compile_topology_qec/H5_sto-3g_triplet_1__distance_100_charge_1_grouping__4th_new_2_/8557d3f4c12c6eeb/compile.yaml,256,ok,dea250d97055e2e9473c637c17c0272216bb00867ffc92880446e6d02a01b2f6,configs/topologies/logical_placement_h4_h7/h5_compact_numeric.yaml,96,replication,253088,35,3.1818181818181817,[],1,2.41445835844758,2.41445835844758,5.494105287657969,21.463821236944945,25.4418375434466,True,True,True
4,h5_p1e-02_placement_intermediate_latency_unit,96,13,artifacts/surface_code_fractional_path_latency_sweep_h4_h6_4th_paired/compile_info/h5_p1e-02_placement_intermediate_latency_unit.json,intermediate,placement,be80d0251428081b5970d714b0177a4f6f6dcb7c5a1b3012f6fb426695637d71,63258,238515,1,17,1,3.6270673517137766,7.559981,4,4,True,577167,189431,233600,0,Dim2,4,15,18938,17284,10000,18938,17284,2,H5,37162f0541135fde24e639924577cc2a512bdf0f6df9e5b9c74dec628cfe102a,1,unit,1,4th(new_2),32448,e6248f75189a660f83bf043f3d95b4f557339da84775960bbbb8f0d14115e3e6,451261a4e8f8be85144eac750777be30d8735581f799bae5d6f193dc8b376b26,1e840f8893e8375d44986dd72d7a6adbcbeeebbe046480c3e359f92905df0d37,9245332,1,0.01,581537,284070,259260,-75,581612,8557d3f4c12c6eeb,artifacts/surface_code_cache/gr/ftqc_compile_topology_qec/H5_sto-3g_triplet_1__distance_100_charge_1_grouping__4th_new_2_/8557d3f4c12c6eeb/compile.yaml,256,ok,dea250d97055e2e9473c637c17c0272216bb00867ffc92880446e6d02a01b2f6,configs/topologies/logical_placement_h4_h7/h5_compact_numeric.yaml,96,replication,253088,35,3.1818181818181817,[],1,9.06524931498629,9.06524931498629,14.270762418789706,60.50724237673608,74.3017058895836,True,True,True
4,h5_p1e-02_placement_perimeter_latency_fixed,96,13,artifacts/surface_code_fractional_path_latency_sweep_h4_h6_4th_paired/compile_info/h5_p1e-02_placement_perimeter_latency_fixed.json,perimeter,placement,be80d0251428081b5970d714b0177a4f6f6dcb7c5a1b3012f6fb426695637d71,63258,0,1,2,0,3.5220720628276467,4.710472,4,4,True,577167,189431,233808,0,Dim2,4,15,18938,17284,10000,18938,17284,2,H5,37162f0541135fde24e639924577cc2a512bdf0f6df9e5b9c74dec628cfe102a,1,fixed,0,4th(new_2),32448,e6248f75189a660f83bf043f3d95b4f557339da84775960bbbb8f0d14115e3e6,451261a4e8f8be85144eac750777be30d8735581f799bae5d6f193dc8b376b26,1e840f8893e8375d44986dd72d7a6adbcbeeebbe046480c3e359f92905df0d37,5614229,1,0.01,362344,284070,259260,33,362311,8557d3f4c12c6eeb,artifacts/surface_code_cache/gr/ftqc_compile_topology_qec/H5_sto-3g_triplet_1__distance_100_charge_1_grouping__4th_new_2_/8557d3f4c12c6eeb/compile.yaml,256,ok,13b529ae967c27a54acc0a3491940eae11c434c3764fb99c0eb7a0f9d5564a1c,configs/topologies/logical_placement_h4_h7/h5_perimeter_numeric.yaml,96,replication,390044,65,5.909090909090909,[],2,0.008832166751315818,0.008832166751315818,7.793038128647867,0.0,0.0,True,True,True
4,h5_p1e-02_placement_perimeter_latency_quarter,96,13,artifacts/surface_code_fractional_path_latency_sweep_h4_h6_4th_paired/compile_info/h5_p1e-02_placement_perimeter_latency_quarter.json,perimeter,placement,be80d0251428081b5970d714b0177a4f6f6dcb7c5a1b3012f6fb426695637d71,63258,127271,4,7,1,3.6718542110174894,6.239427999999999,4,4,True,577167,189431,233672,0,Dim2,4,15,18938,17284,10000,18938,17284,2,H5,37162f0541135fde24e639924577cc2a512bdf0f6df9e5b9c74dec628cfe102a,4,quarter,1,4th(new_2),32448,e6248f75189a660f83bf043f3d95b4f557339da84775960bbbb8f0d14115e3e6,451261a4e8f8be85144eac750777be30d8735581f799bae5d6f193dc8b376b26,1e840f8893e8375d44986dd72d7a6adbcbeeebbe046480c3e359f92905df0d37,8110145,1,0.01,479956,284070,259260,242,479714,8557d3f4c12c6eeb,artifacts/surface_code_cache/gr/ftqc_compile_topology_qec/H5_sto-3g_triplet_1__distance_100_charge_1_grouping__4th_new_2_/8557d3f4c12c6eeb/compile.yaml,256,ok,13b529ae967c27a54acc0a3491940eae11c434c3764fb99c0eb7a0f9d5564a1c,configs/topologies/logical_placement_h4_h7/h5_perimeter_numeric.yaml,96,replication,390044,65,5.909090909090909,[],2,11.694821772247344,11.694821772247344,28.58595397180799,32.458658070783564,44.45696817853351,True,True,True
4,h5_p1e-02_placement_perimeter_latency_unit,96,15,artifacts/surface_code_fractional_path_latency_sweep_h4_h6_4th_paired/compile_info/h5_p1e-02_placement_perimeter_latency_unit.json,perimeter,placement,be80d0251428081b5970d714b0177a4f6f6dcb7c5a1b3012f6fb426695637d71,63258,417395,1,19,1,3.839440162293613,11.283959999999999,4,4,True,577167,189431,233412,0,Dim2,4,15,18938,17284,10000,18938,17284,2,H5,37162f0541135fde24e639924577cc2a512bdf0f6df9e5b9c74dec628cfe102a,1,unit,1,4th(new_2),43200,e6248f75189a660f83bf043f3d95b4f557339da84775960bbbb8f0d14115e3e6,451261a4e8f8be85144eac750777be30d8735581f799bae5d6f193dc8b376b26,1e840f8893e8375d44986dd72d7a6adbcbeeebbe046480c3e359f92905df0d37,13964316,1,0.01,752264,284070,259260,1834,750430,8557d3f4c12c6eeb,artifacts/surface_code_cache/gr/ftqc_compile_topology_qec/H5_sto-3g_triplet_1__distance_100_charge_1_grouping__4th_new_2_/8557d3f4c12c6eeb/compile.yaml,256,ok,13b529ae967c27a54acc0a3491940eae11c434c3764fb99c0eb7a0f9d5564a1c,configs/topologies/logical_placement_h4_h7/h5_perimeter_numeric.yaml,96,replication,390044,65,5.909090909090909,[],2,41.08450659319844,62.789815299844356,72.59661805297029,107.61044753052347,148.73078743314528,True,True,True
4,h5_p1e-02_routing_remote_latency_fixed,88,13,artifacts/surface_code_fractional_path_latency_sweep_h4_h6_4th_paired/compile_info/h5_p1e-02_routing_remote_latency_fixed.json,remote,routing,be80d0251428081b5970d714b0177a4f6f6dcb7c5a1b3012f6fb426695637d71,63258,0,1,2,0,3.4562884205952287,4.710056,4,12,True,577167,189431,233768,0,Dim2,4,15,18938,17284,10000,18938,17284,2,H5,37162f0541135fde24e639924577cc2a512bdf0f6df9e5b9c74dec628cfe102a,1,fixed,0,4th(new_2),29744,e6248f75189a660f83bf043f3d95b4f557339da84775960bbbb8f0d14115e3e6,451261a4e8f8be85144eac750777be30d8735581f799bae5d6f193dc8b376b26,1e840f8893e8375d44986dd72d7a6adbcbeeebbe046480c3e359f92905df0d37,5208385,1,0.01,362312,284070,259260,1,362311,8557d3f4c12c6eeb,artifacts/surface_code_cache/gr/ftqc_compile_topology_qec/H5_sto-3g_triplet_1__distance_100_charge_1_grouping__4th_new_2_/8557d3f4c12c6eeb/compile.yaml,256,ok,019747f2ad865de52adc4f55a7de90a37f8036f43ba446ba0c2739f6e5bf0e71,configs/topologies/routing_capacity_h4_h7_4th/h5_remote_ban_control.yaml,88,replication,225172,35,3.1818181818181817,[],0,0.0,0.0,0.0,0.0,0.0,True,True,True
4,h5_p1e-02_routing_remote_latency_quarter,88,13,artifacts/surface_code_fractional_path_latency_sweep_h4_h6_4th_paired/compile_info/h5_p1e-02_routing_remote_latency_quarter.json,remote,routing,be80d0251428081b5970d714b0177a4f6f6dcb7c5a1b3012f6fb426695637d71,63258,74151,4,7,1,3.5042364532127976,5.586139,4,12,True,577167,189431,233620,0,Dim2,4,15,18938,17284,10000,18938,17284,2,H5,37162f0541135fde24e639924577cc2a512bdf0f6df9e5b9c74dec628cfe102a,4,quarter,1,4th(new_2),29744,e6248f75189a660f83bf043f3d95b4f557339da84775960bbbb8f0d14115e3e6,451261a4e8f8be85144eac750777be30d8735581f799bae5d6f193dc8b376b26,1e840f8893e8375d44986dd72d7a6adbcbeeebbe046480c3e359f92905df0d37,6307573,1,0.01,429703,284070,259260,-351,430054,8557d3f4c12c6eeb,artifacts/surface_code_cache/gr/ftqc_compile_topology_qec/H5_sto-3g_triplet_1__distance_100_charge_1_grouping__4th_new_2_/8557d3f4c12c6eeb/compile.yaml,256,ok,019747f2ad865de52adc4f55a7de90a37f8036f43ba446ba0c2739f6e5bf0e71,configs/topologies/routing_capacity_h4_h7_4th/h5_remote_ban_control.yaml,88,replication,225172,35,3.1818181818181817,[],0,0.0,0.0,0.0,18.600267173044237,21.104200246333548,True,True,True
4,h5_p1e-02_routing_remote_latency_unit,88,13,artifacts/surface_code_fractional_path_latency_sweep_h4_h6_4th_paired/compile_info/h5_p1e-02_routing_remote_latency_unit.json,remote,routing,be80d0251428081b5970d714b0177a4f6f6dcb7c5a1b3012f6fb426695637d71,63258,186515,1,20,1,3.54065035097301,6.931977,4,12,True,577167,189431,233728,0,Dim2,4,15,18938,17284,10000,18938,17284,2,H5,37162f0541135fde24e639924577cc2a512bdf0f6df9e5b9c74dec628cfe102a,1,unit,1,4th(new_2),29744,e6248f75189a660f83bf043f3d95b4f557339da84775960bbbb8f0d14115e3e6,451261a4e8f8be85144eac750777be30d8735581f799bae5d6f193dc8b376b26,1e840f8893e8375d44986dd72d7a6adbcbeeebbe046480c3e359f92905df0d37,8092363,1,0.01,533229,284070,259260,-30,533259,8557d3f4c12c6eeb,artifacts/surface_code_cache/gr/ftqc_compile_topology_qec/H5_sto-3g_triplet_1__distance_100_charge_1_grouping__4th_new_2_/8557d3f4c12c6eeb/compile.yaml,256,ok,019747f2ad865de52adc4f55a7de90a37f8036f43ba446ba0c2739f6e5bf0e71,configs/topologies/routing_capacity_h4_h7_4th/h5_remote_ban_control.yaml,88,replication,225172,35,3.1818181818181817,[],0,0.0,0.0,0.0,47.17398264479233,55.37182831146315,True,True,True
4,h5_p1e-02_routing_moderate_latency_fixed,88,13,artifacts/surface_code_fractional_path_latency_sweep_h4_h6_4th_paired/compile_info/h5_p1e-02_routing_moderate_latency_fixed.json,moderate,routing,be80d0251428081b5970d714b0177a4f6f6dcb7c5a1b3012f6fb426695637d71,63258,0,1,2,0,3.4722496503964067,4.710056,4,12,True,577167,189431,233556,0,Dim2,4,15,18938,17284,10000,18938,17284,2,H5,37162f0541135fde24e639924577cc2a512bdf0f6df9e5b9c74dec628cfe102a,1,fixed,0,4th(new_2),29744,e6248f75189a660f83bf043f3d95b4f557339da84775960bbbb8f0d14115e3e6,451261a4e8f8be85144eac750777be30d8735581f799bae5d6f193dc8b376b26,1e840f8893e8375d44986dd72d7a6adbcbeeebbe046480c3e359f92905df0d37,5348135,1,0.01,362312,284070,259260,1,362311,8557d3f4c12c6eeb,artifacts/surface_code_cache/gr/ftqc_compile_topology_qec/H5_sto-3g_triplet_1__distance_100_charge_1_grouping__4th_new_2_/8557d3f4c12c6eeb/compile.yaml,256,ok,12dd4607dc8901994d14ed714d21673c4c62e314b7fae30c66697053879049d0,configs/topologies/routing_capacity_h4_h7_4th/h5_moderate_choke.yaml,88,replication,287724,35,3.1818181818181817,[],1,0.0,0.0,2.6831733829200344,0.0,0.0,True,True,True
4,h5_p1e-02_routing_moderate_latency_quarter,88,13,artifacts/surface_code_fractional_path_latency_sweep_h4_h6_4th_paired/compile_info/h5_p1e-02_routing_moderate_latency_quarter.json,moderate,routing,be80d0251428081b5970d714b0177a4f6f6dcb7c5a1b3012f6fb426695637d71,63258,90865,4,8,1,3.5595184229314327,5.788042,4,12,True,577167,189431,233508,0,Dim2,4,15,18938,17284,10000,18938,17284,2,H5,37162f0541135fde24e639924577cc2a512bdf0f6df9e5b9c74dec628cfe102a,4,quarter,1,4th(new_2),29744,e6248f75189a660f83bf043f3d95b4f557339da84775960bbbb8f0d14115e3e6,451261a4e8f8be85144eac750777be30d8735581f799bae5d6f193dc8b376b26,1e840f8893e8375d44986dd72d7a6adbcbeeebbe046480c3e359f92905df0d37,6901827,1,0.01,445234,284070,259260,-214,445448,8557d3f4c12c6eeb,artifacts/surface_code_cache/gr/ftqc_compile_topology_qec/H5_sto-3g_triplet_1__distance_100_charge_1_grouping__4th_new_2_/8557d3f4c12c6eeb/compile.yaml,256,ok,12dd4607dc8901994d14ed714d21673c4c62e314b7fae30c66697053879049d0,configs/topologies/routing_capacity_h4_h7_4th/h5_moderate_choke.yaml,88,replication,287724,35,3.1818181818181817,[],1,3.6143568930168124,3.6143568930168124,9.421278200030336,22.886904104749494,29.051099121469438,True,True,True
4,h5_p1e-02_routing_moderate_latency_unit,88,13,artifacts/surface_code_fractional_path_latency_sweep_h4_h6_4th_paired/compile_info/h5_p1e-02_routing_moderate_latency_unit.json,moderate,routing,be80d0251428081b5970d714b0177a4f6f6dcb7c5a1b3012f6fb426695637d71,63258,257391,1,25,1,3.6589502319693565,7.806877,4,12,True,577167,189431,233668,0,Dim2,4,15,18938,17284,10000,18938,17284,2,H5,37162f0541135fde24e639924577cc2a512bdf0f6df9e5b9c74dec628cfe102a,1,unit,1,4th(new_2),29744,e6248f75189a660f83bf043f3d95b4f557339da84775960bbbb8f0d14115e3e6,451261a4e8f8be85144eac750777be30d8735581f799bae5d6f193dc8b376b26,1e840f8893e8375d44986dd72d7a6adbcbeeebbe046480c3e359f92905df0d37,9965252,1,0.01,600529,284070,259260,792,599737,8557d3f4c12c6eeb,artifacts/surface_code_cache/gr/ftqc_compile_topology_qec/H5_sto-3g_triplet_1__distance_100_charge_1_grouping__4th_new_2_/8557d3f4c12c6eeb/compile.yaml,256,ok,12dd4607dc8901994d14ed714d21673c4c62e314b7fae30c66697053879049d0,configs/topologies/routing_capacity_h4_h7_4th/h5_moderate_choke.yaml,88,replication,287724,35,3.1818181818181817,[],1,12.621219025971953,12.621219025971953,23.14390740998642,65.74913334363752,86.33134728274436,True,True,True
4,h5_p1e-02_routing_choke_latency_fixed,88,13,artifacts/surface_code_fractional_path_latency_sweep_h4_h6_4th_paired/compile_info/h5_p1e-02_routing_choke_latency_fixed.json,choke,routing,be80d0251428081b5970d714b0177a4f6f6dcb7c5a1b3012f6fb426695637d71,63258,0,1,2,0,3.52172386739403,4.71159,4,12,True,577167,189431,233328,0,Dim2,4,15,18938,17284,10000,18938,17284,2,H5,37162f0541135fde24e639924577cc2a512bdf0f6df9e5b9c74dec628cfe102a,1,fixed,0,4th(new_2),29744,e6248f75189a660f83bf043f3d95b4f557339da84775960bbbb8f0d14115e3e6,451261a4e8f8be85144eac750777be30d8735581f799bae5d6f193dc8b376b26,1e840f8893e8375d44986dd72d7a6adbcbeeebbe046480c3e359f92905df0d37,5504416,1,0.01,362430,284070,259260,119,362311,8557d3f4c12c6eeb,artifacts/surface_code_cache/gr/ftqc_compile_topology_qec/H5_sto-3g_triplet_1__distance_100_charge_1_grouping__4th_new_2_/8557d3f4c12c6eeb/compile.yaml,256,ok,fdd55baa04cec79c07eb7f410f87a9e17e0707520084705f2a53636b4cb43e4c,configs/topologies/routing_capacity_h4_h7_4th/h5_central_choke.yaml,88,replication,359364,35,3.1818181818181817,[],2,0.03256861489544516,0.03256861489544516,5.683738817310924,0.0,0.0,True,True,True
4,h5_p1e-02_routing_choke_latency_quarter,88,13,artifacts/surface_code_fractional_path_latency_sweep_h4_h6_4th_paired/compile_info/h5_p1e-02_routing_choke_latency_quarter.json,choke,routing,be80d0251428081b5970d714b0177a4f6f6dcb7c5a1b3012f6fb426695637d71,63258,109252,4,9,1,3.6365393484011292,6.009328,4,12,True,577167,189431,233560,0,Dim2,4,15,18938,17284,10000,18938,17284,2,H5,37162f0541135fde24e639924577cc2a512bdf0f6df9e5b9c74dec628cfe102a,4,quarter,1,4th(new_2),29744,e6248f75189a660f83bf043f3d95b4f557339da84775960bbbb8f0d14115e3e6,451261a4e8f8be85144eac750777be30d8735581f799bae5d6f193dc8b376b26,1e840f8893e8375d44986dd72d7a6adbcbeeebbe046480c3e359f92905df0d37,7680661,1,0.01,462256,284070,259260,1526,460730,8557d3f4c12c6eeb,artifacts/surface_code_cache/gr/ftqc_compile_topology_qec/H5_sto-3g_triplet_1__distance_100_charge_1_grouping__4th_new_2_/8557d3f4c12c6eeb/compile.yaml,256,ok,fdd55baa04cec79c07eb7f410f87a9e17e0707520084705f2a53636b4cb43e4c,configs/topologies/routing_capacity_h4_h7_4th/h5_central_choke.yaml,88,replication,359364,35,3.1818181818181817,[],2,7.575697633016287,7.575697633016287,21.768880043084728,27.543525646331712,39.53634681681035,True,True,True
4,h5_p1e-02_routing_choke_latency_unit,88,15,artifacts/surface_code_fractional_path_latency_sweep_h4_h6_4th_paired/compile_info/h5_p1e-02_routing_choke_latency_unit.json,choke,routing,be80d0251428081b5970d714b0177a4f6f6dcb7c5a1b3012f6fb426695637d71,63258,335902,1,28,1,3.770740984007716,10.12422,4,12,True,577167,189431,233564,0,Dim2,4,15,18938,17284,10000,18938,17284,2,H5,37162f0541135fde24e639924577cc2a512bdf0f6df9e5b9c74dec628cfe102a,1,unit,1,4th(new_2),39600,e6248f75189a660f83bf043f3d95b4f557339da84775960bbbb8f0d14115e3e6,451261a4e8f8be85144eac750777be30d8735581f799bae5d6f193dc8b376b26,1e840f8893e8375d44986dd72d7a6adbcbeeebbe046480c3e359f92905df0d37,12609612,1,0.01,674948,284070,259260,7922,667026,8557d3f4c12c6eeb,artifacts/surface_code_cache/gr/ftqc_compile_topology_qec/H5_sto-3g_triplet_1__distance_100_charge_1_grouping__4th_new_2_/8557d3f4c12c6eeb/compile.yaml,256,ok,fdd55baa04cec79c07eb7f410f87a9e17e0707520084705f2a53636b4cb43e4c,configs/topologies/routing_capacity_h4_h7_4th/h5_central_choke.yaml,88,replication,359364,35,3.1818181818181817,[],2,26.577511725731352,46.050975068151544,55.82113654565421,86.2285130921833,129.08174091493083,True,True,True
4,h6_p1e-05_placement_compact_latency_fixed,96,15,artifacts/surface_code_fractional_path_latency_sweep_h4_h6_4th_paired/compile_info/h6_p1e-05_placement_compact_latency_fixed.json,compact,placement,be80d0251428081b5970d714b0177a4f6f6dcb7c5a1b3012f6fb426695637d71,1133608,0,1,2,0,39.10996142961085,68.64435,4,4,True,5796160,2770341,1736136,0,Dim2,4,15,1025480,966388,10000,1025480,966388,2,H6,523b0f82114685895d9f5b9afbdcab89ceb6b664e989851224ded58fcb6f3124,1,fixed,0,4th(new_2),43200,4f6d34061c9b4702a6a1d6a0107e7b52a7d246e50442fbf35a4d38f33f32ab76,451261a4e8f8be85144eac750777be30d8735581f799bae5d6f193dc8b376b26,1e840f8893e8375d44986dd72d7a6adbcbeeebbe046480c3e359f92905df0d37,67774704,1,1e-05,4576290,15382200,14495820,5,4576285,6aed3bb02388754d,artifacts/surface_code_cache/gr/ftqc_compile_topology_qec/H6_sto-3g_singlet_distance_100_charge_0_grouping__4th_new_2_/6aed3bb02388754d/compile.yaml,256,ok,dcaa5d62b6443e537c3140ebc4328f76ab7a90470c0ea7ca8c4aaff84c39eb36,configs/topologies/logical_placement_h4_h7/h6_compact_interaction_aware.yaml,96,replication,529804,43,3.3076923076923075,[],0,0.0,0.0,0.0,0.0,0.0,False,True,False
4,h6_p1e-05_placement_compact_latency_quarter,96,15,artifacts/surface_code_fractional_path_latency_sweep_h4_h6_4th_paired/compile_info/h6_p1e-05_placement_compact_latency_quarter.json,compact,placement,be80d0251428081b5970d714b0177a4f6f6dcb7c5a1b3012f6fb426695637d71,1133608,891705,4,8,1,40.22869888599962,81.130575,4,4,True,5796160,2770341,1752504,0,Dim2,4,15,1025480,966388,10000,1025480,966388,2,H6,523b0f82114685895d9f5b9afbdcab89ceb6b664e989851224ded58fcb6f3124,4,quarter,1,4th(new_2),43200,4f6d34061c9b4702a6a1d6a0107e7b52a7d246e50442fbf35a4d38f33f32ab76,451261a4e8f8be85144eac750777be30d8735581f799bae5d6f193dc8b376b26,1e840f8893e8375d44986dd72d7a6adbcbeeebbe046480c3e359f92905df0d37,81228545,1,1e-05,5408705,15382200,14495820,15,5408690,6aed3bb02388754d,artifacts/surface_code_cache/gr/ftqc_compile_topology_qec/H6_sto-3g_singlet_distance_100_charge_0_grouping__4th_new_2_/6aed3bb02388754d/compile.yaml,256,ok,dcaa5d62b6443e537c3140ebc4328f76ab7a90470c0ea7ca8c4aaff84c39eb36,configs/topologies/logical_placement_h4_h7/h6_compact_interaction_aware.yaml,96,replication,529804,43,3.3076923076923075,[],0,0.0,0.0,0.0,18.18973447923973,19.85082959565563,True,True,True
4,h6_p1e-05_placement_compact_latency_unit,96,15,artifacts/surface_code_fractional_path_latency_sweep_h4_h6_4th_paired/compile_info/h6_p1e-05_placement_compact_latency_unit.json,compact,placement,be80d0251428081b5970d714b0177a4f6f6dcb7c5a1b3012f6fb426695637d71,1133608,1602687,1,25,1,41.00054364558309,90.77622,4,4,True,5796160,2770341,1765636,0,Dim2,4,15,1025480,966388,10000,1025480,966388,2,H6,523b0f82114685895d9f5b9afbdcab89ceb6b664e989851224ded58fcb6f3124,1,unit,1,4th(new_2),43200,4f6d34061c9b4702a6a1d6a0107e7b52a7d246e50442fbf35a4d38f33f32ab76,451261a4e8f8be85144eac750777be30d8735581f799bae5d6f193dc8b376b26,1e840f8893e8375d44986dd72d7a6adbcbeeebbe046480c3e359f92905df0d37,92869543,1,1e-05,6051748,15382200,14495820,1438,6050310,6aed3bb02388754d,artifacts/surface_code_cache/gr/ftqc_compile_topology_qec/H6_sto-3g_singlet_distance_100_charge_0_grouping__4th_new_2_/6aed3bb02388754d/compile.yaml,256,ok,dcaa5d62b6443e537c3140ebc4328f76ab7a90470c0ea7ca8c4aaff84c39eb36,configs/topologies/logical_placement_h4_h7/h6_compact_interaction_aware.yaml,96,replication,529804,43,3.3076923076923075,[],0,0.0,0.0,0.0,32.24135708182829,37.02685149314706,True,True,True
4,h6_p1e-05_placement_intermediate_latency_fixed,96,15,artifacts/surface_code_fractional_path_latency_sweep_h4_h6_4th_paired/compile_info/h6_p1e-05_placement_intermediate_latency_fixed.json,intermediate,placement,be80d0251428081b5970d714b0177a4f6f6dcb7c5a1b3012f6fb426695637d71,1133608,0,1,2,0,39.300655936822295,68.64429,4,4,True,5796160,2770341,1741900,0,Dim2,4,15,1025480,966388,10000,1025480,966388,2,H6,523b0f82114685895d9f5b9afbdcab89ceb6b664e989851224ded58fcb6f3124,1,fixed,0,4th(new_2),43200,4f6d34061c9b4702a6a1d6a0107e7b52a7d246e50442fbf35a4d38f33f32ab76,451261a4e8f8be85144eac750777be30d8735581f799bae5d6f193dc8b376b26,1e840f8893e8375d44986dd72d7a6adbcbeeebbe046480c3e359f92905df0d37,68942524,1,1e-05,4576286,15382200,14495820,1,4576285,6aed3bb02388754d,artifacts/surface_code_cache/gr/ftqc_compile_topology_qec/H6_sto-3g_singlet_distance_100_charge_0_grouping__4th_new_2_/6aed3bb02388754d/compile.yaml,256,ok,8663bc0f610205fce081e2478c56b71b6833255caa66c3fe3502206231f2aaae,configs/topologies/logical_placement_h4_h7/h6_compact_numeric.yaml,96,replication,644340,43,3.3076923076923075,[],1,-8.740704806609045e-05,-8.740704806609045e-05,1.7230912583550362,0.0,0.0,False,True,False
4,h6_p1e-05_placement_intermediate_latency_quarter,96,15,artifacts/surface_code_fractional_path_latency_sweep_h4_h6_4th_paired/compile_info/h6_p1e-05_placement_intermediate_latency_quarter.json,intermediate,placement,be80d0251428081b5970d714b0177a4f6f6dcb7c5a1b3012f6fb426695637d71,1133608,1071517,4,8,1,40.10928229801357,83.725365,4,4,True,5796160,2770341,1760976,0,Dim2,4,15,1025480,966388,10000,1025480,966388,2,H6,523b0f82114685895d9f5b9afbdcab89ceb6b664e989851224ded58fcb6f3124,4,quarter,1,4th(new_2),43200,4f6d34061c9b4702a6a1d6a0107e7b52a7d246e50442fbf35a4d38f33f32ab76,451261a4e8f8be85144eac750777be30d8735581f799bae5d6f193dc8b376b26,1e840f8893e8375d44986dd72d7a6adbcbeeebbe046480c3e359f92905df0d37,85961440,1,1e-05,5581691,15382200,14495820,-115,5581806,6aed3bb02388754d,artifacts/surface_code_cache/gr/ftqc_compile_topology_qec/H6_sto-3g_singlet_distance_100_charge_0_grouping__4th_new_2_/6aed3bb02388754d/compile.yaml,256,ok,8663bc0f610205fce081e2478c56b71b6833255caa66c3fe3502206231f2aaae,configs/topologies/logical_placement_h4_h7/h6_compact_numeric.yaml,96,replication,644340,43,3.3076923076923075,[],1,3.19828868462968,3.19828868462968,5.8266401300183235,21.969889993763502,24.68565844789785,True,True,True
4,h6_p1e-05_placement_intermediate_latency_unit,96,17,artifacts/surface_code_fractional_path_latency_sweep_h4_h6_4th_paired/compile_info/h6_p1e-05_placement_intermediate_latency_unit.json,intermediate,placement,be80d0251428081b5970d714b0177a4f6f6dcb7c5a1b3012f6fb426695637d71,1133608,2459379,1,28,1,41.76187712419778,117.10167799999999,4,4,True,5796160,2770341,1816456,0,Dim2,4,15,1025480,966388,10000,1025480,966388,2,H6,523b0f82114685895d9f5b9afbdcab89ceb6b664e989851224ded58fcb6f3124,1,unit,1,4th(new_2),55488,4f6d34061c9b4702a6a1d6a0107e7b52a7d246e50442fbf35a4d38f33f32ab76,451261a4e8f8be85144eac750777be30d8735581f799bae5d6f193dc8b376b26,1e840f8893e8375d44986dd72d7a6adbcbeeebbe046480c3e359f92905df0d37,109201130,1,1e-05,6888334,15382200,14495820,565,6887769,6aed3bb02388754d,artifacts/surface_code_cache/gr/ftqc_compile_topology_qec/H6_sto-3g_singlet_distance_100_charge_0_grouping__4th_new_2_/6aed3bb02388754d/compile.yaml,256,ok,8663bc0f610205fce081e2478c56b71b6833255caa66c3fe3502206231f2aaae,configs/topologies/logical_placement_h4_h7/h6_compact_numeric.yaml,96,replication,644340,43,3.3076923076923075,[],1,13.823873697318522,29.000390190294322,17.585514553463444,50.52236682759774,58.39444752559393,True,True,True
4,h6_p1e-05_placement_perimeter_latency_fixed,96,15,artifacts/surface_code_fractional_path_latency_sweep_h4_h6_4th_paired/compile_info/h6_p1e-05_placement_perimeter_latency_fixed.json,perimeter,placement,be80d0251428081b5970d714b0177a4f6f6dcb7c5a1b3012f6fb426695637d71,1133608,0,1,2,0,40.184637137688696,68.64582,4,4,True,5796160,2770341,1757400,0,Dim2,4,15,1025480,966388,10000,1025480,966388,2,H6,523b0f82114685895d9f5b9afbdcab89ceb6b664e989851224ded58fcb6f3124,1,fixed,0,4th(new_2),43200,4f6d34061c9b4702a6a1d6a0107e7b52a7d246e50442fbf35a4d38f33f32ab76,451261a4e8f8be85144eac750777be30d8735581f799bae5d6f193dc8b376b26,1e840f8893e8375d44986dd72d7a6adbcbeeebbe046480c3e359f92905df0d37,72133419,1,1e-05,4576388,15382200,14495820,103,4576285,6aed3bb02388754d,artifacts/surface_code_cache/gr/ftqc_compile_topology_qec/H6_sto-3g_singlet_distance_100_charge_0_grouping__4th_new_2_/6aed3bb02388754d/compile.yaml,256,ok,ff55509857a3528f16f030cc3029bdd1c1ad05b9aaedacef79009bda1577933e,configs/topologies/logical_placement_h4_h7/h6_perimeter_numeric.yaml,96,replication,940476,75,5.769230769230769,[],2,0.002141472677652523,0.002141472677652523,6.43118264301088,0.0,0.0,False,True,False
4,h6_p1e-05_placement_perimeter_latency_quarter,96,17,artifacts/surface_code_fractional_path_latency_sweep_h4_h6_4th_paired/compile_info/h6_p1e-05_placement_perimeter_latency_quarter.json,perimeter,placement,be80d0251428081b5970d714b0177a4f6f6dcb7c5a1b3012f6fb426695637d71,1133608,1759166,4,7,1,41.9523024186492,105.959521,4,4,True,5796160,2770341,1789836,0,Dim2,4,15,1025480,966388,10000,1025480,966388,2,H6,523b0f82114685895d9f5b9afbdcab89ceb6b664e989851224ded58fcb6f3124,4,quarter,1,4th(new_2),55488,4f6d34061c9b4702a6a1d6a0107e7b52a7d246e50442fbf35a4d38f33f32ab76,451261a4e8f8be85144eac750777be30d8735581f799bae5d6f193dc8b376b26,1e840f8893e8375d44986dd72d7a6adbcbeeebbe046480c3e359f92905df0d37,104801524,1,1e-05,6232913,15382200,14495820,1153,6231760,6aed3bb02388754d,artifacts/surface_code_cache/gr/ftqc_compile_topology_qec/H6_sto-3g_singlet_distance_100_charge_0_grouping__4th_new_2_/6aed3bb02388754d/compile.yaml,256,ok,ff55509857a3528f16f030cc3029bdd1c1ad05b9aaedacef79009bda1577933e,configs/topologies/logical_placement_h4_h7/h6_perimeter_numeric.yaml,96,replication,940476,75,5.769230769230769,[],2,15.238546010551502,30.603685478625042,29.020560444607256,36.197214921462084,45.28844667684475,True,True,True
4,h6_p1e-05_placement_perimeter_latency_unit,96,17,artifacts/surface_code_fractional_path_latency_sweep_h4_h6_4th_paired/compile_info/h6_p1e-05_placement_perimeter_latency_unit.json,perimeter,placement,be80d0251428081b5970d714b0177a4f6f6dcb7c5a1b3012f6fb426695637d71,1133608,5214823,1,20,1,46.511558916419744,161.255574,4,4,True,5796160,2770341,2029052,0,Dim2,4,15,1025480,966388,10000,1025480,966388,2,H6,523b0f82114685895d9f5b9afbdcab89ceb6b664e989851224ded58fcb6f3124,1,unit,1,4th(new_2),55488,4f6d34061c9b4702a6a1d6a0107e7b52a7d246e50442fbf35a4d38f33f32ab76,451261a4e8f8be85144eac750777be30d8735581f799bae5d6f193dc8b376b26,1e840f8893e8375d44986dd72d7a6adbcbeeebbe046480c3e359f92905df0d37,169079006,1,1e-05,9485622,15382200,14495820,5792,9479830,6aed3bb02388754d,artifacts/surface_code_cache/gr/ftqc_compile_topology_qec/H6_sto-3g_singlet_distance_100_charge_0_grouping__4th_new_2_/6aed3bb02388754d/compile.yaml,256,ok,ff55509857a3528f16f030cc3029bdd1c1ad05b9aaedacef79009bda1577933e,configs/topologies/logical_placement_h4_h7/h6_perimeter_numeric.yaml,96,replication,940476,75,5.769230769230769,[],2,56.741853758616514,77.64076759309873,82.06077098925748,107.27311582846562,134.3976042505347,True,True,True
4,h6_p1e-05_routing_remote_latency_fixed,88,15,artifacts/surface_code_fractional_path_latency_sweep_h4_h6_4th_paired/compile_info/h6_p1e-05_routing_remote_latency_fixed.json,remote,routing,be80d0251428081b5970d714b0177a4f6f6dcb7c5a1b3012f6fb426695637d71,1133608,0,1,2,0,38.363881395198405,68.644725,4,12,True,5796160,2770341,1735756,0,Dim2,4,15,1025480,966388,10000,1025480,966388,2,H6,523b0f82114685895d9f5b9afbdcab89ceb6b664e989851224ded58fcb6f3124,1,fixed,0,4th(new_2),39600,4f6d34061c9b4702a6a1d6a0107e7b52a7d246e50442fbf35a4d38f33f32ab76,451261a4e8f8be85144eac750777be30d8735581f799bae5d6f193dc8b376b26,1e840f8893e8375d44986dd72d7a6adbcbeeebbe046480c3e359f92905df0d37,67774223,1,1e-05,4576315,15382200,14495820,30,4576285,6aed3bb02388754d,artifacts/surface_code_cache/gr/ftqc_compile_topology_qec/H6_sto-3g_singlet_distance_100_charge_0_grouping__4th_new_2_/6aed3bb02388754d/compile.yaml,256,ok,c29b3117d93c58d9386bdf10dd3d8ae72d9bb864c6b4b5f5848efb87a767559b,configs/topologies/routing_capacity_h4_h7_4th/h6_remote_ban_control.yaml,88,replication,568404,43,3.3076923076923075,[],0,0.0,0.0,0.0,0.0,0.0,True,True,True
4,h6_p1e-05_routing_remote_latency_quarter,88,15,artifacts/surface_code_fractional_path_latency_sweep_h4_h6_4th_paired/compile_info/h6_p1e-05_routing_remote_latency_quarter.json,remote,routing,be80d0251428081b5970d714b0177a4f6f6dcb7c5a1b3012f6fb426695637d71,1133608,890590,4,7,1,39.612398298457265,81.126525,4,12,True,5796160,2770341,1752692,0,Dim2,4,15,1025480,966388,10000,1025480,966388,2,H6,523b0f82114685895d9f5b9afbdcab89ceb6b664e989851224ded58fcb6f3124,4,quarter,1,4th(new_2),39600,4f6d34061c9b4702a6a1d6a0107e7b52a7d246e50442fbf35a4d38f33f32ab76,451261a4e8f8be85144eac750777be30d8735581f799bae5d6f193dc8b376b26,1e840f8893e8375d44986dd72d7a6adbcbeeebbe046480c3e359f92905df0d37,81197176,1,1e-05,5408435,15382200,14495820,285,5408150,6aed3bb02388754d,artifacts/surface_code_cache/gr/ftqc_compile_topology_qec/H6_sto-3g_singlet_distance_100_charge_0_grouping__4th_new_2_/6aed3bb02388754d/compile.yaml,256,ok,c29b3117d93c58d9386bdf10dd3d8ae72d9bb864c6b4b5f5848efb87a767559b,configs/topologies/routing_capacity_h4_h7_4th/h6_remote_ban_control.yaml,88,replication,568404,43,3.3076923076923075,[],0,0.0,0.0,0.0,18.183188875765754,19.805395629544886,True,True,True
4,h6_p1e-05_routing_remote_latency_unit,88,15,artifacts/surface_code_fractional_path_latency_sweep_h4_h6_4th_paired/compile_info/h6_p1e-05_routing_remote_latency_unit.json,remote,routing,be80d0251428081b5970d714b0177a4f6f6dcb7c5a1b3012f6fb426695637d71,1133608,1594592,1,23,1,40.55468399170786,90.735615,4,12,True,5796160,2770341,1765224,0,Dim2,4,15,1025480,966388,10000,1025480,966388,2,H6,523b0f82114685895d9f5b9afbdcab89ceb6b664e989851224ded58fcb6f3124,1,unit,1,4th(new_2),39600,4f6d34061c9b4702a6a1d6a0107e7b52a7d246e50442fbf35a4d38f33f32ab76,451261a4e8f8be85144eac750777be30d8735581f799bae5d6f193dc8b376b26,1e840f8893e8375d44986dd72d7a6adbcbeeebbe046480c3e359f92905df0d37,92694057,1,1e-05,6049041,15382200,14495820,2508,6046533,6aed3bb02388754d,artifacts/surface_code_cache/gr/ftqc_compile_topology_qec/H6_sto-3g_singlet_distance_100_charge_0_grouping__4th_new_2_/6aed3bb02388754d/compile.yaml,256,ok,c29b3117d93c58d9386bdf10dd3d8ae72d9bb864c6b4b5f5848efb87a767559b,configs/topologies/routing_capacity_h4_h7_4th/h6_remote_ban_control.yaml,88,replication,568404,43,3.3076923076923075,[],0,0.0,0.0,0.0,32.18148226247537,36.7688966349345,True,True,True
4,h6_p1e-05_routing_moderate_latency_fixed,88,15,artifacts/surface_code_fractional_path_latency_sweep_h4_h6_4th_paired/compile_info/h6_p1e-05_routing_moderate_latency_fixed.json,moderate,routing,be80d0251428081b5970d714b0177a4f6f6dcb7c5a1b3012f6fb426695637d71,1133608,0,1,2,0,38.72394122555852,68.645085,4,12,True,5796160,2770341,1744476,0,Dim2,4,15,1025480,966388,10000,1025480,966388,2,H6,523b0f82114685895d9f5b9afbdcab89ceb6b664e989851224ded58fcb6f3124,1,fixed,0,4th(new_2),39600,4f6d34061c9b4702a6a1d6a0107e7b52a7d246e50442fbf35a4d38f33f32ab76,451261a4e8f8be85144eac750777be30d8735581f799bae5d6f193dc8b376b26,1e840f8893e8375d44986dd72d7a6adbcbeeebbe046480c3e359f92905df0d37,68628638,1,1e-05,4576339,15382200,14495820,54,4576285,6aed3bb02388754d,artifacts/surface_code_cache/gr/ftqc_compile_topology_qec/H6_sto-3g_singlet_distance_100_charge_0_grouping__4th_new_2_/6aed3bb02388754d/compile.yaml,256,ok,8f09b2b60a5b49779483e67263dd63e6dc53c1908c9c01b2c495ae93fe162a8e,configs/topologies/routing_capacity_h4_h7_4th/h6_moderate_choke.yaml,88,replication,709836,43,3.3076923076923075,[],1,0.0005244394234216188,0.0005244394234216188,1.2606784145647865,0.0,0.0,True,True,True
4,h6_p1e-05_routing_moderate_latency_quarter,88,15,artifacts/surface_code_fractional_path_latency_sweep_h4_h6_4th_paired/compile_info/h6_p1e-05_routing_moderate_latency_quarter.json,moderate,routing,be80d0251428081b5970d714b0177a4f6f6dcb7c5a1b3012f6fb426695637d71,1133608,1158629,4,9,1,40.52466310560703,84.851295,4,12,True,5796160,2770341,1766000,0,Dim2,4,15,1025480,966388,10000,1025480,966388,2,H6,523b0f82114685895d9f5b9afbdcab89ceb6b664e989851224ded58fcb6f3124,4,quarter,1,4th(new_2),39600,4f6d34061c9b4702a6a1d6a0107e7b52a7d246e50442fbf35a4d38f33f32ab76,451261a4e8f8be85144eac750777be30d8735581f799bae5d6f193dc8b376b26,1e840f8893e8375d44986dd72d7a6adbcbeeebbe046480c3e359f92905df0d37,88175365,1,1e-05,5656753,15382200,14495820,697,5656056,6aed3bb02388754d,artifacts/surface_code_cache/gr/ftqc_compile_topology_qec/H6_sto-3g_singlet_distance_100_charge_0_grouping__4th_new_2_/6aed3bb02388754d/compile.yaml,256,ok,8f09b2b60a5b49779483e67263dd63e6dc53c1908c9c01b2c495ae93fe162a8e,configs/topologies/routing_capacity_h4_h7_4th/h6_moderate_choke.yaml,88,replication,709836,43,3.3076923076923075,[],1,4.591309685703915,4.591309685703915,8.594127707101528,23.608696820755636,28.481880989682473,True,True,True
4,h6_p1e-05_routing_moderate_latency_unit,88,17,artifacts/surface_code_fractional_path_latency_sweep_h4_h6_4th_paired/compile_info/h6_p1e-05_routing_moderate_latency_unit.json,moderate,routing,be80d0251428081b5970d714b0177a4f6f6dcb7c5a1b3012f6fb426695637d71,1133608,2444711,1,26,1,41.699193242937326,116.371358,4,12,True,5796160,2770341,1817512,0,Dim2,4,15,1025480,966388,10000,1025480,966388,2,H6,523b0f82114685895d9f5b9afbdcab89ceb6b664e989851224ded58fcb6f3124,1,unit,1,4th(new_2),50864,4f6d34061c9b4702a6a1d6a0107e7b52a7d246e50442fbf35a4d38f33f32ab76,451261a4e8f8be85144eac750777be30d8735581f799bae5d6f193dc8b376b26,1e840f8893e8375d44986dd72d7a6adbcbeeebbe046480c3e359f92905df0d37,112150998,1,1e-05,6845374,15382200,14495820,5339,6840035,6aed3bb02388754d,artifacts/surface_code_cache/gr/ftqc_compile_topology_qec/H6_sto-3g_singlet_distance_100_charge_0_grouping__4th_new_2_/6aed3bb02388754d/compile.yaml,256,ok,8f09b2b60a5b49779483e67263dd63e6dc53c1908c9c01b2c495ae93fe162a8e,configs/topologies/routing_capacity_h4_h7_4th/h6_moderate_choke.yaml,88,replication,709836,43,3.3076923076923075,[],1,13.164615680402903,28.25323110445661,20.990494568600006,49.581881936631,63.41719909988597,True,True,True
4,h6_p1e-05_routing_choke_latency_fixed,88,15,artifacts/surface_code_fractional_path_latency_sweep_h4_h6_4th_paired/compile_info/h6_p1e-05_routing_choke_latency_fixed.json,choke,routing,be80d0251428081b5970d714b0177a4f6f6dcb7c5a1b3012f6fb426695637d71,1133608,0,1,2,0,39.36208117380738,68.64932999999999,4,12,True,5796160,2770341,1753340,0,Dim2,4,15,1025480,966388,10000,1025480,966388,2,H6,523b0f82114685895d9f5b9afbdcab89ceb6b664e989851224ded58fcb6f3124,1,fixed,0,4th(new_2),39600,4f6d34061c9b4702a6a1d6a0107e7b52a7d246e50442fbf35a4d38f33f32ab76,451261a4e8f8be85144eac750777be30d8735581f799bae5d6f193dc8b376b26,1e840f8893e8375d44986dd72d7a6adbcbeeebbe046480c3e359f92905df0d37,69394651,1,1e-05,4576622,15382200,14495820,337,4576285,6aed3bb02388754d,artifacts/surface_code_cache/gr/ftqc_compile_topology_qec/H6_sto-3g_singlet_distance_100_charge_0_grouping__4th_new_2_/6aed3bb02388754d/compile.yaml,256,ok,00bd234df8ced02546b0c0a29aa24d5a6a297cb8a7394a71d73298cc2cbf7ffc,configs/topologies/routing_capacity_h4_h7_4th/h6_central_choke.yaml,88,replication,862924,43,3.3076923076923075,[],2,0.006708454291270982,0.006708454291270982,2.3909208077531163,0.0,0.0,True,True,True
4,h6_p1e-05_routing_choke_latency_quarter,88,15,artifacts/surface_code_fractional_path_latency_sweep_h4_h6_4th_paired/compile_info/h6_p1e-05_routing_choke_latency_quarter.json,choke,routing,be80d0251428081b5970d714b0177a4f6f6dcb7c5a1b3012f6fb426695637d71,1133608,1227168,4,9,1,40.86686556041241,85.770855,4,12,True,5796160,2770341,1776068,0,Dim2,4,15,1025480,966388,10000,1025480,966388,2,H6,523b0f82114685895d9f5b9afbdcab89ceb6b664e989851224ded58fcb6f3124,4,quarter,1,4th(new_2),39600,4f6d34061c9b4702a6a1d6a0107e7b52a7d246e50442fbf35a4d38f33f32ab76,451261a4e8f8be85144eac750777be30d8735581f799bae5d6f193dc8b376b26,1e840f8893e8375d44986dd72d7a6adbcbeeebbe046480c3e359f92905df0d37,90624122,1,1e-05,5718057,15382200,14495820,6424,5711633,6aed3bb02388754d,artifacts/surface_code_cache/gr/ftqc_compile_topology_qec/H6_sto-3g_singlet_distance_100_charge_0_grouping__4th_new_2_/6aed3bb02388754d/compile.yaml,256,ok,00bd234df8ced02546b0c0a29aa24d5a6a297cb8a7394a71d73298cc2cbf7ffc,configs/topologies/routing_capacity_h4_h7_4th/h6_central_choke.yaml,88,replication,862924,43,3.3076923076923075,[],2,5.724798393620345,5.724798393620345,11.609943183245687,24.940556593924512,30.592373755147207,True,True,True
4,h6_p1e-05_routing_choke_latency_unit,88,17,artifacts/surface_code_fractional_path_latency_sweep_h4_h6_4th_paired/compile_info/h6_p1e-05_routing_choke_latency_unit.json,choke,routing,be80d0251428081b5970d714b0177a4f6f6dcb7c5a1b3012f6fb426695637d71,1133608,2655181,1,27,1,42.60319614317268,119.61475399999999,4,12,True,5796160,2770341,1843088,0,Dim2,4,15,1025480,966388,10000,1025480,966388,2,H6,523b0f82114685895d9f5b9afbdcab89ceb6b664e989851224ded58fcb6f3124,1,unit,1,4th(new_2),50864,4f6d34061c9b4702a6a1d6a0107e7b52a7d246e50442fbf35a4d38f33f32ab76,451261a4e8f8be85144eac750777be30d8735581f799bae5d6f193dc8b376b26,1e840f8893e8375d44986dd72d7a6adbcbeeebbe046480c3e359f92905df0d37,118956064,1,1e-05,7036162,15382200,14495820,25241,7010921,6aed3bb02388754d,artifacts/surface_code_cache/gr/ftqc_compile_topology_qec/H6_sto-3g_singlet_distance_100_charge_0_grouping__4th_new_2_/6aed3bb02388754d/compile.yaml,256,ok,00bd234df8ced02546b0c0a29aa24d5a6a297cb8a7394a71d73298cc2cbf7ffc,configs/topologies/routing_capacity_h4_h7_4th/h6_central_choke.yaml,88,replication,862924,43,3.3076923076923075,[],2,16.318636292926424,31.827787798649965,28.331920998991333,53.741383929020145,71.41964443340166,True,True,True
4,h6_p1e-02_placement_compact_latency_fixed,96,15,artifacts/surface_code_fractional_path_latency_sweep_h4_h6_4th_paired/compile_info/h6_p1e-02_placement_compact_latency_fixed.json,compact,placement,be80d0251428081b5970d714b0177a4f6f6dcb7c5a1b3012f6fb426695637d71,125458,0,1,2,0,7.099868508987129,10.693439999999999,4,4,True,1216052,363605,502744,0,Dim2,4,15,17330,15290,10000,17330,15290,2,H6,abc66fbd6086523edeb4a89160b6962b2d8c530e36a4c66c572dc77569acc3c7,1,fixed,0,4th(new_2),43200,4f6d34061c9b4702a6a1d6a0107e7b52a7d246e50442fbf35a4d38f33f32ab76,451261a4e8f8be85144eac750777be30d8735581f799bae5d6f193dc8b376b26,1e840f8893e8375d44986dd72d7a6adbcbeeebbe046480c3e359f92905df0d37,12048759,1,0.01,712896,259950,229350,-176,713072,596f1aabdd3d6ec2,artifacts/surface_code_cache/gr/ftqc_compile_topology_qec/H6_sto-3g_singlet_distance_100_charge_0_grouping__4th_new_2_/596f1aabdd3d6ec2/compile.yaml,256,ok,dcaa5d62b6443e537c3140ebc4328f76ab7a90470c0ea7ca8c4aaff84c39eb36,configs/topologies/logical_placement_h4_h7/h6_compact_interaction_aware.yaml,96,replication,529804,43,3.3076923076923075,[],0,0.0,0.0,0.0,0.0,0.0,True,True,True
4,h6_p1e-02_placement_compact_latency_quarter,96,15,artifacts/surface_code_fractional_path_latency_sweep_h4_h6_4th_paired/compile_info/h6_p1e-02_placement_compact_latency_quarter.json,compact,placement,be80d0251428081b5970d714b0177a4f6f6dcb7c5a1b3012f6fb426695637d71,125458,162425,4,8,1,7.26723575592041,12.865965,4,4,True,1216052,363605,502684,0,Dim2,4,15,17330,15290,10000,17330,15290,2,H6,abc66fbd6086523edeb4a89160b6962b2d8c530e36a4c66c572dc77569acc3c7,4,quarter,1,4th(new_2),43200,4f6d34061c9b4702a6a1d6a0107e7b52a7d246e50442fbf35a4d38f33f32ab76,451261a4e8f8be85144eac750777be30d8735581f799bae5d6f193dc8b376b26,1e840f8893e8375d44986dd72d7a6adbcbeeebbe046480c3e359f92905df0d37,14840095,1,0.01,857731,259950,229350,-479,858210,596f1aabdd3d6ec2,artifacts/surface_code_cache/gr/ftqc_compile_topology_qec/H6_sto-3g_singlet_distance_100_charge_0_grouping__4th_new_2_/596f1aabdd3d6ec2/compile.yaml,256,ok,dcaa5d62b6443e537c3140ebc4328f76ab7a90470c0ea7ca8c4aaff84c39eb36,configs/topologies/logical_placement_h4_h7/h6_compact_interaction_aware.yaml,96,replication,529804,43,3.3076923076923075,[],0,0.0,0.0,0.0,20.31642764161954,23.167000020500026,True,True,True
4,h6_p1e-02_placement_compact_latency_unit,96,15,artifacts/surface_code_fractional_path_latency_sweep_h4_h6_4th_paired/compile_info/h6_p1e-02_placement_compact_latency_unit.json,compact,placement,be80d0251428081b5970d714b0177a4f6f6dcb7c5a1b3012f6fb426695637d71,125458,448449,1,26,1,7.449069959111512,16.705154999999998,4,4,True,1216052,363605,502348,0,Dim2,4,15,17330,15290,10000,17330,15290,2,H6,abc66fbd6086523edeb4a89160b6962b2d8c530e36a4c66c572dc77569acc3c7,1,unit,1,4th(new_2),43200,4f6d34061c9b4702a6a1d6a0107e7b52a7d246e50442fbf35a4d38f33f32ab76,451261a4e8f8be85144eac750777be30d8735581f799bae5d6f193dc8b376b26,1e840f8893e8375d44986dd72d7a6adbcbeeebbe046480c3e359f92905df0d37,19991338,1,0.01,1113677,259950,229350,-55,1113732,596f1aabdd3d6ec2,artifacts/surface_code_cache/gr/ftqc_compile_topology_qec/H6_sto-3g_singlet_distance_100_charge_0_grouping__4th_new_2_/596f1aabdd3d6ec2/compile.yaml,256,ok,dcaa5d62b6443e537c3140ebc4328f76ab7a90470c0ea7ca8c4aaff84c39eb36,configs/topologies/logical_placement_h4_h7/h6_compact_interaction_aware.yaml,96,replication,529804,43,3.3076923076923075,[],0,0.0,0.0,0.0,56.21871913995871,65.92030764330168,True,True,True
4,h6_p1e-02_placement_intermediate_latency_fixed,96,15,artifacts/surface_code_fractional_path_latency_sweep_h4_h6_4th_paired/compile_info/h6_p1e-02_placement_intermediate_latency_fixed.json,intermediate,placement,be80d0251428081b5970d714b0177a4f6f6dcb7c5a1b3012f6fb426695637d71,125458,0,1,2,0,7.223842976614833,10.693439999999999,4,4,True,1216052,363605,502632,0,Dim2,4,15,17330,15290,10000,17330,15290,2,H6,abc66fbd6086523edeb4a89160b6962b2d8c530e36a4c66c572dc77569acc3c7,1,fixed,0,4th(new_2),43200,4f6d34061c9b4702a6a1d6a0107e7b52a7d246e50442fbf35a4d38f33f32ab76,451261a4e8f8be85144eac750777be30d8735581f799bae5d6f193dc8b376b26,1e840f8893e8375d44986dd72d7a6adbcbeeebbe046480c3e359f92905df0d37,12258235,1,0.01,712896,259950,229350,-176,713072,596f1aabdd3d6ec2,artifacts/surface_code_cache/gr/ftqc_compile_topology_qec/H6_sto-3g_singlet_distance_100_charge_0_grouping__4th_new_2_/596f1aabdd3d6ec2/compile.yaml,256,ok,8663bc0f610205fce081e2478c56b71b6833255caa66c3fe3502206231f2aaae,configs/topologies/logical_placement_h4_h7/h6_compact_numeric.yaml,96,replication,644340,43,3.3076923076923075,[],1,0.0,0.0,1.7385690924683672,0.0,0.0,True,True,True
4,h6_p1e-02_placement_intermediate_latency_quarter,96,15,artifacts/surface_code_fractional_path_latency_sweep_h4_h6_4th_paired/compile_info/h6_p1e-02_placement_intermediate_latency_quarter.json,intermediate,placement,be80d0251428081b5970d714b0177a4f6f6dcb7c5a1b3012f6fb426695637d71,125458,184344,4,8,1,7.5151914190500975,13.197135,4,4,True,1216052,363605,502588,0,Dim2,4,15,17330,15290,10000,17330,15290,2,H6,abc66fbd6086523edeb4a89160b6962b2d8c530e36a4c66c572dc77569acc3c7,4,quarter,1,4th(new_2),43200,4f6d34061c9b4702a6a1d6a0107e7b52a7d246e50442fbf35a4d38f33f32ab76,451261a4e8f8be85144eac750777be30d8735581f799bae5d6f193dc8b376b26,1e840f8893e8375d44986dd72d7a6adbcbeeebbe046480c3e359f92905df0d37,15593938,1,0.01,879809,259950,229350,-484,880293,596f1aabdd3d6ec2,artifacts/surface_code_cache/gr/ftqc_compile_topology_qec/H6_sto-3g_singlet_distance_100_charge_0_grouping__4th_new_2_/596f1aabdd3d6ec2/compile.yaml,256,ok,8663bc0f610205fce081e2478c56b71b6833255caa66c3fe3502206231f2aaae,configs/topologies/logical_placement_h4_h7/h6_compact_numeric.yaml,96,replication,644340,43,3.3076923076923075,[],1,2.574000473341864,2.574000473341864,5.07977206345378,23.413373058622856,27.211935486634097,True,True,True
4,h6_p1e-02_placement_intermediate_latency_unit,96,15,artifacts/surface_code_fractional_path_latency_sweep_h4_h6_4th_paired/compile_info/h6_p1e-02_placement_intermediate_latency_unit.json,intermediate,placement,be80d0251428081b5970d714b0177a4f6f6dcb7c5a1b3012f6fb426695637d71,125458,558179,1,28,1,7.678636632859707,18.325035,4,4,True,1216052,363605,502636,0,Dim2,4,15,17330,15290,10000,17330,15290,2,H6,abc66fbd6086523edeb4a89160b6962b2d8c530e36a4c66c572dc77569acc3c7,1,unit,1,4th(new_2),43200,4f6d34061c9b4702a6a1d6a0107e7b52a7d246e50442fbf35a4d38f33f32ab76,451261a4e8f8be85144eac750777be30d8735581f799bae5d6f193dc8b376b26,1e840f8893e8375d44986dd72d7a6adbcbeeebbe046480c3e359f92905df0d37,22721624,1,0.01,1221669,259950,229350,-147,1221816,596f1aabdd3d6ec2,artifacts/surface_code_cache/gr/ftqc_compile_topology_qec/H6_sto-3g_singlet_distance_100_charge_0_grouping__4th_new_2_/596f1aabdd3d6ec2/compile.yaml,256,ok,8663bc0f610205fce081e2478c56b71b6833255caa66c3fe3502206231f2aaae,configs/topologies/logical_placement_h4_h7/h6_compact_numeric.yaml,96,replication,644340,43,3.3076923076923075,[],1,9.696886978899633,9.696886978899633,13.657344996117814,71.36707177484513,85.35803890201159,True,True,True
4,h6_p1e-02_placement_perimeter_latency_fixed,96,15,artifacts/surface_code_fractional_path_latency_sweep_h4_h6_4th_paired/compile_info/h6_p1e-02_placement_perimeter_latency_fixed.json,perimeter,placement,be80d0251428081b5970d714b0177a4f6f6dcb7c5a1b3012f6fb426695637d71,125458,0,1,2,0,7.481405426748097,10.69491,4,4,True,1216052,363605,502684,0,Dim2,4,15,17330,15290,10000,17330,15290,2,H6,abc66fbd6086523edeb4a89160b6962b2d8c530e36a4c66c572dc77569acc3c7,1,fixed,0,4th(new_2),43200,4f6d34061c9b4702a6a1d6a0107e7b52a7d246e50442fbf35a4d38f33f32ab76,451261a4e8f8be85144eac750777be30d8735581f799bae5d6f193dc8b376b26,1e840f8893e8375d44986dd72d7a6adbcbeeebbe046480c3e359f92905df0d37,12902686,1,0.01,712994,259950,229350,-78,713072,596f1aabdd3d6ec2,artifacts/surface_code_cache/gr/ftqc_compile_topology_qec/H6_sto-3g_singlet_distance_100_charge_0_grouping__4th_new_2_/596f1aabdd3d6ec2/compile.yaml,256,ok,ff55509857a3528f16f030cc3029bdd1c1ad05b9aaedacef79009bda1577933e,configs/topologies/logical_placement_h4_h7/h6_perimeter_numeric.yaml,96,replication,940476,75,5.769230769230769,[],2,0.013746745668363758,0.013746745668363758,7.08726101999384,0.0,0.0,True,True,True
4,h6_p1e-02_placement_perimeter_latency_quarter,96,15,artifacts/surface_code_fractional_path_latency_sweep_h4_h6_4th_paired/compile_info/h6_p1e-02_placement_perimeter_latency_quarter.json,perimeter,placement,be80d0251428081b5970d714b0177a4f6f6dcb7c5a1b3012f6fb426695637d71,125458,271353,4,7,1,7.628419050015509,14.434769999999999,4,4,True,1216052,363605,502100,0,Dim2,4,15,17330,15290,10000,17330,15290,2,H6,abc66fbd6086523edeb4a89160b6962b2d8c530e36a4c66c572dc77569acc3c7,4,quarter,1,4th(new_2),43200,4f6d34061c9b4702a6a1d6a0107e7b52a7d246e50442fbf35a4d38f33f32ab76,451261a4e8f8be85144eac750777be30d8735581f799bae5d6f193dc8b376b26,1e840f8893e8375d44986dd72d7a6adbcbeeebbe046480c3e359f92905df0d37,18816508,1,0.01,962318,259950,229350,502,961816,596f1aabdd3d6ec2,artifacts/surface_code_cache/gr/ftqc_compile_topology_qec/H6_sto-3g_singlet_distance_100_charge_0_grouping__4th_new_2_/596f1aabdd3d6ec2/compile.yaml,256,ok,ff55509857a3528f16f030cc3029bdd1c1ad05b9aaedacef79009bda1577933e,configs/topologies/logical_placement_h4_h7/h6_perimeter_numeric.yaml,96,replication,940476,75,5.769230769230769,[],2,12.193449927774559,12.193449927774559,26.795064317310647,34.96859721119674,45.83403796697836,True,True,True
4,h6_p1e-02_placement_perimeter_latency_unit,96,15,artifacts/surface_code_fractional_path_latency_sweep_h4_h6_4th_paired/compile_info/h6_p1e-02_placement_perimeter_latency_unit.json,perimeter,placement,be80d0251428081b5970d714b0177a4f6f6dcb7c5a1b3012f6fb426695637d71,125458,891000,1,19,1,7.926530594937503,23.098905,4,4,True,1216052,363605,502708,0,Dim2,4,15,17330,15290,10000,17330,15290,2,H6,abc66fbd6086523edeb4a89160b6962b2d8c530e36a4c66c572dc77569acc3c7,1,unit,1,4th(new_2),43200,4f6d34061c9b4702a6a1d6a0107e7b52a7d246e50442fbf35a4d38f33f32ab76,451261a4e8f8be85144eac750777be30d8735581f799bae5d6f193dc8b376b26,1e840f8893e8375d44986dd72d7a6adbcbeeebbe046480c3e359f92905df0d37,32687651,1,0.01,1539927,259950,229350,4693,1535234,596f1aabdd3d6ec2,artifacts/surface_code_cache/gr/ftqc_compile_topology_qec/H6_sto-3g_singlet_distance_100_charge_0_grouping__4th_new_2_/596f1aabdd3d6ec2/compile.yaml,256,ok,ff55509857a3528f16f030cc3029bdd1c1ad05b9aaedacef79009bda1577933e,configs/topologies/logical_placement_h4_h7/h6_perimeter_numeric.yaml,96,replication,940476,75,5.769230769230769,[],2,38.274113589487804,38.274113589487804,63.50907077855419,115.9803588810004,153.339893724454,True,True,True
4,h6_p1e-02_routing_remote_latency_fixed,88,15,artifacts/surface_code_fractional_path_latency_sweep_h4_h6_4th_paired/compile_info/h6_p1e-02_routing_remote_latency_fixed.json,remote,routing,be80d0251428081b5970d714b0177a4f6f6dcb7c5a1b3012f6fb426695637d71,125458,0,1,2,0,7.217317099682987,10.69359,4,12,True,1216052,363605,502300,0,Dim2,4,15,17330,15290,10000,17330,15290,2,H6,abc66fbd6086523edeb4a89160b6962b2d8c530e36a4c66c572dc77569acc3c7,1,fixed,0,4th(new_2),39600,4f6d34061c9b4702a6a1d6a0107e7b52a7d246e50442fbf35a4d38f33f32ab76,451261a4e8f8be85144eac750777be30d8735581f799bae5d6f193dc8b376b26,1e840f8893e8375d44986dd72d7a6adbcbeeebbe046480c3e359f92905df0d37,12047081,1,0.01,712906,259950,229350,-166,713072,596f1aabdd3d6ec2,artifacts/surface_code_cache/gr/ftqc_compile_topology_qec/H6_sto-3g_singlet_distance_100_charge_0_grouping__4th_new_2_/596f1aabdd3d6ec2/compile.yaml,256,ok,c29b3117d93c58d9386bdf10dd3d8ae72d9bb864c6b4b5f5848efb87a767559b,configs/topologies/routing_capacity_h4_h7_4th/h6_remote_ban_control.yaml,88,replication,568404,43,3.3076923076923075,[],0,0.0,0.0,0.0,0.0,0.0,True,True,True
4,h6_p1e-02_routing_remote_latency_quarter,88,15,artifacts/surface_code_fractional_path_latency_sweep_h4_h6_4th_paired/compile_info/h6_p1e-02_routing_remote_latency_quarter.json,remote,routing,be80d0251428081b5970d714b0177a4f6f6dcb7c5a1b3012f6fb426695637d71,125458,162358,4,8,1,7.223671329207718,12.866565,4,12,True,1216052,363605,502268,0,Dim2,4,15,17330,15290,10000,17330,15290,2,H6,abc66fbd6086523edeb4a89160b6962b2d8c530e36a4c66c572dc77569acc3c7,4,quarter,1,4th(new_2),39600,4f6d34061c9b4702a6a1d6a0107e7b52a7d246e50442fbf35a4d38f33f32ab76,451261a4e8f8be85144eac750777be30d8735581f799bae5d6f193dc8b376b26,1e840f8893e8375d44986dd72d7a6adbcbeeebbe046480c3e359f92905df0d37,14837310,1,0.01,857771,259950,229350,-352,858123,596f1aabdd3d6ec2,artifacts/surface_code_cache/gr/ftqc_compile_topology_qec/H6_sto-3g_singlet_distance_100_charge_0_grouping__4th_new_2_/596f1aabdd3d6ec2/compile.yaml,256,ok,c29b3117d93c58d9386bdf10dd3d8ae72d9bb864c6b4b5f5848efb87a767559b,configs/topologies/routing_capacity_h4_h7_4th/h6_remote_ban_control.yaml,88,replication,568404,43,3.3076923076923075,[],0,0.0,0.0,0.0,20.320350789585163,23.161037931097162,True,True,True
4,h6_p1e-02_routing_remote_latency_unit,88,15,artifacts/surface_code_fractional_path_latency_sweep_h4_h6_4th_paired/compile_info/h6_p1e-02_routing_remote_latency_unit.json,remote,routing,be80d0251428081b5970d714b0177a4f6f6dcb7c5a1b3012f6fb426695637d71,125458,447631,1,26,1,7.443844233639538,16.701014999999998,4,12,True,1216052,363605,502688,0,Dim2,4,15,17330,15290,10000,17330,15290,2,H6,abc66fbd6086523edeb4a89160b6962b2d8c530e36a4c66c572dc77569acc3c7,1,unit,1,4th(new_2),39600,4f6d34061c9b4702a6a1d6a0107e7b52a7d246e50442fbf35a4d38f33f32ab76,451261a4e8f8be85144eac750777be30d8735581f799bae5d6f193dc8b376b26,1e840f8893e8375d44986dd72d7a6adbcbeeebbe046480c3e359f92905df0d37,19968516,1,0.01,1113401,259950,229350,-15,1113416,596f1aabdd3d6ec2,artifacts/surface_code_cache/gr/ftqc_compile_topology_qec/H6_sto-3g_singlet_distance_100_charge_0_grouping__4th_new_2_/596f1aabdd3d6ec2/compile.yaml,256,ok,c29b3117d93c58d9386bdf10dd3d8ae72d9bb864c6b4b5f5848efb87a767559b,configs/topologies/routing_capacity_h4_h7_4th/h6_remote_ban_control.yaml,88,replication,568404,43,3.3076923076923075,[],0,0.0,0.0,0.0,56.17781306371388,65.75397807983528,True,True,True
4,h6_p1e-02_routing_moderate_latency_fixed,88,15,artifacts/surface_code_fractional_path_latency_sweep_h4_h6_4th_paired/compile_info/h6_p1e-02_routing_moderate_latency_fixed.json,moderate,routing,be80d0251428081b5970d714b0177a4f6f6dcb7c5a1b3012f6fb426695637d71,125458,0,1,2,0,7.281827623024583,10.69434,4,12,True,1216052,363605,502716,0,Dim2,4,15,17330,15290,10000,17330,15290,2,H6,abc66fbd6086523edeb4a89160b6962b2d8c530e36a4c66c572dc77569acc3c7,1,fixed,0,4th(new_2),39600,4f6d34061c9b4702a6a1d6a0107e7b52a7d246e50442fbf35a4d38f33f32ab76,451261a4e8f8be85144eac750777be30d8735581f799bae5d6f193dc8b376b26,1e840f8893e8375d44986dd72d7a6adbcbeeebbe046480c3e359f92905df0d37,12400047,1,0.01,712956,259950,229350,-116,713072,596f1aabdd3d6ec2,artifacts/surface_code_cache/gr/ftqc_compile_topology_qec/H6_sto-3g_singlet_distance_100_charge_0_grouping__4th_new_2_/596f1aabdd3d6ec2/compile.yaml,256,ok,8f09b2b60a5b49779483e67263dd63e6dc53c1908c9c01b2c495ae93fe162a8e,configs/topologies/routing_capacity_h4_h7_4th/h6_moderate_choke.yaml,88,replication,709836,43,3.3076923076923075,[],1,0.007013547368095452,0.007013547368095452,2.929888161289851,0.0,0.0,True,True,True
4,h6_p1e-02_routing_moderate_latency_quarter,88,15,artifacts/surface_code_fractional_path_latency_sweep_h4_h6_4th_paired/compile_info/h6_p1e-02_routing_moderate_latency_quarter.json,moderate,routing,be80d0251428081b5970d714b0177a4f6f6dcb7c5a1b3012f6fb426695637d71,125458,202429,4,8,1,7.4811343885958195,13.42605,4,12,True,1216052,363605,502316,0,Dim2,4,15,17330,15290,10000,17330,15290,2,H6,abc66fbd6086523edeb4a89160b6962b2d8c530e36a4c66c572dc77569acc3c7,4,quarter,1,4th(new_2),39600,4f6d34061c9b4702a6a1d6a0107e7b52a7d246e50442fbf35a4d38f33f32ab76,451261a4e8f8be85144eac750777be30d8735581f799bae5d6f193dc8b376b26,1e840f8893e8375d44986dd72d7a6adbcbeeebbe046480c3e359f92905df0d37,16325366,1,0.01,895070,259950,229350,917,894153,596f1aabdd3d6ec2,artifacts/surface_code_cache/gr/ftqc_compile_topology_qec/H6_sto-3g_singlet_distance_100_charge_0_grouping__4th_new_2_/596f1aabdd3d6ec2/compile.yaml,256,ok,8f09b2b60a5b49779483e67263dd63e6dc53c1908c9c01b2c495ae93fe162a8e,configs/topologies/routing_capacity_h4_h7_4th/h6_moderate_choke.yaml,88,replication,709836,43,3.3076923076923075,[],1,4.348363374373809,4.348363374373809,10.02914948868765,25.543511801569796,31.65567840186412,True,True,True
4,h6_p1e-02_routing_moderate_latency_unit,88,15,artifacts/surface_code_fractional_path_latency_sweep_h4_h6_4th_paired/compile_info/h6_p1e-02_routing_moderate_latency_unit.json,moderate,routing,be80d0251428081b5970d714b0177a4f6f6dcb7c5a1b3012f6fb426695637d71,125458,623933,1,26,1,7.719979311339557,19.18566,4,12,True,1216052,363605,502576,0,Dim2,4,15,17330,15290,10000,17330,15290,2,H6,abc66fbd6086523edeb4a89160b6962b2d8c530e36a4c66c572dc77569acc3c7,1,unit,1,4th(new_2),39600,4f6d34061c9b4702a6a1d6a0107e7b52a7d246e50442fbf35a4d38f33f32ab76,451261a4e8f8be85144eac750777be30d8735581f799bae5d6f193dc8b376b26,1e840f8893e8375d44986dd72d7a6adbcbeeebbe046480c3e359f92905df0d37,24991114,1,0.01,1279044,259950,229350,6262,1272782,596f1aabdd3d6ec2,artifacts/surface_code_cache/gr/ftqc_compile_topology_qec/H6_sto-3g_singlet_distance_100_charge_0_grouping__4th_new_2_/596f1aabdd3d6ec2/compile.yaml,256,ok,8f09b2b60a5b49779483e67263dd63e6dc53c1908c9c01b2c495ae93fe162a8e,configs/topologies/routing_capacity_h4_h7_4th/h6_moderate_choke.yaml,88,replication,709836,43,3.3076923076923075,[],1,14.877209558820237,14.877209558820237,25.152585199621246,79.40013128439904,101.54047803205906,True,True,True
4,h6_p1e-02_routing_choke_latency_fixed,88,15,artifacts/surface_code_fractional_path_latency_sweep_h4_h6_4th_paired/compile_info/h6_p1e-02_routing_choke_latency_fixed.json,choke,routing,be80d0251428081b5970d714b0177a4f6f6dcb7c5a1b3012f6fb426695637d71,125458,0,1,2,0,7.286461271345615,10.70514,4,12,True,1216052,363605,502660,0,Dim2,4,15,17330,15290,10000,17330,15290,2,H6,abc66fbd6086523edeb4a89160b6962b2d8c530e36a4c66c572dc77569acc3c7,1,fixed,0,4th(new_2),39600,4f6d34061c9b4702a6a1d6a0107e7b52a7d246e50442fbf35a4d38f33f32ab76,451261a4e8f8be85144eac750777be30d8735581f799bae5d6f193dc8b376b26,1e840f8893e8375d44986dd72d7a6adbcbeeebbe046480c3e359f92905df0d37,12718120,1,0.01,713676,259950,229350,604,713072,596f1aabdd3d6ec2,artifacts/surface_code_cache/gr/ftqc_compile_topology_qec/H6_sto-3g_singlet_distance_100_charge_0_grouping__4th_new_2_/596f1aabdd3d6ec2/compile.yaml,256,ok,00bd234df8ced02546b0c0a29aa24d5a6a297cb8a7394a71d73298cc2cbf7ffc,configs/topologies/routing_capacity_h4_h7_4th/h6_central_choke.yaml,88,replication,862924,43,3.3076923076923075,[],2,0.10800862946869216,0.10800862946869216,5.5701376955961335,0.0,0.0,True,True,True
4,h6_p1e-02_routing_choke_latency_quarter,88,15,artifacts/surface_code_fractional_path_latency_sweep_h4_h6_4th_paired/compile_info/h6_p1e-02_routing_choke_latency_quarter.json,choke,routing,be80d0251428081b5970d714b0177a4f6f6dcb7c5a1b3012f6fb426695637d71,125458,235157,4,9,1,7.323524411767721,13.893569999999999,4,12,True,1216052,363605,502628,0,Dim2,4,15,17330,15290,10000,17330,15290,2,H6,abc66fbd6086523edeb4a89160b6962b2d8c530e36a4c66c572dc77569acc3c7,4,quarter,1,4th(new_2),39600,4f6d34061c9b4702a6a1d6a0107e7b52a7d246e50442fbf35a4d38f33f32ab76,451261a4e8f8be85144eac750777be30d8735581f799bae5d6f193dc8b376b26,1e840f8893e8375d44986dd72d7a6adbcbeeebbe046480c3e359f92905df0d37,17894964,1,0.01,926238,259950,229350,4239,921999,596f1aabdd3d6ec2,artifacts/surface_code_cache/gr/ftqc_compile_topology_qec/H6_sto-3g_singlet_distance_100_charge_0_grouping__4th_new_2_/596f1aabdd3d6ec2/compile.yaml,256,ok,00bd234df8ced02546b0c0a29aa24d5a6a297cb8a7394a71d73298cc2cbf7ffc,configs/topologies/routing_capacity_h4_h7_4th/h6_central_choke.yaml,88,replication,862924,43,3.3076923076923075,[],2,7.981967215025931,7.981967215025931,20.607872990454478,29.784103710927656,40.70447518972931,True,True,True
4,h6_p1e-02_routing_choke_latency_unit,88,15,artifacts/surface_code_fractional_path_latency_sweep_h4_h6_4th_paired/compile_info/h6_p1e-02_routing_choke_latency_unit.json,choke,routing,be80d0251428081b5970d714b0177a4f6f6dcb7c5a1b3012f6fb426695637d71,125458,774831,1,29,1,7.451941639184952,21.3432,4,12,True,1216052,363605,502588,0,Dim2,4,15,17330,15290,10000,17330,15290,2,H6,abc66fbd6086523edeb4a89160b6962b2d8c530e36a4c66c572dc77569acc3c7,1,unit,1,4th(new_2),39600,4f6d34061c9b4702a6a1d6a0107e7b52a7d246e50442fbf35a4d38f33f32ab76,451261a4e8f8be85144eac750777be30d8735581f799bae5d6f193dc8b376b26,1e840f8893e8375d44986dd72d7a6adbcbeeebbe046480c3e359f92905df0d37,30442834,1,0.01,1422880,259950,229350,18259,1404621,596f1aabdd3d6ec2,artifacts/surface_code_cache/gr/ftqc_compile_topology_qec/H6_sto-3g_singlet_distance_100_charge_0_grouping__4th_new_2_/596f1aabdd3d6ec2/compile.yaml,256,ok,00bd234df8ced02546b0c0a29aa24d5a6a297cb8a7394a71d73298cc2cbf7ffc,configs/topologies/routing_capacity_h4_h7_4th/h6_central_choke.yaml,88,replication,862924,43,3.3076923076923075,[],2,27.795825583055887,27.795825583055887,52.454163343936024,99.37338512153974,139.3658339440106,True,True,True
