status,compiled_circuit_scope,qpe_scaling_model,molecule,num_logical_qubits,num_system_qubits,num_control_qubits,pf_label,step_time,base_step_time,effective_evolution_time,qpe_power_k,time_multiplier,qasm_hash,optimized_ir_hash,rotation_precision,step_rz_count,step_rz_layer,step_rz_depth,step_magic_state_count,step_magic_state_depth,pf_error_coefficient,pf_order,qpe_target_error,qpe_effective_block_count,qpe_action_count,case_name,topology_name,topology_path,topology_hash,mapping_result_json,mapping_result_hash,mapping_result_unavailable_reason,machine_type,magic_generation_period,resolved_maximum_magic_state_stock,stock_policy,entanglement_generation_period,maximum_entangled_state_stock,reaction_time,compile_mode,compiler_executable_path,compiler_executable_hash,cache_key,compile_cache_hit,runtime_without_topology,runtime_without_topology_unavailable_reason,runtime_with_topology,runtime_with_topology_unavailable_reason,runtime_difference_vs_topology_free,runtime_difference_vs_topology_free_unavailable_reason,chip_cells,chip_cells_unavailable_reason,qubit_volume,qubit_volume_unavailable_reason,physical_qubits,physical_qubits_unavailable_reason,code_distance,code_distance_unavailable_reason,failure_probability,failure_probability_unavailable_reason,compile_elapsed_time,compile_elapsed_time_unavailable_reason,peak_process_memory,peak_process_memory_unavailable_reason,total_magic_state_count,total_magic_state_depth,total_runtime_without_topology,total_runtime_without_topology_unavailable_reason,total_runtime_with_topology,total_runtime_with_topology_unavailable_reason,total_runtime_difference_vs_topology_free,total_runtime_difference_vs_topology_free_unavailable_reason,total_qubit_volume,total_qubit_volume_unavailable_reason,error_type,error_message
success,efficient_controlled_pf_one_step,linear_extrapolation_from_efficient_controlled_pf_one_step,H2,5,4,1,2nd,0.3774377437855251,0.3774377437855251,0.3774377437855251,0,1,0d3270f0ec165b55c464ef85b23e5e7e19d2ff19be167c4594f5eba2ff2db61b,c1df5b0ff011847b133a8c8749fc4014203c9d03e79bee7dfeb53078fb244dc9,1e-05,195,9,85,2404,1908,0.0033559072446398956,2.0,0.00015936001019904,89777.82576841394,89778,baseline_left_edge,factory_left_edge,/home/abe/Project/Evaluation_grouped_surface_code/configs/topologies/tutorial_factory_left_edge.yaml,b7a81d54181fdc7985f026501290417a9bf8356773b7113466245d452b253b89,,,disabled,Dim2,15,10000,fixed,100,10,1,ftqc_compile_topology_qec,/home/abe/Project/Evaluation_grouped_surface_code/build/quration/qret,d519cdb25446cf243053e84ffa559b7e6bd7dbd66365e1488d632208616dbbf5,eabd4ec09abf3aac,False,9168,,9169,,1,,96,,79059,,15552,,9,,,missing_in_compile_info,0.06636951817199588,,,not_collected,215826312,171296424,823084704,,823174482,,89778,,7097758902,,,
success,efficient_controlled_pf_one_step,linear_extrapolation_from_efficient_controlled_pf_one_step,H2,5,4,1,2nd,0.3774377437855251,0.3774377437855251,0.3774377437855251,0,1,0d3270f0ec165b55c464ef85b23e5e7e19d2ff19be167c4594f5eba2ff2db61b,c1df5b0ff011847b133a8c8749fc4014203c9d03e79bee7dfeb53078fb244dc9,1e-05,195,9,85,2404,1908,0.0033559072446398956,2.0,0.00015936001019904,89777.82576841394,89778,baseline_center_block,factory_center_block,/home/abe/Project/Evaluation_grouped_surface_code/configs/topologies/tutorial_factory_center_block.yaml,56d65fdff20bf18821c6b07e16fc8c1dcf7cb687b5868a60cc4cf1d178478bcc,,,disabled,Dim2,15,10000,fixed,100,10,1,ftqc_compile_topology_qec,/home/abe/Project/Evaluation_grouped_surface_code/build/quration/qret,d519cdb25446cf243053e84ffa559b7e6bd7dbd66365e1488d632208616dbbf5,52289078251cabbb,False,9168,,9169,,1,,96,,64813,,15552,,9,,,missing_in_compile_info,0.062358512077480555,,,not_collected,215826312,171296424,823084704,,823174482,,89778,,5818781514,,,
success,efficient_controlled_pf_one_step,linear_extrapolation_from_efficient_controlled_pf_one_step,H2,5,4,1,2nd,0.3774377437855251,0.3774377437855251,0.3774377437855251,0,1,0d3270f0ec165b55c464ef85b23e5e7e19d2ff19be167c4594f5eba2ff2db61b,c1df5b0ff011847b133a8c8749fc4014203c9d03e79bee7dfeb53078fb244dc9,1e-05,195,9,85,2404,1908,0.0033559072446398956,2.0,0.00015936001019904,89777.82576841394,89778,baseline_right_edge,factory_right_edge,/home/abe/Project/Evaluation_grouped_surface_code/configs/topologies/tutorial_factory_right_edge.yaml,14512f0d1ea4e28c09596b988d3fd8ee1bd076b52452878141b2992772720514,,,disabled,Dim2,15,10000,fixed,100,10,1,ftqc_compile_topology_qec,/home/abe/Project/Evaluation_grouped_surface_code/build/quration/qret,d519cdb25446cf243053e84ffa559b7e6bd7dbd66365e1488d632208616dbbf5,6ab9f8ae11dd26b7,False,9168,,9169,,1,,96,,68526,,15552,,9,,,missing_in_compile_info,0.06178469629958272,,,not_collected,215826312,171296424,823084704,,823174482,,89778,,6152127228,,,
success,efficient_controlled_pf_one_step,linear_extrapolation_from_efficient_controlled_pf_one_step,H2,5,4,1,2nd,0.3774377437855251,0.3774377437855251,0.3774377437855251,0,1,0d3270f0ec165b55c464ef85b23e5e7e19d2ff19be167c4594f5eba2ff2db61b,c1df5b0ff011847b133a8c8749fc4014203c9d03e79bee7dfeb53078fb244dc9,1e-05,195,9,85,2404,1908,0.0033559072446398956,2.0,0.00015936001019904,89777.82576841394,89778,fast_supply_left_edge,factory_left_edge,/home/abe/Project/Evaluation_grouped_surface_code/configs/topologies/tutorial_factory_left_edge.yaml,b7a81d54181fdc7985f026501290417a9bf8356773b7113466245d452b253b89,,,disabled,Dim2,8,10000,fixed,100,10,1,ftqc_compile_topology_qec,/home/abe/Project/Evaluation_grouped_surface_code/build/quration/qret,d519cdb25446cf243053e84ffa559b7e6bd7dbd66365e1488d632208616dbbf5,77961c0dda56df2f,False,8422,,8237,,-185,,96,,73067,,15552,,9,,,missing_in_compile_info,0.06191285885870457,,,not_collected,215826312,171296424,756110316,,739501386,,-16608930,,6559809126,,,
success,efficient_controlled_pf_one_step,linear_extrapolation_from_efficient_controlled_pf_one_step,H2,5,4,1,2nd,0.3774377437855251,0.3774377437855251,0.3774377437855251,0,1,0d3270f0ec165b55c464ef85b23e5e7e19d2ff19be167c4594f5eba2ff2db61b,c1df5b0ff011847b133a8c8749fc4014203c9d03e79bee7dfeb53078fb244dc9,1e-05,195,9,85,2404,1908,0.0033559072446398956,2.0,0.00015936001019904,89777.82576841394,89778,fast_supply_center_block,factory_center_block,/home/abe/Project/Evaluation_grouped_surface_code/configs/topologies/tutorial_factory_center_block.yaml,56d65fdff20bf18821c6b07e16fc8c1dcf7cb687b5868a60cc4cf1d178478bcc,,,disabled,Dim2,8,10000,fixed,100,10,1,ftqc_compile_topology_qec,/home/abe/Project/Evaluation_grouped_surface_code/build/quration/qret,d519cdb25446cf243053e84ffa559b7e6bd7dbd66365e1488d632208616dbbf5,4c619a415d5b8d26,False,8422,,8234,,-188,,96,,58735,,15552,,9,,,missing_in_compile_info,0.06225502025336027,,,not_collected,215826312,171296424,756110316,,739232052,,-16878264,,5273110830,,,
success,efficient_controlled_pf_one_step,linear_extrapolation_from_efficient_controlled_pf_one_step,H2,5,4,1,2nd,0.3774377437855251,0.3774377437855251,0.3774377437855251,0,1,0d3270f0ec165b55c464ef85b23e5e7e19d2ff19be167c4594f5eba2ff2db61b,c1df5b0ff011847b133a8c8749fc4014203c9d03e79bee7dfeb53078fb244dc9,1e-05,195,9,85,2404,1908,0.0033559072446398956,2.0,0.00015936001019904,89777.82576841394,89778,fast_supply_right_edge,factory_right_edge,/home/abe/Project/Evaluation_grouped_surface_code/configs/topologies/tutorial_factory_right_edge.yaml,14512f0d1ea4e28c09596b988d3fd8ee1bd076b52452878141b2992772720514,,,disabled,Dim2,8,10000,fixed,100,10,1,ftqc_compile_topology_qec,/home/abe/Project/Evaluation_grouped_surface_code/build/quration/qret,d519cdb25446cf243053e84ffa559b7e6bd7dbd66365e1488d632208616dbbf5,a88cd9cb8e82b798,False,8422,,8237,,-185,,96,,62309,,15552,,9,,,missing_in_compile_info,0.06054277438670397,,,not_collected,215826312,171296424,756110316,,739501386,,-16608930,,5593977402,,,
success,efficient_controlled_pf_one_step,linear_extrapolation_from_efficient_controlled_pf_one_step,H2,5,4,1,4th(new_2),2.8382192690687953,2.8382192690687953,2.8382192690687953,0,1,67581a3a9e597bc3a9f9f07044ca131b4e1412c18b0df36170463392be228d46,9ddc4d8452a4708259506a8d88fc66aad2f1cf88d5ace36bed7a1852707683bd,1e-05,883,29,353,8082,6566,1.2279072860922254e-05,4.0,0.00015936001019904,7415.679781259112,7416,baseline_left_edge,factory_left_edge,/home/abe/Project/Evaluation_grouped_surface_code/configs/topologies/tutorial_factory_left_edge.yaml,b7a81d54181fdc7985f026501290417a9bf8356773b7113466245d452b253b89,,,disabled,Dim2,15,10000,fixed,100,10,1,ftqc_compile_topology_qec,/home/abe/Project/Evaluation_grouped_surface_code/build/quration/qret,d519cdb25446cf243053e84ffa559b7e6bd7dbd66365e1488d632208616dbbf5,5ddb9350e148c4dc,False,30499,,30500,,1,,96,,277675,,23232,,11,,,missing_in_compile_info,0.19683799194172025,,,not_collected,59936112,48693456,226180584,,226188000,,7416,,2059237800,,,
success,efficient_controlled_pf_one_step,linear_extrapolation_from_efficient_controlled_pf_one_step,H2,5,4,1,4th(new_2),2.8382192690687953,2.8382192690687953,2.8382192690687953,0,1,67581a3a9e597bc3a9f9f07044ca131b4e1412c18b0df36170463392be228d46,9ddc4d8452a4708259506a8d88fc66aad2f1cf88d5ace36bed7a1852707683bd,1e-05,883,29,353,8082,6566,1.2279072860922254e-05,4.0,0.00015936001019904,7415.679781259112,7416,baseline_center_block,factory_center_block,/home/abe/Project/Evaluation_grouped_surface_code/configs/topologies/tutorial_factory_center_block.yaml,56d65fdff20bf18821c6b07e16fc8c1dcf7cb687b5868a60cc4cf1d178478bcc,,,disabled,Dim2,15,10000,fixed,100,10,1,ftqc_compile_topology_qec,/home/abe/Project/Evaluation_grouped_surface_code/build/quration/qret,d519cdb25446cf243053e84ffa559b7e6bd7dbd66365e1488d632208616dbbf5,1c94ed50014061fb,False,30499,,30500,,1,,96,,228773,,23232,,11,,,missing_in_compile_info,0.19802991999313235,,,not_collected,59936112,48693456,226180584,,226188000,,7416,,1696580568,,,
success,efficient_controlled_pf_one_step,linear_extrapolation_from_efficient_controlled_pf_one_step,H2,5,4,1,4th(new_2),2.8382192690687953,2.8382192690687953,2.8382192690687953,0,1,67581a3a9e597bc3a9f9f07044ca131b4e1412c18b0df36170463392be228d46,9ddc4d8452a4708259506a8d88fc66aad2f1cf88d5ace36bed7a1852707683bd,1e-05,883,29,353,8082,6566,1.2279072860922254e-05,4.0,0.00015936001019904,7415.679781259112,7416,baseline_right_edge,factory_right_edge,/home/abe/Project/Evaluation_grouped_surface_code/configs/topologies/tutorial_factory_right_edge.yaml,14512f0d1ea4e28c09596b988d3fd8ee1bd076b52452878141b2992772720514,,,disabled,Dim2,15,10000,fixed,100,10,1,ftqc_compile_topology_qec,/home/abe/Project/Evaluation_grouped_surface_code/build/quration/qret,d519cdb25446cf243053e84ffa559b7e6bd7dbd66365e1488d632208616dbbf5,ff56e5e01454cbfe,False,30499,,30500,,1,,96,,242234,,23232,,11,,,missing_in_compile_info,0.20362758776172996,,,not_collected,59936112,48693456,226180584,,226188000,,7416,,1796407344,,,
success,efficient_controlled_pf_one_step,linear_extrapolation_from_efficient_controlled_pf_one_step,H2,5,4,1,4th(new_2),2.8382192690687953,2.8382192690687953,2.8382192690687953,0,1,67581a3a9e597bc3a9f9f07044ca131b4e1412c18b0df36170463392be228d46,9ddc4d8452a4708259506a8d88fc66aad2f1cf88d5ace36bed7a1852707683bd,1e-05,883,29,353,8082,6566,1.2279072860922254e-05,4.0,0.00015936001019904,7415.679781259112,7416,fast_supply_left_edge,factory_left_edge,/home/abe/Project/Evaluation_grouped_surface_code/configs/topologies/tutorial_factory_left_edge.yaml,b7a81d54181fdc7985f026501290417a9bf8356773b7113466245d452b253b89,,,disabled,Dim2,8,10000,fixed,100,10,1,ftqc_compile_topology_qec,/home/abe/Project/Evaluation_grouped_surface_code/build/quration/qret,d519cdb25446cf243053e84ffa559b7e6bd7dbd66365e1488d632208616dbbf5,2b1edadb0dbd7b45,False,28716,,28525,,-191,,96,,261508,,23232,,11,,,missing_in_compile_info,0.19637180399149656,,,not_collected,59936112,48693456,212957856,,211541400,,-1416456,,1939343328,,,
success,efficient_controlled_pf_one_step,linear_extrapolation_from_efficient_controlled_pf_one_step,H2,5,4,1,4th(new_2),2.8382192690687953,2.8382192690687953,2.8382192690687953,0,1,67581a3a9e597bc3a9f9f07044ca131b4e1412c18b0df36170463392be228d46,9ddc4d8452a4708259506a8d88fc66aad2f1cf88d5ace36bed7a1852707683bd,1e-05,883,29,353,8082,6566,1.2279072860922254e-05,4.0,0.00015936001019904,7415.679781259112,7416,fast_supply_center_block,factory_center_block,/home/abe/Project/Evaluation_grouped_surface_code/configs/topologies/tutorial_factory_center_block.yaml,56d65fdff20bf18821c6b07e16fc8c1dcf7cb687b5868a60cc4cf1d178478bcc,,,disabled,Dim2,8,10000,fixed,100,10,1,ftqc_compile_topology_qec,/home/abe/Project/Evaluation_grouped_surface_code/build/quration/qret,d519cdb25446cf243053e84ffa559b7e6bd7dbd66365e1488d632208616dbbf5,1fd43a12f6349ae5,False,28716,,28524,,-192,,96,,212244,,23232,,11,,,missing_in_compile_info,0.19795281579717994,,,not_collected,59936112,48693456,212957856,,211533984,,-1423872,,1574001504,,,
success,efficient_controlled_pf_one_step,linear_extrapolation_from_efficient_controlled_pf_one_step,H2,5,4,1,4th(new_2),2.8382192690687953,2.8382192690687953,2.8382192690687953,0,1,67581a3a9e597bc3a9f9f07044ca131b4e1412c18b0df36170463392be228d46,9ddc4d8452a4708259506a8d88fc66aad2f1cf88d5ace36bed7a1852707683bd,1e-05,883,29,353,8082,6566,1.2279072860922254e-05,4.0,0.00015936001019904,7415.679781259112,7416,fast_supply_right_edge,factory_right_edge,/home/abe/Project/Evaluation_grouped_surface_code/configs/topologies/tutorial_factory_right_edge.yaml,14512f0d1ea4e28c09596b988d3fd8ee1bd076b52452878141b2992772720514,,,disabled,Dim2,8,10000,fixed,100,10,1,ftqc_compile_topology_qec,/home/abe/Project/Evaluation_grouped_surface_code/build/quration/qret,d519cdb25446cf243053e84ffa559b7e6bd7dbd66365e1488d632208616dbbf5,56381f68cdf18f02,False,28716,,28525,,-191,,96,,225102,,23232,,11,,,missing_in_compile_info,0.19361930387094617,,,not_collected,59936112,48693456,212957856,,211541400,,-1416456,,1669356432,,,
success,efficient_controlled_pf_one_step,linear_extrapolation_from_efficient_controlled_pf_one_step,H3,7,6,1,2nd,0.300967185319906,0.300967185319906,0.300967185319906,0,1,bd5862f4cfb0ec8d5f2381e4130cec37d7eeec7d4c73de993a4aa13537553385,8d7fbb56976abe5a7e0d22f3d0269736ace71301ecc9548100a27df7ad616fa5,1e-05,2255,39,919,11852,10892,0.005277914009070843,2.0,0.00015936001019904,112588.81915642164,112589,baseline_left_edge,factory_left_edge,/home/abe/Project/Evaluation_grouped_surface_code/configs/topologies/tutorial_factory_left_edge.yaml,b7a81d54181fdc7985f026501290417a9bf8356773b7113466245d452b253b89,,,disabled,Dim2,15,10000,fixed,100,10,1,ftqc_compile_topology_qec,/home/abe/Project/Evaluation_grouped_surface_code/build/quration/qret,d519cdb25446cf243053e84ffa559b7e6bd7dbd66365e1488d632208616dbbf5,4c2dd70a22c508b7,False,50667,,50668,,1,,96,,539887,,23232,,11,,,missing_in_compile_info,0.30090396106243134,,,not_collected,1334404828,1226319388,5704546863,,5704659452,,112589,,60785337443,,,
success,efficient_controlled_pf_one_step,linear_extrapolation_from_efficient_controlled_pf_one_step,H3,7,6,1,2nd,0.300967185319906,0.300967185319906,0.300967185319906,0,1,bd5862f4cfb0ec8d5f2381e4130cec37d7eeec7d4c73de993a4aa13537553385,8d7fbb56976abe5a7e0d22f3d0269736ace71301ecc9548100a27df7ad616fa5,1e-05,2255,39,919,11852,10892,0.005277914009070843,2.0,0.00015936001019904,112588.81915642164,112589,baseline_center_block,factory_center_block,/home/abe/Project/Evaluation_grouped_surface_code/configs/topologies/tutorial_factory_center_block.yaml,56d65fdff20bf18821c6b07e16fc8c1dcf7cb687b5868a60cc4cf1d178478bcc,,,disabled,Dim2,15,10000,fixed,100,10,1,ftqc_compile_topology_qec,/home/abe/Project/Evaluation_grouped_surface_code/build/quration/qret,d519cdb25446cf243053e84ffa559b7e6bd7dbd66365e1488d632208616dbbf5,c997ae4236139460,False,50667,,50668,,1,,96,,466363,,23232,,11,,,missing_in_compile_info,0.3105278708972037,,,not_collected,1334404828,1226319388,5704546863,,5704659452,,112589,,52507343807,,,
success,efficient_controlled_pf_one_step,linear_extrapolation_from_efficient_controlled_pf_one_step,H3,7,6,1,2nd,0.300967185319906,0.300967185319906,0.300967185319906,0,1,bd5862f4cfb0ec8d5f2381e4130cec37d7eeec7d4c73de993a4aa13537553385,8d7fbb56976abe5a7e0d22f3d0269736ace71301ecc9548100a27df7ad616fa5,1e-05,2255,39,919,11852,10892,0.005277914009070843,2.0,0.00015936001019904,112588.81915642164,112589,baseline_right_edge,factory_right_edge,/home/abe/Project/Evaluation_grouped_surface_code/configs/topologies/tutorial_factory_right_edge.yaml,14512f0d1ea4e28c09596b988d3fd8ee1bd076b52452878141b2992772720514,,,disabled,Dim2,15,10000,fixed,100,10,1,ftqc_compile_topology_qec,/home/abe/Project/Evaluation_grouped_surface_code/build/quration/qret,d519cdb25446cf243053e84ffa559b7e6bd7dbd66365e1488d632208616dbbf5,aabd4dba5e1945c5,False,50667,,50682,,15,,96,,484289,,23232,,11,,,missing_in_compile_info,0.29868104588240385,,,not_collected,1334404828,1226319388,5704546863,,5706235698,,1688835,,54525614221,,,
success,efficient_controlled_pf_one_step,linear_extrapolation_from_efficient_controlled_pf_one_step,H3,7,6,1,2nd,0.300967185319906,0.300967185319906,0.300967185319906,0,1,bd5862f4cfb0ec8d5f2381e4130cec37d7eeec7d4c73de993a4aa13537553385,8d7fbb56976abe5a7e0d22f3d0269736ace71301ecc9548100a27df7ad616fa5,1e-05,2255,39,919,11852,10892,0.005277914009070843,2.0,0.00015936001019904,112588.81915642164,112589,fast_supply_left_edge,factory_left_edge,/home/abe/Project/Evaluation_grouped_surface_code/configs/topologies/tutorial_factory_left_edge.yaml,b7a81d54181fdc7985f026501290417a9bf8356773b7113466245d452b253b89,,,disabled,Dim2,8,10000,fixed,100,10,1,ftqc_compile_topology_qec,/home/abe/Project/Evaluation_grouped_surface_code/build/quration/qret,d519cdb25446cf243053e84ffa559b7e6bd7dbd66365e1488d632208616dbbf5,d2c5ec9c6af14e23,False,49822,,49725,,-97,,96,,525698,,23232,,11,,,missing_in_compile_info,0.30082383612170815,,,not_collected,1334404828,1226319388,5609409158,,5598488025,,-10921133,,59187812122,,,
success,efficient_controlled_pf_one_step,linear_extrapolation_from_efficient_controlled_pf_one_step,H3,7,6,1,2nd,0.300967185319906,0.300967185319906,0.300967185319906,0,1,bd5862f4cfb0ec8d5f2381e4130cec37d7eeec7d4c73de993a4aa13537553385,8d7fbb56976abe5a7e0d22f3d0269736ace71301ecc9548100a27df7ad616fa5,1e-05,2255,39,919,11852,10892,0.005277914009070843,2.0,0.00015936001019904,112588.81915642164,112589,fast_supply_center_block,factory_center_block,/home/abe/Project/Evaluation_grouped_surface_code/configs/topologies/tutorial_factory_center_block.yaml,56d65fdff20bf18821c6b07e16fc8c1dcf7cb687b5868a60cc4cf1d178478bcc,,,disabled,Dim2,8,10000,fixed,100,10,1,ftqc_compile_topology_qec,/home/abe/Project/Evaluation_grouped_surface_code/build/quration/qret,d519cdb25446cf243053e84ffa559b7e6bd7dbd66365e1488d632208616dbbf5,f0e76aebd19fb5bb,False,49822,,49730,,-92,,96,,452919,,23232,,11,,,missing_in_compile_info,0.30238500889390707,,,not_collected,1334404828,1226319388,5609409158,,5599050970,,-10358188,,50993697291,,,
success,efficient_controlled_pf_one_step,linear_extrapolation_from_efficient_controlled_pf_one_step,H3,7,6,1,2nd,0.300967185319906,0.300967185319906,0.300967185319906,0,1,bd5862f4cfb0ec8d5f2381e4130cec37d7eeec7d4c73de993a4aa13537553385,8d7fbb56976abe5a7e0d22f3d0269736ace71301ecc9548100a27df7ad616fa5,1e-05,2255,39,919,11852,10892,0.005277914009070843,2.0,0.00015936001019904,112588.81915642164,112589,fast_supply_right_edge,factory_right_edge,/home/abe/Project/Evaluation_grouped_surface_code/configs/topologies/tutorial_factory_right_edge.yaml,14512f0d1ea4e28c09596b988d3fd8ee1bd076b52452878141b2992772720514,,,disabled,Dim2,8,10000,fixed,100,10,1,ftqc_compile_topology_qec,/home/abe/Project/Evaluation_grouped_surface_code/build/quration/qret,d519cdb25446cf243053e84ffa559b7e6bd7dbd66365e1488d632208616dbbf5,29ae49e04eea2850,False,49822,,49736,,-86,,96,,465541,,23232,,11,,,missing_in_compile_info,0.30274116108193994,,,not_collected,1334404828,1226319388,5609409158,,5599726504,,-9682654,,52414795649,,,
success,efficient_controlled_pf_one_step,linear_extrapolation_from_efficient_controlled_pf_one_step,H3,7,6,1,4th(new_2),2.5748937487913963,2.5748937487913963,2.5748937487913963,0,1,d60c900fd35fa21e961e1c65d6b635e848f1decde12c5b345ece522909c04bfc,357c95a1c5487a12785dc276d3bb3c29d3dc44562fec3880a54b768d53f8c2cf,1e-05,11095,163,4451,50534,47600,1.8126422630768925e-05,4.0,0.00015936001019904,8174.055825912302,8175,baseline_left_edge,factory_left_edge,/home/abe/Project/Evaluation_grouped_surface_code/configs/topologies/tutorial_factory_left_edge.yaml,b7a81d54181fdc7985f026501290417a9bf8356773b7113466245d452b253b89,,,disabled,Dim2,15,10000,fixed,100,10,1,ftqc_compile_topology_qec,/home/abe/Project/Evaluation_grouped_surface_code/build/quration/qret,d519cdb25446cf243053e84ffa559b7e6bd7dbd66365e1488d632208616dbbf5,04a2ab88cd9ab66e,False,221111,,221112,,1,,96,,2383095,,32448,,13,,,missing_in_compile_info,1.375832328107208,,,not_collected,413115450,389130000,1807582425,,1807590600,,8175,,19481801625,,,
success,efficient_controlled_pf_one_step,linear_extrapolation_from_efficient_controlled_pf_one_step,H3,7,6,1,4th(new_2),2.5748937487913963,2.5748937487913963,2.5748937487913963,0,1,d60c900fd35fa21e961e1c65d6b635e848f1decde12c5b345ece522909c04bfc,357c95a1c5487a12785dc276d3bb3c29d3dc44562fec3880a54b768d53f8c2cf,1e-05,11095,163,4451,50534,47600,1.8126422630768925e-05,4.0,0.00015936001019904,8174.055825912302,8175,baseline_center_block,factory_center_block,/home/abe/Project/Evaluation_grouped_surface_code/configs/topologies/tutorial_factory_center_block.yaml,56d65fdff20bf18821c6b07e16fc8c1dcf7cb687b5868a60cc4cf1d178478bcc,,,disabled,Dim2,15,10000,fixed,100,10,1,ftqc_compile_topology_qec,/home/abe/Project/Evaluation_grouped_surface_code/build/quration/qret,d519cdb25446cf243053e84ffa559b7e6bd7dbd66365e1488d632208616dbbf5,b4028d1830042239,False,221111,,221112,,1,,96,,2061051,,32448,,13,,,missing_in_compile_info,1.3496345370076597,,,not_collected,413115450,389130000,1807582425,,1807590600,,8175,,16849091925,,,
success,efficient_controlled_pf_one_step,linear_extrapolation_from_efficient_controlled_pf_one_step,H3,7,6,1,4th(new_2),2.5748937487913963,2.5748937487913963,2.5748937487913963,0,1,d60c900fd35fa21e961e1c65d6b635e848f1decde12c5b345ece522909c04bfc,357c95a1c5487a12785dc276d3bb3c29d3dc44562fec3880a54b768d53f8c2cf,1e-05,11095,163,4451,50534,47600,1.8126422630768925e-05,4.0,0.00015936001019904,8174.055825912302,8175,baseline_right_edge,factory_right_edge,/home/abe/Project/Evaluation_grouped_surface_code/configs/topologies/tutorial_factory_right_edge.yaml,14512f0d1ea4e28c09596b988d3fd8ee1bd076b52452878141b2992772720514,,,disabled,Dim2,15,10000,fixed,100,10,1,ftqc_compile_topology_qec,/home/abe/Project/Evaluation_grouped_surface_code/build/quration/qret,d519cdb25446cf243053e84ffa559b7e6bd7dbd66365e1488d632208616dbbf5,ea374bad4790775b,False,221111,,221164,,53,,96,,2143110,,32448,,13,,,missing_in_compile_info,1.3632495370693505,,,not_collected,413115450,389130000,1807582425,,1808015700,,433275,,17519924250,,,
success,efficient_controlled_pf_one_step,linear_extrapolation_from_efficient_controlled_pf_one_step,H3,7,6,1,4th(new_2),2.5748937487913963,2.5748937487913963,2.5748937487913963,0,1,d60c900fd35fa21e961e1c65d6b635e848f1decde12c5b345ece522909c04bfc,357c95a1c5487a12785dc276d3bb3c29d3dc44562fec3880a54b768d53f8c2cf,1e-05,11095,163,4451,50534,47600,1.8126422630768925e-05,4.0,0.00015936001019904,8174.055825912302,8175,fast_supply_left_edge,factory_left_edge,/home/abe/Project/Evaluation_grouped_surface_code/configs/topologies/tutorial_factory_left_edge.yaml,b7a81d54181fdc7985f026501290417a9bf8356773b7113466245d452b253b89,,,disabled,Dim2,8,10000,fixed,100,10,1,ftqc_compile_topology_qec,/home/abe/Project/Evaluation_grouped_surface_code/build/quration/qret,d519cdb25446cf243053e84ffa559b7e6bd7dbd66365e1488d632208616dbbf5,6036eab9f8551385,False,220239,,220198,,-41,,96,,2341235,,32448,,13,,,missing_in_compile_info,1.3848443259485066,,,not_collected,413115450,389130000,1800453825,,1800118650,,-335175,,19139596125,,,
success,efficient_controlled_pf_one_step,linear_extrapolation_from_efficient_controlled_pf_one_step,H3,7,6,1,4th(new_2),2.5748937487913963,2.5748937487913963,2.5748937487913963,0,1,d60c900fd35fa21e961e1c65d6b635e848f1decde12c5b345ece522909c04bfc,357c95a1c5487a12785dc276d3bb3c29d3dc44562fec3880a54b768d53f8c2cf,1e-05,11095,163,4451,50534,47600,1.8126422630768925e-05,4.0,0.00015936001019904,8174.055825912302,8175,fast_supply_center_block,factory_center_block,/home/abe/Project/Evaluation_grouped_surface_code/configs/topologies/tutorial_factory_center_block.yaml,56d65fdff20bf18821c6b07e16fc8c1dcf7cb687b5868a60cc4cf1d178478bcc,,,disabled,Dim2,8,10000,fixed,100,10,1,ftqc_compile_topology_qec,/home/abe/Project/Evaluation_grouped_surface_code/build/quration/qret,d519cdb25446cf243053e84ffa559b7e6bd7dbd66365e1488d632208616dbbf5,76048250f31aa694,False,220239,,220200,,-39,,96,,2025048,,32448,,13,,,missing_in_compile_info,1.3580054519698024,,,not_collected,413115450,389130000,1800453825,,1800135000,,-318825,,16554767400,,,
success,efficient_controlled_pf_one_step,linear_extrapolation_from_efficient_controlled_pf_one_step,H3,7,6,1,4th(new_2),2.5748937487913963,2.5748937487913963,2.5748937487913963,0,1,d60c900fd35fa21e961e1c65d6b635e848f1decde12c5b345ece522909c04bfc,357c95a1c5487a12785dc276d3bb3c29d3dc44562fec3880a54b768d53f8c2cf,1e-05,11095,163,4451,50534,47600,1.8126422630768925e-05,4.0,0.00015936001019904,8174.055825912302,8175,fast_supply_right_edge,factory_right_edge,/home/abe/Project/Evaluation_grouped_surface_code/configs/topologies/tutorial_factory_right_edge.yaml,14512f0d1ea4e28c09596b988d3fd8ee1bd076b52452878141b2992772720514,,,disabled,Dim2,8,10000,fixed,100,10,1,ftqc_compile_topology_qec,/home/abe/Project/Evaluation_grouped_surface_code/build/quration/qret,d519cdb25446cf243053e84ffa559b7e6bd7dbd66365e1488d632208616dbbf5,5bbae45ab13137be,False,220239,,220233,,-6,,96,,2081787,,32448,,13,,,missing_in_compile_info,1.3734791916795075,,,not_collected,413115450,389130000,1800453825,,1800404775,,-49050,,17018608725,,,
success,efficient_controlled_pf_one_step,linear_extrapolation_from_efficient_controlled_pf_one_step,H4,9,8,1,2nd,0.2048259044337176,0.2048259044337176,0.2048259044337176,0,1,0b097825831697cab266d6bf5af5cadbec4379fe040022d98be5b13baac639df,9af13451ca5d0e5fc73616c316af1ba8ce9cfb6b82dc8d69ce714e96f3c22f02,1e-05,10371,99,3535,39150,36564,0.011395433240097976,2.0,0.00015936001019904,165435.8128855016,165436,baseline_left_edge,factory_left_edge,/home/abe/Project/Evaluation_grouped_surface_code/configs/topologies/tutorial_factory_left_edge.yaml,b7a81d54181fdc7985f026501290417a9bf8356773b7113466245d452b253b89,,,disabled,Dim2,15,10000,fixed,100,10,1,ftqc_compile_topology_qec,/home/abe/Project/Evaluation_grouped_surface_code/build/quration/qret,d519cdb25446cf243053e84ffa559b7e6bd7dbd66365e1488d632208616dbbf5,a8d8cae030acd880,False,171823,,171820,,-3,,96,,2180641,,32448,,13,,,missing_in_compile_info,1.1041497327387333,,,not_collected,6476819400,6049001904,28425709828,,28425213520,,-496308,,360756524476,,,
success,efficient_controlled_pf_one_step,linear_extrapolation_from_efficient_controlled_pf_one_step,H4,9,8,1,2nd,0.2048259044337176,0.2048259044337176,0.2048259044337176,0,1,0b097825831697cab266d6bf5af5cadbec4379fe040022d98be5b13baac639df,9af13451ca5d0e5fc73616c316af1ba8ce9cfb6b82dc8d69ce714e96f3c22f02,1e-05,10371,99,3535,39150,36564,0.011395433240097976,2.0,0.00015936001019904,165435.8128855016,165436,baseline_center_block,factory_center_block,/home/abe/Project/Evaluation_grouped_surface_code/configs/topologies/tutorial_factory_center_block.yaml,56d65fdff20bf18821c6b07e16fc8c1dcf7cb687b5868a60cc4cf1d178478bcc,,,disabled,Dim2,15,10000,fixed,100,10,1,ftqc_compile_topology_qec,/home/abe/Project/Evaluation_grouped_surface_code/build/quration/qret,d519cdb25446cf243053e84ffa559b7e6bd7dbd66365e1488d632208616dbbf5,7691401103ae8f02,False,171823,,171824,,1,,96,,1934272,,32448,,13,,,missing_in_compile_info,1.0754132070578635,,,not_collected,6476819400,6049001904,28425709828,,28425875264,,165436,,319998222592,,,
success,efficient_controlled_pf_one_step,linear_extrapolation_from_efficient_controlled_pf_one_step,H4,9,8,1,2nd,0.2048259044337176,0.2048259044337176,0.2048259044337176,0,1,0b097825831697cab266d6bf5af5cadbec4379fe040022d98be5b13baac639df,9af13451ca5d0e5fc73616c316af1ba8ce9cfb6b82dc8d69ce714e96f3c22f02,1e-05,10371,99,3535,39150,36564,0.011395433240097976,2.0,0.00015936001019904,165435.8128855016,165436,baseline_right_edge,factory_right_edge,/home/abe/Project/Evaluation_grouped_surface_code/configs/topologies/tutorial_factory_right_edge.yaml,14512f0d1ea4e28c09596b988d3fd8ee1bd076b52452878141b2992772720514,,,disabled,Dim2,15,10000,fixed,100,10,1,ftqc_compile_topology_qec,/home/abe/Project/Evaluation_grouped_surface_code/build/quration/qret,d519cdb25446cf243053e84ffa559b7e6bd7dbd66365e1488d632208616dbbf5,5d365f808e6dded7,False,171823,,171852,,29,,96,,1998213,,32448,,13,,,missing_in_compile_info,1.1074715070426464,,,not_collected,6476819400,6049001904,28425709828,,28430507472,,4797644,,330576365868,,,
success,efficient_controlled_pf_one_step,linear_extrapolation_from_efficient_controlled_pf_one_step,H4,9,8,1,2nd,0.2048259044337176,0.2048259044337176,0.2048259044337176,0,1,0b097825831697cab266d6bf5af5cadbec4379fe040022d98be5b13baac639df,9af13451ca5d0e5fc73616c316af1ba8ce9cfb6b82dc8d69ce714e96f3c22f02,1e-05,10371,99,3535,39150,36564,0.011395433240097976,2.0,0.00015936001019904,165435.8128855016,165436,fast_supply_left_edge,factory_left_edge,/home/abe/Project/Evaluation_grouped_surface_code/configs/topologies/tutorial_factory_left_edge.yaml,b7a81d54181fdc7985f026501290417a9bf8356773b7113466245d452b253b89,,,disabled,Dim2,8,10000,fixed,100,10,1,ftqc_compile_topology_qec,/home/abe/Project/Evaluation_grouped_surface_code/build/quration/qret,d519cdb25446cf243053e84ffa559b7e6bd7dbd66365e1488d632208616dbbf5,909e3cfbee20f585,False,170938,,170904,,-34,,96,,2144667,,32448,,13,,,missing_in_compile_info,1.0908276760019362,,,not_collected,6476819400,6049001904,28279298968,,28273674144,,-5624824,,354805129812,,,
success,efficient_controlled_pf_one_step,linear_extrapolation_from_efficient_controlled_pf_one_step,H4,9,8,1,2nd,0.2048259044337176,0.2048259044337176,0.2048259044337176,0,1,0b097825831697cab266d6bf5af5cadbec4379fe040022d98be5b13baac639df,9af13451ca5d0e5fc73616c316af1ba8ce9cfb6b82dc8d69ce714e96f3c22f02,1e-05,10371,99,3535,39150,36564,0.011395433240097976,2.0,0.00015936001019904,165435.8128855016,165436,fast_supply_center_block,factory_center_block,/home/abe/Project/Evaluation_grouped_surface_code/configs/topologies/tutorial_factory_center_block.yaml,56d65fdff20bf18821c6b07e16fc8c1dcf7cb687b5868a60cc4cf1d178478bcc,,,disabled,Dim2,8,10000,fixed,100,10,1,ftqc_compile_topology_qec,/home/abe/Project/Evaluation_grouped_surface_code/build/quration/qret,d519cdb25446cf243053e84ffa559b7e6bd7dbd66365e1488d632208616dbbf5,bf31e3c7dd9cd744,False,170938,,170904,,-34,,96,,1907949,,32448,,13,,,missing_in_compile_info,1.0628086919896305,,,not_collected,6476819400,6049001904,28279298968,,28273674144,,-5624824,,315643450764,,,
success,efficient_controlled_pf_one_step,linear_extrapolation_from_efficient_controlled_pf_one_step,H4,9,8,1,2nd,0.2048259044337176,0.2048259044337176,0.2048259044337176,0,1,0b097825831697cab266d6bf5af5cadbec4379fe040022d98be5b13baac639df,9af13451ca5d0e5fc73616c316af1ba8ce9cfb6b82dc8d69ce714e96f3c22f02,1e-05,10371,99,3535,39150,36564,0.011395433240097976,2.0,0.00015936001019904,165435.8128855016,165436,fast_supply_right_edge,factory_right_edge,/home/abe/Project/Evaluation_grouped_surface_code/configs/topologies/tutorial_factory_right_edge.yaml,14512f0d1ea4e28c09596b988d3fd8ee1bd076b52452878141b2992772720514,,,disabled,Dim2,8,10000,fixed,100,10,1,ftqc_compile_topology_qec,/home/abe/Project/Evaluation_grouped_surface_code/build/quration/qret,d519cdb25446cf243053e84ffa559b7e6bd7dbd66365e1488d632208616dbbf5,d3f3d1de5ba96194,False,170938,,170922,,-16,,96,,1944883,,32448,,13,,,missing_in_compile_info,1.0830688960850239,,,not_collected,6476819400,6049001904,28279298968,,28276651992,,-2646976,,321753663988,,,
success,efficient_controlled_pf_one_step,linear_extrapolation_from_efficient_controlled_pf_one_step,H4,9,8,1,4th(new_2),1.925283880931039,1.925283880931039,1.925283880931039,0,1,8690906cc9b138208b404e19cbe63537f4939ef24d3a0bfd4144174f03d90e82,6bca956b993ce88c16105a9cca48e0bb8b48bef7446d3cd872aa30a622c1cf0b,1e-05,51555,459,17423,184600,173748,5.799228940107614e-05,4.0,0.00015936001019904,10932.063295639966,10933,baseline_left_edge,factory_left_edge,/home/abe/Project/Evaluation_grouped_surface_code/configs/topologies/tutorial_factory_left_edge.yaml,b7a81d54181fdc7985f026501290417a9bf8356773b7113466245d452b253b89,,,disabled,Dim2,15,10000,fixed,100,10,1,ftqc_compile_topology_qec,/home/abe/Project/Evaluation_grouped_surface_code/build/quration/qret,d519cdb25446cf243053e84ffa559b7e6bd7dbd66365e1488d632208616dbbf5,85bf3d9739994a3d,False,814083,,814085,,2,,96,,10378538,,43200,,15,,,missing_in_compile_info,5.539555628784001,,,not_collected,2018231800,1899586884,8900369439,,8900391305,,21866,,113468555954,,,
success,efficient_controlled_pf_one_step,linear_extrapolation_from_efficient_controlled_pf_one_step,H4,9,8,1,4th(new_2),1.925283880931039,1.925283880931039,1.925283880931039,0,1,8690906cc9b138208b404e19cbe63537f4939ef24d3a0bfd4144174f03d90e82,6bca956b993ce88c16105a9cca48e0bb8b48bef7446d3cd872aa30a622c1cf0b,1e-05,51555,459,17423,184600,173748,5.799228940107614e-05,4.0,0.00015936001019904,10932.063295639966,10933,baseline_center_block,factory_center_block,/home/abe/Project/Evaluation_grouped_surface_code/configs/topologies/tutorial_factory_center_block.yaml,56d65fdff20bf18821c6b07e16fc8c1dcf7cb687b5868a60cc4cf1d178478bcc,,,disabled,Dim2,15,10000,fixed,100,10,1,ftqc_compile_topology_qec,/home/abe/Project/Evaluation_grouped_surface_code/build/quration/qret,d519cdb25446cf243053e84ffa559b7e6bd7dbd66365e1488d632208616dbbf5,89a6fbac6c8eb4c4,False,814083,,814086,,3,,96,,9199159,,32448,,13,,,missing_in_compile_info,5.4755604369565845,,,not_collected,2018231800,1899586884,8900369439,,8900402238,,32799,,100574405347,,,
success,efficient_controlled_pf_one_step,linear_extrapolation_from_efficient_controlled_pf_one_step,H4,9,8,1,4th(new_2),1.925283880931039,1.925283880931039,1.925283880931039,0,1,8690906cc9b138208b404e19cbe63537f4939ef24d3a0bfd4144174f03d90e82,6bca956b993ce88c16105a9cca48e0bb8b48bef7446d3cd872aa30a622c1cf0b,1e-05,51555,459,17423,184600,173748,5.799228940107614e-05,4.0,0.00015936001019904,10932.063295639966,10933,baseline_right_edge,factory_right_edge,/home/abe/Project/Evaluation_grouped_surface_code/configs/topologies/tutorial_factory_right_edge.yaml,14512f0d1ea4e28c09596b988d3fd8ee1bd076b52452878141b2992772720514,,,disabled,Dim2,15,10000,fixed,100,10,1,ftqc_compile_topology_qec,/home/abe/Project/Evaluation_grouped_surface_code/build/quration/qret,d519cdb25446cf243053e84ffa559b7e6bd7dbd66365e1488d632208616dbbf5,cbafcbd647998069,False,814083,,814240,,157,,96,,9508834,,32448,,13,,,missing_in_compile_info,5.53107527224347,,,not_collected,2018231800,1899586884,8900369439,,8902085920,,1716481,,103960082122,,,
success,efficient_controlled_pf_one_step,linear_extrapolation_from_efficient_controlled_pf_one_step,H4,9,8,1,4th(new_2),1.925283880931039,1.925283880931039,1.925283880931039,0,1,8690906cc9b138208b404e19cbe63537f4939ef24d3a0bfd4144174f03d90e82,6bca956b993ce88c16105a9cca48e0bb8b48bef7446d3cd872aa30a622c1cf0b,1e-05,51555,459,17423,184600,173748,5.799228940107614e-05,4.0,0.00015936001019904,10932.063295639966,10933,fast_supply_left_edge,factory_left_edge,/home/abe/Project/Evaluation_grouped_surface_code/configs/topologies/tutorial_factory_left_edge.yaml,b7a81d54181fdc7985f026501290417a9bf8356773b7113466245d452b253b89,,,disabled,Dim2,8,10000,fixed,100,10,1,ftqc_compile_topology_qec,/home/abe/Project/Evaluation_grouped_surface_code/build/quration/qret,d519cdb25446cf243053e84ffa559b7e6bd7dbd66365e1488d632208616dbbf5,45f6d8e85edcc1a4,False,813265,,813266,,1,,96,,10238762,,43200,,15,,,missing_in_compile_info,5.7964170682244,,,not_collected,2018231800,1899586884,8891426245,,8891437178,,10933,,111940384946,,,
success,efficient_controlled_pf_one_step,linear_extrapolation_from_efficient_controlled_pf_one_step,H4,9,8,1,4th(new_2),1.925283880931039,1.925283880931039,1.925283880931039,0,1,8690906cc9b138208b404e19cbe63537f4939ef24d3a0bfd4144174f03d90e82,6bca956b993ce88c16105a9cca48e0bb8b48bef7446d3cd872aa30a622c1cf0b,1e-05,51555,459,17423,184600,173748,5.799228940107614e-05,4.0,0.00015936001019904,10932.063295639966,10933,fast_supply_center_block,factory_center_block,/home/abe/Project/Evaluation_grouped_surface_code/configs/topologies/tutorial_factory_center_block.yaml,56d65fdff20bf18821c6b07e16fc8c1dcf7cb687b5868a60cc4cf1d178478bcc,,,disabled,Dim2,8,10000,fixed,100,10,1,ftqc_compile_topology_qec,/home/abe/Project/Evaluation_grouped_surface_code/build/quration/qret,d519cdb25446cf243053e84ffa559b7e6bd7dbd66365e1488d632208616dbbf5,1f81988ad1c2e67e,False,813265,,813263,,-2,,96,,9110787,,32448,,13,,,missing_in_compile_info,5.7919458616524935,,,not_collected,2018231800,1899586884,8891426245,,8891404379,,-21866,,99608234271,,,
success,efficient_controlled_pf_one_step,linear_extrapolation_from_efficient_controlled_pf_one_step,H4,9,8,1,4th(new_2),1.925283880931039,1.925283880931039,1.925283880931039,0,1,8690906cc9b138208b404e19cbe63537f4939ef24d3a0bfd4144174f03d90e82,6bca956b993ce88c16105a9cca48e0bb8b48bef7446d3cd872aa30a622c1cf0b,1e-05,51555,459,17423,184600,173748,5.799228940107614e-05,4.0,0.00015936001019904,10932.063295639966,10933,fast_supply_right_edge,factory_right_edge,/home/abe/Project/Evaluation_grouped_surface_code/configs/topologies/tutorial_factory_right_edge.yaml,14512f0d1ea4e28c09596b988d3fd8ee1bd076b52452878141b2992772720514,,,disabled,Dim2,8,10000,fixed,100,10,1,ftqc_compile_topology_qec,/home/abe/Project/Evaluation_grouped_surface_code/build/quration/qret,d519cdb25446cf243053e84ffa559b7e6bd7dbd66365e1488d632208616dbbf5,5ccd83de632feffe,False,813265,,813394,,129,,96,,9285847,,32448,,13,,,missing_in_compile_info,5.501918246038258,,,not_collected,2018231800,1899586884,8891426245,,8892836602,,1410357,,101522165251,,,
success,efficient_controlled_pf_one_step,linear_extrapolation_from_efficient_controlled_pf_one_step,H5,11,10,1,2nd,0.29370818386701597,0.29370818386701597,0.29370818386701597,0,1,8915cbedad4ceee7205a570c690c7952f8584f89be56262a927764b7552194f7,6c91e81caa9aa547c58dc8ab805b9ae1cd8cb6f2176d32e294e9951fe58f511d,1e-05,27919,341,9498,100020,94398,0.005542025349063579,2.0,0.00015936001019904,115371.45323585092,115372,baseline_left_edge,factory_left_edge,/home/abe/Project/Evaluation_grouped_surface_code/configs/topologies/tutorial_factory_left_edge.yaml,b7a81d54181fdc7985f026501290417a9bf8356773b7113466245d452b253b89,,,disabled,Dim2,15,10000,fixed,100,10,1,ftqc_compile_topology_qec,/home/abe/Project/Evaluation_grouped_surface_code/build/quration/qret,d519cdb25446cf243053e84ffa559b7e6bd7dbd66365e1488d632208616dbbf5,c10caedc6c5f3ea6,False,445623,,445650,,27,,96,,6497299,,32448,,13,,,missing_in_compile_info,2.9393702298402786,,,not_collected,11539507440,10890886056,51412416756,,51415531800,,3115044,,749606380228,,,
success,efficient_controlled_pf_one_step,linear_extrapolation_from_efficient_controlled_pf_one_step,H5,11,10,1,2nd,0.29370818386701597,0.29370818386701597,0.29370818386701597,0,1,8915cbedad4ceee7205a570c690c7952f8584f89be56262a927764b7552194f7,6c91e81caa9aa547c58dc8ab805b9ae1cd8cb6f2176d32e294e9951fe58f511d,1e-05,27919,341,9498,100020,94398,0.005542025349063579,2.0,0.00015936001019904,115371.45323585092,115372,baseline_center_block,factory_center_block,/home/abe/Project/Evaluation_grouped_surface_code/configs/topologies/tutorial_factory_center_block.yaml,56d65fdff20bf18821c6b07e16fc8c1dcf7cb687b5868a60cc4cf1d178478bcc,,,disabled,Dim2,15,10000,fixed,100,10,1,ftqc_compile_topology_qec,/home/abe/Project/Evaluation_grouped_surface_code/build/quration/qret,d519cdb25446cf243053e84ffa559b7e6bd7dbd66365e1488d632208616dbbf5,17d714be79290677,False,445623,,445642,,19,,96,,5957805,,32448,,13,,,missing_in_compile_info,2.9121102928183973,,,not_collected,11539507440,10890886056,51412416756,,51414608824,,2192068,,687363878460,,,
success,efficient_controlled_pf_one_step,linear_extrapolation_from_efficient_controlled_pf_one_step,H5,11,10,1,2nd,0.29370818386701597,0.29370818386701597,0.29370818386701597,0,1,8915cbedad4ceee7205a570c690c7952f8584f89be56262a927764b7552194f7,6c91e81caa9aa547c58dc8ab805b9ae1cd8cb6f2176d32e294e9951fe58f511d,1e-05,27919,341,9498,100020,94398,0.005542025349063579,2.0,0.00015936001019904,115371.45323585092,115372,baseline_right_edge,factory_right_edge,/home/abe/Project/Evaluation_grouped_surface_code/configs/topologies/tutorial_factory_right_edge.yaml,14512f0d1ea4e28c09596b988d3fd8ee1bd076b52452878141b2992772720514,,,disabled,Dim2,15,10000,fixed,100,10,1,ftqc_compile_topology_qec,/home/abe/Project/Evaluation_grouped_surface_code/build/quration/qret,d519cdb25446cf243053e84ffa559b7e6bd7dbd66365e1488d632208616dbbf5,ffdc8f50e319642e,False,445623,,445770,,147,,96,,6120645,,32448,,13,,,missing_in_compile_info,2.9068715162575245,,,not_collected,11539507440,10890886056,51412416756,,51429376440,,16959684,,706151054940,,,
success,efficient_controlled_pf_one_step,linear_extrapolation_from_efficient_controlled_pf_one_step,H5,11,10,1,2nd,0.29370818386701597,0.29370818386701597,0.29370818386701597,0,1,8915cbedad4ceee7205a570c690c7952f8584f89be56262a927764b7552194f7,6c91e81caa9aa547c58dc8ab805b9ae1cd8cb6f2176d32e294e9951fe58f511d,1e-05,27919,341,9498,100020,94398,0.005542025349063579,2.0,0.00015936001019904,115371.45323585092,115372,fast_supply_left_edge,factory_left_edge,/home/abe/Project/Evaluation_grouped_surface_code/configs/topologies/tutorial_factory_left_edge.yaml,b7a81d54181fdc7985f026501290417a9bf8356773b7113466245d452b253b89,,,disabled,Dim2,8,10000,fixed,100,10,1,ftqc_compile_topology_qec,/home/abe/Project/Evaluation_grouped_surface_code/build/quration/qret,d519cdb25446cf243053e84ffa559b7e6bd7dbd66365e1488d632208616dbbf5,573daf2572557739,False,444565,,444712,,147,,96,,6422547,,32448,,13,,,missing_in_compile_info,2.9281688490882516,,,not_collected,11539507440,10890886056,51290353180,,51307312864,,16959684,,740982092484,,,
success,efficient_controlled_pf_one_step,linear_extrapolation_from_efficient_controlled_pf_one_step,H5,11,10,1,2nd,0.29370818386701597,0.29370818386701597,0.29370818386701597,0,1,8915cbedad4ceee7205a570c690c7952f8584f89be56262a927764b7552194f7,6c91e81caa9aa547c58dc8ab805b9ae1cd8cb6f2176d32e294e9951fe58f511d,1e-05,27919,341,9498,100020,94398,0.005542025349063579,2.0,0.00015936001019904,115371.45323585092,115372,fast_supply_center_block,factory_center_block,/home/abe/Project/Evaluation_grouped_surface_code/configs/topologies/tutorial_factory_center_block.yaml,56d65fdff20bf18821c6b07e16fc8c1dcf7cb687b5868a60cc4cf1d178478bcc,,,disabled,Dim2,8,10000,fixed,100,10,1,ftqc_compile_topology_qec,/home/abe/Project/Evaluation_grouped_surface_code/build/quration/qret,d519cdb25446cf243053e84ffa559b7e6bd7dbd66365e1488d632208616dbbf5,db85bfc336dca9eb,False,444565,,444704,,139,,96,,5905319,,32448,,13,,,missing_in_compile_info,2.905913580674678,,,not_collected,11539507440,10890886056,51290353180,,51306389888,,16036708,,681308463668,,,
success,efficient_controlled_pf_one_step,linear_extrapolation_from_efficient_controlled_pf_one_step,H5,11,10,1,2nd,0.29370818386701597,0.29370818386701597,0.29370818386701597,0,1,8915cbedad4ceee7205a570c690c7952f8584f89be56262a927764b7552194f7,6c91e81caa9aa547c58dc8ab805b9ae1cd8cb6f2176d32e294e9951fe58f511d,1e-05,27919,341,9498,100020,94398,0.005542025349063579,2.0,0.00015936001019904,115371.45323585092,115372,fast_supply_right_edge,factory_right_edge,/home/abe/Project/Evaluation_grouped_surface_code/configs/topologies/tutorial_factory_right_edge.yaml,14512f0d1ea4e28c09596b988d3fd8ee1bd076b52452878141b2992772720514,,,disabled,Dim2,8,10000,fixed,100,10,1,ftqc_compile_topology_qec,/home/abe/Project/Evaluation_grouped_surface_code/build/quration/qret,d519cdb25446cf243053e84ffa559b7e6bd7dbd66365e1488d632208616dbbf5,14e80a1724392cc5,False,444565,,444812,,247,,96,,6011799,,32448,,13,,,missing_in_compile_info,2.9030188298784196,,,not_collected,11539507440,10890886056,51290353180,,51318850064,,28496884,,693593274228,,,
success,efficient_controlled_pf_one_step,linear_extrapolation_from_efficient_controlled_pf_one_step,H5,11,10,1,4th(new_2),2.162126261219541,2.162126261219541,2.162126261219541,0,1,e6248f75189a660f83bf043f3d95b4f557339da84775960bbbb8f0d14115e3e6,be867c2d23c889f82e0ad84860ad4cefeb908e09452eaa30a2b3a5b04b5e3b4d,1e-05,139143,1657,47102,475906,451262,3.646071207791769e-05,4.0,0.00015936001019904,9734.549561662418,9735,baseline_left_edge,factory_left_edge,/home/abe/Project/Evaluation_grouped_surface_code/configs/topologies/tutorial_factory_left_edge.yaml,b7a81d54181fdc7985f026501290417a9bf8356773b7113466245d452b253b89,,,disabled,Dim2,15,10000,fixed,100,10,1,ftqc_compile_topology_qec,/home/abe/Project/Evaluation_grouped_surface_code/build/quration/qret,d519cdb25446cf243053e84ffa559b7e6bd7dbd66365e1488d632208616dbbf5,2e9c74d6f36488db,False,2122265,,2122354,,89,,96,,31055023,,43200,,15,,,missing_in_compile_info,15.18900682311505,,,not_collected,4632944910,4393035570,20660249775,,20661116190,,866415,,302320648905,,,
success,efficient_controlled_pf_one_step,linear_extrapolation_from_efficient_controlled_pf_one_step,H5,11,10,1,4th(new_2),2.162126261219541,2.162126261219541,2.162126261219541,0,1,e6248f75189a660f83bf043f3d95b4f557339da84775960bbbb8f0d14115e3e6,be867c2d23c889f82e0ad84860ad4cefeb908e09452eaa30a2b3a5b04b5e3b4d,1e-05,139143,1657,47102,475906,451262,3.646071207791769e-05,4.0,0.00015936001019904,9734.549561662418,9735,baseline_center_block,factory_center_block,/home/abe/Project/Evaluation_grouped_surface_code/configs/topologies/tutorial_factory_center_block.yaml,56d65fdff20bf18821c6b07e16fc8c1dcf7cb687b5868a60cc4cf1d178478bcc,,,disabled,Dim2,15,10000,fixed,100,10,1,ftqc_compile_topology_qec,/home/abe/Project/Evaluation_grouped_surface_code/build/quration/qret,d519cdb25446cf243053e84ffa559b7e6bd7dbd66365e1488d632208616dbbf5,3353c8021d3d6330,False,2122265,,2122313,,48,,96,,28471935,,43200,,15,,,missing_in_compile_info,15.216731525957584,,,not_collected,4632944910,4393035570,20660249775,,20660717055,,467280,,277174287225,,,
success,efficient_controlled_pf_one_step,linear_extrapolation_from_efficient_controlled_pf_one_step,H5,11,10,1,4th(new_2),2.162126261219541,2.162126261219541,2.162126261219541,0,1,e6248f75189a660f83bf043f3d95b4f557339da84775960bbbb8f0d14115e3e6,be867c2d23c889f82e0ad84860ad4cefeb908e09452eaa30a2b3a5b04b5e3b4d,1e-05,139143,1657,47102,475906,451262,3.646071207791769e-05,4.0,0.00015936001019904,9734.549561662418,9735,baseline_right_edge,factory_right_edge,/home/abe/Project/Evaluation_grouped_surface_code/configs/topologies/tutorial_factory_right_edge.yaml,14512f0d1ea4e28c09596b988d3fd8ee1bd076b52452878141b2992772720514,,,disabled,Dim2,15,10000,fixed,100,10,1,ftqc_compile_topology_qec,/home/abe/Project/Evaluation_grouped_surface_code/build/quration/qret,d519cdb25446cf243053e84ffa559b7e6bd7dbd66365e1488d632208616dbbf5,ef6c5b5ce9ec3401,False,2122265,,2122998,,733,,96,,29252370,,43200,,15,,,missing_in_compile_info,15.231869657989591,,,not_collected,4632944910,4393035570,20660249775,,20667385530,,7135755,,284771821950,,,
success,efficient_controlled_pf_one_step,linear_extrapolation_from_efficient_controlled_pf_one_step,H5,11,10,1,4th(new_2),2.162126261219541,2.162126261219541,2.162126261219541,0,1,e6248f75189a660f83bf043f3d95b4f557339da84775960bbbb8f0d14115e3e6,be867c2d23c889f82e0ad84860ad4cefeb908e09452eaa30a2b3a5b04b5e3b4d,1e-05,139143,1657,47102,475906,451262,3.646071207791769e-05,4.0,0.00015936001019904,9734.549561662418,9735,fast_supply_left_edge,factory_left_edge,/home/abe/Project/Evaluation_grouped_surface_code/configs/topologies/tutorial_factory_left_edge.yaml,b7a81d54181fdc7985f026501290417a9bf8356773b7113466245d452b253b89,,,disabled,Dim2,8,10000,fixed,100,10,1,ftqc_compile_topology_qec,/home/abe/Project/Evaluation_grouped_surface_code/build/quration/qret,d519cdb25446cf243053e84ffa559b7e6bd7dbd66365e1488d632208616dbbf5,c0605353f1326f38,False,2121243,,2121423,,180,,96,,30732556,,43200,,15,,,missing_in_compile_info,15.238924651872367,,,not_collected,4632944910,4393035570,20650300605,,20652052905,,1752300,,299181432660,,,
success,efficient_controlled_pf_one_step,linear_extrapolation_from_efficient_controlled_pf_one_step,H5,11,10,1,4th(new_2),2.162126261219541,2.162126261219541,2.162126261219541,0,1,e6248f75189a660f83bf043f3d95b4f557339da84775960bbbb8f0d14115e3e6,be867c2d23c889f82e0ad84860ad4cefeb908e09452eaa30a2b3a5b04b5e3b4d,1e-05,139143,1657,47102,475906,451262,3.646071207791769e-05,4.0,0.00015936001019904,9734.549561662418,9735,fast_supply_center_block,factory_center_block,/home/abe/Project/Evaluation_grouped_surface_code/configs/topologies/tutorial_factory_center_block.yaml,56d65fdff20bf18821c6b07e16fc8c1dcf7cb687b5868a60cc4cf1d178478bcc,,,disabled,Dim2,8,10000,fixed,100,10,1,ftqc_compile_topology_qec,/home/abe/Project/Evaluation_grouped_surface_code/build/quration/qret,d519cdb25446cf243053e84ffa559b7e6bd7dbd66365e1488d632208616dbbf5,c1f302d468584533,False,2121243,,2121413,,170,,96,,28257330,,43200,,15,,,missing_in_compile_info,15.30557083338499,,,not_collected,4632944910,4393035570,20650300605,,20651955555,,1654950,,275085107550,,,
success,efficient_controlled_pf_one_step,linear_extrapolation_from_efficient_controlled_pf_one_step,H5,11,10,1,4th(new_2),2.162126261219541,2.162126261219541,2.162126261219541,0,1,e6248f75189a660f83bf043f3d95b4f557339da84775960bbbb8f0d14115e3e6,be867c2d23c889f82e0ad84860ad4cefeb908e09452eaa30a2b3a5b04b5e3b4d,1e-05,139143,1657,47102,475906,451262,3.646071207791769e-05,4.0,0.00015936001019904,9734.549561662418,9735,fast_supply_right_edge,factory_right_edge,/home/abe/Project/Evaluation_grouped_surface_code/configs/topologies/tutorial_factory_right_edge.yaml,14512f0d1ea4e28c09596b988d3fd8ee1bd076b52452878141b2992772720514,,,disabled,Dim2,8,10000,fixed,100,10,1,ftqc_compile_topology_qec,/home/abe/Project/Evaluation_grouped_surface_code/build/quration/qret,d519cdb25446cf243053e84ffa559b7e6bd7dbd66365e1488d632208616dbbf5,86551098122aef7b,False,2121243,,2122020,,777,,96,,28766040,,43200,,15,,,missing_in_compile_info,15.266002824995667,,,not_collected,4632944910,4393035570,20650300605,,20657864700,,7564095,,280037399400,,,
success,efficient_controlled_pf_one_step,linear_extrapolation_from_efficient_controlled_pf_one_step,H6,13,12,1,2nd,0.15510821680650744,0.15510821680650744,0.15510821680650744,0,1,9cb754d148003201d976382fa08396ec7b99f889d915ded7643d45014f8c5f42,b783b8765e73054f72f0422d1601912e2aed153d1d99b33d148d7427213e6b10,1e-05,63995,568,20521,216194,203538,0.019871515670122467,2.0,0.00015936001019904,218463.86153914253,218464,baseline_left_edge,factory_left_edge,/home/abe/Project/Evaluation_grouped_surface_code/configs/topologies/tutorial_factory_left_edge.yaml,b7a81d54181fdc7985f026501290417a9bf8356773b7113466245d452b253b89,,,disabled,Dim2,15,10000,fixed,100,10,1,ftqc_compile_topology_qec,/home/abe/Project/Evaluation_grouped_surface_code/build/quration/qret,d519cdb25446cf243053e84ffa559b7e6bd7dbd66365e1488d632208616dbbf5,02fdcd806872eef5,False,955042,,955093,,51,,96,,15864046,,43200,,15,,,missing_in_compile_info,6.808565529994667,,,not_collected,47230606016,44465725632,208642295488,,208653437152,,11141664,,3465722945344,,,
success,efficient_controlled_pf_one_step,linear_extrapolation_from_efficient_controlled_pf_one_step,H6,13,12,1,2nd,0.15510821680650744,0.15510821680650744,0.15510821680650744,0,1,9cb754d148003201d976382fa08396ec7b99f889d915ded7643d45014f8c5f42,b783b8765e73054f72f0422d1601912e2aed153d1d99b33d148d7427213e6b10,1e-05,63995,568,20521,216194,203538,0.019871515670122467,2.0,0.00015936001019904,218463.86153914253,218464,baseline_center_block,factory_center_block,/home/abe/Project/Evaluation_grouped_surface_code/configs/topologies/tutorial_factory_center_block.yaml,56d65fdff20bf18821c6b07e16fc8c1dcf7cb687b5868a60cc4cf1d178478bcc,,,disabled,Dim2,15,10000,fixed,100,10,1,ftqc_compile_topology_qec,/home/abe/Project/Evaluation_grouped_surface_code/build/quration/qret,d519cdb25446cf243053e84ffa559b7e6bd7dbd66365e1488d632208616dbbf5,5176618e976d5e75,False,955042,,955049,,7,,96,,14695484,,43200,,15,,,missing_in_compile_info,6.783123094122857,,,not_collected,47230606016,44465725632,208642295488,,208643824736,,1529248,,3210434216576,,,
success,efficient_controlled_pf_one_step,linear_extrapolation_from_efficient_controlled_pf_one_step,H6,13,12,1,2nd,0.15510821680650744,0.15510821680650744,0.15510821680650744,0,1,9cb754d148003201d976382fa08396ec7b99f889d915ded7643d45014f8c5f42,b783b8765e73054f72f0422d1601912e2aed153d1d99b33d148d7427213e6b10,1e-05,63995,568,20521,216194,203538,0.019871515670122467,2.0,0.00015936001019904,218463.86153914253,218464,baseline_right_edge,factory_right_edge,/home/abe/Project/Evaluation_grouped_surface_code/configs/topologies/tutorial_factory_right_edge.yaml,14512f0d1ea4e28c09596b988d3fd8ee1bd076b52452878141b2992772720514,,,disabled,Dim2,15,10000,fixed,100,10,1,ftqc_compile_topology_qec,/home/abe/Project/Evaluation_grouped_surface_code/build/quration/qret,d519cdb25446cf243053e84ffa559b7e6bd7dbd66365e1488d632208616dbbf5,9df2c00509f258bd,False,955042,,955046,,4,,96,,15028960,,43200,,15,,,missing_in_compile_info,6.719583955593407,,,not_collected,47230606016,44465725632,208642295488,,208643169344,,873856,,3283286717440,,,
success,efficient_controlled_pf_one_step,linear_extrapolation_from_efficient_controlled_pf_one_step,H6,13,12,1,2nd,0.15510821680650744,0.15510821680650744,0.15510821680650744,0,1,9cb754d148003201d976382fa08396ec7b99f889d915ded7643d45014f8c5f42,b783b8765e73054f72f0422d1601912e2aed153d1d99b33d148d7427213e6b10,1e-05,63995,568,20521,216194,203538,0.019871515670122467,2.0,0.00015936001019904,218463.86153914253,218464,fast_supply_left_edge,factory_left_edge,/home/abe/Project/Evaluation_grouped_surface_code/configs/topologies/tutorial_factory_left_edge.yaml,b7a81d54181fdc7985f026501290417a9bf8356773b7113466245d452b253b89,,,disabled,Dim2,8,10000,fixed,100,10,1,ftqc_compile_topology_qec,/home/abe/Project/Evaluation_grouped_surface_code/build/quration/qret,d519cdb25446cf243053e84ffa559b7e6bd7dbd66365e1488d632208616dbbf5,18eac71aec922434,False,953749,,953834,,85,,96,,15697510,,43200,,15,,,missing_in_compile_info,6.74734615907073,,,not_collected,47230606016,44465725632,208359821536,,208378390976,,18569440,,3429340824640,,,
success,efficient_controlled_pf_one_step,linear_extrapolation_from_efficient_controlled_pf_one_step,H6,13,12,1,2nd,0.15510821680650744,0.15510821680650744,0.15510821680650744,0,1,9cb754d148003201d976382fa08396ec7b99f889d915ded7643d45014f8c5f42,b783b8765e73054f72f0422d1601912e2aed153d1d99b33d148d7427213e6b10,1e-05,63995,568,20521,216194,203538,0.019871515670122467,2.0,0.00015936001019904,218463.86153914253,218464,fast_supply_center_block,factory_center_block,/home/abe/Project/Evaluation_grouped_surface_code/configs/topologies/tutorial_factory_center_block.yaml,56d65fdff20bf18821c6b07e16fc8c1dcf7cb687b5868a60cc4cf1d178478bcc,,,disabled,Dim2,8,10000,fixed,100,10,1,ftqc_compile_topology_qec,/home/abe/Project/Evaluation_grouped_surface_code/build/quration/qret,d519cdb25446cf243053e84ffa559b7e6bd7dbd66365e1488d632208616dbbf5,68f973fb234951d9,False,953749,,953790,,41,,96,,14585380,,43200,,15,,,missing_in_compile_info,6.672544816043228,,,not_collected,47230606016,44465725632,208359821536,,208368778560,,8957024,,3186380456320,,,
success,efficient_controlled_pf_one_step,linear_extrapolation_from_efficient_controlled_pf_one_step,H6,13,12,1,2nd,0.15510821680650744,0.15510821680650744,0.15510821680650744,0,1,9cb754d148003201d976382fa08396ec7b99f889d915ded7643d45014f8c5f42,b783b8765e73054f72f0422d1601912e2aed153d1d99b33d148d7427213e6b10,1e-05,63995,568,20521,216194,203538,0.019871515670122467,2.0,0.00015936001019904,218463.86153914253,218464,fast_supply_right_edge,factory_right_edge,/home/abe/Project/Evaluation_grouped_surface_code/configs/topologies/tutorial_factory_right_edge.yaml,14512f0d1ea4e28c09596b988d3fd8ee1bd076b52452878141b2992772720514,,,disabled,Dim2,8,10000,fixed,100,10,1,ftqc_compile_topology_qec,/home/abe/Project/Evaluation_grouped_surface_code/build/quration/qret,d519cdb25446cf243053e84ffa559b7e6bd7dbd66365e1488d632208616dbbf5,b9f1951b64db3ec8,False,953749,,953787,,38,,96,,14815102,,43200,,15,,,missing_in_compile_info,6.645689484197646,,,not_collected,47230606016,44465725632,208359821536,,208368123168,,8301632,,3236566443328,,,
success,efficient_controlled_pf_one_step,linear_extrapolation_from_efficient_controlled_pf_one_step,H6,13,12,1,4th(new_2),1.813703995296613,1.813703995296613,1.813703995296613,0,1,4f6d34061c9b4702a6a1d6a0107e7b52a7d246e50442fbf35a4d38f33f32ab76,523b0f82114685895d9f5b9afbdcab89ceb6b664e989851224ded58fcb6f3124,1e-05,319339,2780,102049,1025480,966388,7.363490222489213e-05,4.0,0.00015936001019904,11604.60874706923,11605,baseline_left_edge,factory_left_edge,/home/abe/Project/Evaluation_grouped_surface_code/configs/topologies/tutorial_factory_left_edge.yaml,b7a81d54181fdc7985f026501290417a9bf8356773b7113466245d452b253b89,,,disabled,Dim2,15,10000,fixed,100,10,1,ftqc_compile_topology_qec,/home/abe/Project/Evaluation_grouped_surface_code/build/quration/qret,d519cdb25446cf243053e84ffa559b7e6bd7dbd66365e1488d632208616dbbf5,c9f0e127f550328d,False,4576285,,4576508,,223,,96,,76109188,,43200,,15,,,missing_in_compile_info,35.08492044219747,,,not_collected,11900695400,11214932740,53107787425,,53110375340,,2587915,,883247126740,,,
success,efficient_controlled_pf_one_step,linear_extrapolation_from_efficient_controlled_pf_one_step,H6,13,12,1,4th(new_2),1.813703995296613,1.813703995296613,1.813703995296613,0,1,4f6d34061c9b4702a6a1d6a0107e7b52a7d246e50442fbf35a4d38f33f32ab76,523b0f82114685895d9f5b9afbdcab89ceb6b664e989851224ded58fcb6f3124,1e-05,319339,2780,102049,1025480,966388,7.363490222489213e-05,4.0,0.00015936001019904,11604.60874706923,11605,baseline_center_block,factory_center_block,/home/abe/Project/Evaluation_grouped_surface_code/configs/topologies/tutorial_factory_center_block.yaml,56d65fdff20bf18821c6b07e16fc8c1dcf7cb687b5868a60cc4cf1d178478bcc,,,disabled,Dim2,15,10000,fixed,100,10,1,ftqc_compile_topology_qec,/home/abe/Project/Evaluation_grouped_surface_code/build/quration/qret,d519cdb25446cf243053e84ffa559b7e6bd7dbd66365e1488d632208616dbbf5,e5813406ab55f07d,False,4576285,,4576324,,39,,96,,70571187,,43200,,15,,,missing_in_compile_info,34.52745608659461,,,not_collected,11900695400,11214932740,53107787425,,53108240020,,452595,,818978625135,,,
success,efficient_controlled_pf_one_step,linear_extrapolation_from_efficient_controlled_pf_one_step,H6,13,12,1,4th(new_2),1.813703995296613,1.813703995296613,1.813703995296613,0,1,4f6d34061c9b4702a6a1d6a0107e7b52a7d246e50442fbf35a4d38f33f32ab76,523b0f82114685895d9f5b9afbdcab89ceb6b664e989851224ded58fcb6f3124,1e-05,319339,2780,102049,1025480,966388,7.363490222489213e-05,4.0,0.00015936001019904,11604.60874706923,11605,baseline_right_edge,factory_right_edge,/home/abe/Project/Evaluation_grouped_surface_code/configs/topologies/tutorial_factory_right_edge.yaml,14512f0d1ea4e28c09596b988d3fd8ee1bd076b52452878141b2992772720514,,,disabled,Dim2,15,10000,fixed,100,10,1,ftqc_compile_topology_qec,/home/abe/Project/Evaluation_grouped_surface_code/build/quration/qret,d519cdb25446cf243053e84ffa559b7e6bd7dbd66365e1488d632208616dbbf5,55125dc0d68dc9a7,False,4576285,,4576291,,6,,96,,72128437,,43200,,15,,,missing_in_compile_info,34.809923885855824,,,not_collected,11900695400,11214932740,53107787425,,53107857055,,69630,,837050511385,,,
success,efficient_controlled_pf_one_step,linear_extrapolation_from_efficient_controlled_pf_one_step,H6,13,12,1,4th(new_2),1.813703995296613,1.813703995296613,1.813703995296613,0,1,4f6d34061c9b4702a6a1d6a0107e7b52a7d246e50442fbf35a4d38f33f32ab76,523b0f82114685895d9f5b9afbdcab89ceb6b664e989851224ded58fcb6f3124,1e-05,319339,2780,102049,1025480,966388,7.363490222489213e-05,4.0,0.00015936001019904,11604.60874706923,11605,fast_supply_left_edge,factory_left_edge,/home/abe/Project/Evaluation_grouped_surface_code/configs/topologies/tutorial_factory_left_edge.yaml,b7a81d54181fdc7985f026501290417a9bf8356773b7113466245d452b253b89,,,disabled,Dim2,8,10000,fixed,100,10,1,ftqc_compile_topology_qec,/home/abe/Project/Evaluation_grouped_surface_code/build/quration/qret,d519cdb25446cf243053e84ffa559b7e6bd7dbd66365e1488d632208616dbbf5,3d248dd3a68314dd,False,4575019,,4575259,,240,,96,,75375807,,43200,,15,,,missing_in_compile_info,35.167452645953745,,,not_collected,11900695400,11214932740,53093095495,,53095880695,,2785200,,874736240235,,,
success,efficient_controlled_pf_one_step,linear_extrapolation_from_efficient_controlled_pf_one_step,H6,13,12,1,4th(new_2),1.813703995296613,1.813703995296613,1.813703995296613,0,1,4f6d34061c9b4702a6a1d6a0107e7b52a7d246e50442fbf35a4d38f33f32ab76,523b0f82114685895d9f5b9afbdcab89ceb6b664e989851224ded58fcb6f3124,1e-05,319339,2780,102049,1025480,966388,7.363490222489213e-05,4.0,0.00015936001019904,11604.60874706923,11605,fast_supply_center_block,factory_center_block,/home/abe/Project/Evaluation_grouped_surface_code/configs/topologies/tutorial_factory_center_block.yaml,56d65fdff20bf18821c6b07e16fc8c1dcf7cb687b5868a60cc4cf1d178478bcc,,,disabled,Dim2,8,10000,fixed,100,10,1,ftqc_compile_topology_qec,/home/abe/Project/Evaluation_grouped_surface_code/build/quration/qret,d519cdb25446cf243053e84ffa559b7e6bd7dbd66365e1488d632208616dbbf5,4c6a48e891e23837,False,4575019,,4575076,,57,,96,,70107118,,43200,,15,,,missing_in_compile_info,34.89263514615595,,,not_collected,11900695400,11214932740,53093095495,,53093756980,,661485,,813593104390,,,
success,efficient_controlled_pf_one_step,linear_extrapolation_from_efficient_controlled_pf_one_step,H6,13,12,1,4th(new_2),1.813703995296613,1.813703995296613,1.813703995296613,0,1,4f6d34061c9b4702a6a1d6a0107e7b52a7d246e50442fbf35a4d38f33f32ab76,523b0f82114685895d9f5b9afbdcab89ceb6b664e989851224ded58fcb6f3124,1e-05,319339,2780,102049,1025480,966388,7.363490222489213e-05,4.0,0.00015936001019904,11604.60874706923,11605,fast_supply_right_edge,factory_right_edge,/home/abe/Project/Evaluation_grouped_surface_code/configs/topologies/tutorial_factory_right_edge.yaml,14512f0d1ea4e28c09596b988d3fd8ee1bd076b52452878141b2992772720514,,,disabled,Dim2,8,10000,fixed,100,10,1,ftqc_compile_topology_qec,/home/abe/Project/Evaluation_grouped_surface_code/build/quration/qret,d519cdb25446cf243053e84ffa559b7e6bd7dbd66365e1488d632208616dbbf5,4507f7d75cbfdf4b,False,4575019,,4575043,,24,,96,,71170855,,43200,,15,,,missing_in_compile_info,34.693519472144544,,,not_collected,11900695400,11214932740,53093095495,,53093374015,,278520,,825937772275,,,
success,efficient_controlled_pf_one_step,linear_extrapolation_from_efficient_controlled_pf_one_step,H7,15,14,1,2nd,0.1825206222933094,0.1825206222933094,0.1825206222933094,0,1,47c6a5a523f7d6cf0d091a18c4fb1decf0e8650769aecfedbc31a8156192ab46,7b9b3d6ce055076be815fc1ad85c8b25599a8a362b956d0643097ab9da26ac2a,1e-05,125127,1064,39829,408290,385364,0.01435082015849251,2.0,0.00015936001019904,185653.21317799532,185654,baseline_left_edge,factory_left_edge,/home/abe/Project/Evaluation_grouped_surface_code/configs/topologies/tutorial_factory_left_edge.yaml,b7a81d54181fdc7985f026501290417a9bf8356773b7113466245d452b253b89,,,disabled,Dim2,15,10000,fixed,100,10,1,ftqc_compile_topology_qec,/home/abe/Project/Evaluation_grouped_surface_code/build/quration/qret,d519cdb25446cf243053e84ffa559b7e6bd7dbd66365e1488d632208616dbbf5,e56c36f1dfc50bd0,False,1826767,,1826958,,191,,96,,33906144,,43200,,15,,,missing_in_compile_info,13.591037163045257,,,not_collected,75800671660,71544368056,339146600618,,339182060532,,35459914,,6294811258176,,,
success,efficient_controlled_pf_one_step,linear_extrapolation_from_efficient_controlled_pf_one_step,H7,15,14,1,2nd,0.1825206222933094,0.1825206222933094,0.1825206222933094,0,1,47c6a5a523f7d6cf0d091a18c4fb1decf0e8650769aecfedbc31a8156192ab46,7b9b3d6ce055076be815fc1ad85c8b25599a8a362b956d0643097ab9da26ac2a,1e-05,125127,1064,39829,408290,385364,0.01435082015849251,2.0,0.00015936001019904,185653.21317799532,185654,baseline_center_block,factory_center_block,/home/abe/Project/Evaluation_grouped_surface_code/configs/topologies/tutorial_factory_center_block.yaml,56d65fdff20bf18821c6b07e16fc8c1dcf7cb687b5868a60cc4cf1d178478bcc,,,disabled,Dim2,15,10000,fixed,100,10,1,ftqc_compile_topology_qec,/home/abe/Project/Evaluation_grouped_surface_code/build/quration/qret,d519cdb25446cf243053e84ffa559b7e6bd7dbd66365e1488d632208616dbbf5,8734ad855b2363e7,False,1826767,,1826810,,43,,96,,31733872,,43200,,15,,,missing_in_compile_info,13.24124599993229,,,not_collected,75800671660,71544368056,339146600618,,339154583740,,7983122,,5891520272288,,,
success,efficient_controlled_pf_one_step,linear_extrapolation_from_efficient_controlled_pf_one_step,H7,15,14,1,2nd,0.1825206222933094,0.1825206222933094,0.1825206222933094,0,1,47c6a5a523f7d6cf0d091a18c4fb1decf0e8650769aecfedbc31a8156192ab46,7b9b3d6ce055076be815fc1ad85c8b25599a8a362b956d0643097ab9da26ac2a,1e-05,125127,1064,39829,408290,385364,0.01435082015849251,2.0,0.00015936001019904,185653.21317799532,185654,baseline_right_edge,factory_right_edge,/home/abe/Project/Evaluation_grouped_surface_code/configs/topologies/tutorial_factory_right_edge.yaml,14512f0d1ea4e28c09596b988d3fd8ee1bd076b52452878141b2992772720514,,,disabled,Dim2,15,10000,fixed,100,10,1,ftqc_compile_topology_qec,/home/abe/Project/Evaluation_grouped_surface_code/build/quration/qret,d519cdb25446cf243053e84ffa559b7e6bd7dbd66365e1488d632208616dbbf5,010c341bbb4c81b6,False,1826767,,1826854,,87,,96,,32786749,,43200,,15,,,missing_in_compile_info,13.384946513921022,,,not_collected,75800671660,71544368056,339146600618,,339162752516,,16151898,,6086991098846,,,
success,efficient_controlled_pf_one_step,linear_extrapolation_from_efficient_controlled_pf_one_step,H7,15,14,1,2nd,0.1825206222933094,0.1825206222933094,0.1825206222933094,0,1,47c6a5a523f7d6cf0d091a18c4fb1decf0e8650769aecfedbc31a8156192ab46,7b9b3d6ce055076be815fc1ad85c8b25599a8a362b956d0643097ab9da26ac2a,1e-05,125127,1064,39829,408290,385364,0.01435082015849251,2.0,0.00015936001019904,185653.21317799532,185654,fast_supply_left_edge,factory_left_edge,/home/abe/Project/Evaluation_grouped_surface_code/configs/topologies/tutorial_factory_left_edge.yaml,b7a81d54181fdc7985f026501290417a9bf8356773b7113466245d452b253b89,,,disabled,Dim2,8,10000,fixed,100,10,1,ftqc_compile_topology_qec,/home/abe/Project/Evaluation_grouped_surface_code/build/quration/qret,d519cdb25446cf243053e84ffa559b7e6bd7dbd66365e1488d632208616dbbf5,6b37f22596f3a3c5,False,1825221,,1825694,,473,,96,,33616923,,43200,,15,,,missing_in_compile_info,13.368953959085047,,,not_collected,75800671660,71544368056,338859579534,,338947393876,,87814342,,6241116222642,,,
success,efficient_controlled_pf_one_step,linear_extrapolation_from_efficient_controlled_pf_one_step,H7,15,14,1,2nd,0.1825206222933094,0.1825206222933094,0.1825206222933094,0,1,47c6a5a523f7d6cf0d091a18c4fb1decf0e8650769aecfedbc31a8156192ab46,7b9b3d6ce055076be815fc1ad85c8b25599a8a362b956d0643097ab9da26ac2a,1e-05,125127,1064,39829,408290,385364,0.01435082015849251,2.0,0.00015936001019904,185653.21317799532,185654,fast_supply_center_block,factory_center_block,/home/abe/Project/Evaluation_grouped_surface_code/configs/topologies/tutorial_factory_center_block.yaml,56d65fdff20bf18821c6b07e16fc8c1dcf7cb687b5868a60cc4cf1d178478bcc,,,disabled,Dim2,8,10000,fixed,100,10,1,ftqc_compile_topology_qec,/home/abe/Project/Evaluation_grouped_surface_code/build/quration/qret,d519cdb25446cf243053e84ffa559b7e6bd7dbd66365e1488d632208616dbbf5,16235bcd959e4ae5,False,1825221,,1825544,,323,,96,,31573698,,43200,,15,,,missing_in_compile_info,13.263399112038314,,,not_collected,75800671660,71544368056,338859579534,,338919545776,,59966242,,5861783328492,,,
success,efficient_controlled_pf_one_step,linear_extrapolation_from_efficient_controlled_pf_one_step,H7,15,14,1,2nd,0.1825206222933094,0.1825206222933094,0.1825206222933094,0,1,47c6a5a523f7d6cf0d091a18c4fb1decf0e8650769aecfedbc31a8156192ab46,7b9b3d6ce055076be815fc1ad85c8b25599a8a362b956d0643097ab9da26ac2a,1e-05,125127,1064,39829,408290,385364,0.01435082015849251,2.0,0.00015936001019904,185653.21317799532,185654,fast_supply_right_edge,factory_right_edge,/home/abe/Project/Evaluation_grouped_surface_code/configs/topologies/tutorial_factory_right_edge.yaml,14512f0d1ea4e28c09596b988d3fd8ee1bd076b52452878141b2992772720514,,,disabled,Dim2,8,10000,fixed,100,10,1,ftqc_compile_topology_qec,/home/abe/Project/Evaluation_grouped_surface_code/build/quration/qret,d519cdb25446cf243053e84ffa559b7e6bd7dbd66365e1488d632208616dbbf5,65434fc28f1874b4,False,1825221,,1825586,,365,,96,,32392055,,43200,,15,,,missing_in_compile_info,13.369560184888542,,,not_collected,75800671660,71544368056,338859579534,,338927343244,,67763710,,6013714578970,,,
success,efficient_controlled_pf_one_step,linear_extrapolation_from_efficient_controlled_pf_one_step,H7,15,14,1,4th(new_2),1.862995936162051,1.862995936162051,1.862995936162051,0,1,4406dbfd1fb59a7affb9165a4d61736887111abad5a640859ebc38f0585c6fac,356adddd9d9d958064ddbc64722e855d34bbebb9c40a3ce060d1473e539d02c1,1e-05,624783,5252,198389,1971706,1861610,6.614571617239694e-05,4.0,0.00015936001019904,11297.569060602986,11298,baseline_left_edge,factory_left_edge,/home/abe/Project/Evaluation_grouped_surface_code/configs/topologies/tutorial_factory_left_edge.yaml,b7a81d54181fdc7985f026501290417a9bf8356773b7113466245d452b253b89,,,disabled,Dim2,15,10000,fixed,100,10,1,ftqc_compile_topology_qec,/home/abe/Project/Evaluation_grouped_surface_code/build/quration/qret,d519cdb25446cf243053e84ffa559b7e6bd7dbd66365e1488d632208616dbbf5,a3faeeb08b8156cb,False,8870862,,8871769,,907,,96,,164720748,,55488,,17,,,missing_in_compile_info,70.00618336489424,,,not_collected,22276334388,21032469780,100222998876,,100233246162,,10247286,,1861015010904,,,
success,efficient_controlled_pf_one_step,linear_extrapolation_from_efficient_controlled_pf_one_step,H7,15,14,1,4th(new_2),1.862995936162051,1.862995936162051,1.862995936162051,0,1,4406dbfd1fb59a7affb9165a4d61736887111abad5a640859ebc38f0585c6fac,356adddd9d9d958064ddbc64722e855d34bbebb9c40a3ce060d1473e539d02c1,1e-05,624783,5252,198389,1971706,1861610,6.614571617239694e-05,4.0,0.00015936001019904,11297.569060602986,11298,baseline_center_block,factory_center_block,/home/abe/Project/Evaluation_grouped_surface_code/configs/topologies/tutorial_factory_center_block.yaml,56d65fdff20bf18821c6b07e16fc8c1dcf7cb687b5868a60cc4cf1d178478bcc,,,disabled,Dim2,15,10000,fixed,100,10,1,ftqc_compile_topology_qec,/home/abe/Project/Evaluation_grouped_surface_code/build/quration/qret,d519cdb25446cf243053e84ffa559b7e6bd7dbd66365e1488d632208616dbbf5,39ad58d4e5e7eab6,False,8870862,,8871048,,186,,96,,154319042,,55488,,17,,,missing_in_compile_info,68.65027826279402,,,not_collected,22276334388,21032469780,100222998876,,100225100304,,2101428,,1743496536516,,,
success,efficient_controlled_pf_one_step,linear_extrapolation_from_efficient_controlled_pf_one_step,H7,15,14,1,4th(new_2),1.862995936162051,1.862995936162051,1.862995936162051,0,1,4406dbfd1fb59a7affb9165a4d61736887111abad5a640859ebc38f0585c6fac,356adddd9d9d958064ddbc64722e855d34bbebb9c40a3ce060d1473e539d02c1,1e-05,624783,5252,198389,1971706,1861610,6.614571617239694e-05,4.0,0.00015936001019904,11297.569060602986,11298,baseline_right_edge,factory_right_edge,/home/abe/Project/Evaluation_grouped_surface_code/configs/topologies/tutorial_factory_right_edge.yaml,14512f0d1ea4e28c09596b988d3fd8ee1bd076b52452878141b2992772720514,,,disabled,Dim2,15,10000,fixed,100,10,1,ftqc_compile_topology_qec,/home/abe/Project/Evaluation_grouped_surface_code/build/quration/qret,d519cdb25446cf243053e84ffa559b7e6bd7dbd66365e1488d632208616dbbf5,7e828a6eb384f642,False,8870862,,8871517,,655,,96,,159370696,,55488,,17,,,missing_in_compile_info,70.12306143483147,,,not_collected,22276334388,21032469780,100222998876,,100230399066,,7400190,,1800570123408,,,
success,efficient_controlled_pf_one_step,linear_extrapolation_from_efficient_controlled_pf_one_step,H7,15,14,1,4th(new_2),1.862995936162051,1.862995936162051,1.862995936162051,0,1,4406dbfd1fb59a7affb9165a4d61736887111abad5a640859ebc38f0585c6fac,356adddd9d9d958064ddbc64722e855d34bbebb9c40a3ce060d1473e539d02c1,1e-05,624783,5252,198389,1971706,1861610,6.614571617239694e-05,4.0,0.00015936001019904,11297.569060602986,11298,fast_supply_left_edge,factory_left_edge,/home/abe/Project/Evaluation_grouped_surface_code/configs/topologies/tutorial_factory_left_edge.yaml,b7a81d54181fdc7985f026501290417a9bf8356773b7113466245d452b253b89,,,disabled,Dim2,8,10000,fixed,100,10,1,ftqc_compile_topology_qec,/home/abe/Project/Evaluation_grouped_surface_code/build/quration/qret,d519cdb25446cf243053e84ffa559b7e6bd7dbd66365e1488d632208616dbbf5,910ad9f99a920f81,False,8869272,,8870365,,1093,,96,,163392284,,55488,,17,,,missing_in_compile_info,69.37561117997393,,,not_collected,22276334388,21032469780,100205035056,,100217383770,,12348714,,1846006024632,,,
success,efficient_controlled_pf_one_step,linear_extrapolation_from_efficient_controlled_pf_one_step,H7,15,14,1,4th(new_2),1.862995936162051,1.862995936162051,1.862995936162051,0,1,4406dbfd1fb59a7affb9165a4d61736887111abad5a640859ebc38f0585c6fac,356adddd9d9d958064ddbc64722e855d34bbebb9c40a3ce060d1473e539d02c1,1e-05,624783,5252,198389,1971706,1861610,6.614571617239694e-05,4.0,0.00015936001019904,11297.569060602986,11298,fast_supply_center_block,factory_center_block,/home/abe/Project/Evaluation_grouped_surface_code/configs/topologies/tutorial_factory_center_block.yaml,56d65fdff20bf18821c6b07e16fc8c1dcf7cb687b5868a60cc4cf1d178478bcc,,,disabled,Dim2,8,10000,fixed,100,10,1,ftqc_compile_topology_qec,/home/abe/Project/Evaluation_grouped_surface_code/build/quration/qret,d519cdb25446cf243053e84ffa559b7e6bd7dbd66365e1488d632208616dbbf5,cc0feb6220f7cd65,False,8869272,,8869764,,492,,96,,153616875,,55488,,17,,,missing_in_compile_info,68.14538258081302,,,not_collected,22276334388,21032469780,100205035056,,100210593672,,5558616,,1735563453750,,,
success,efficient_controlled_pf_one_step,linear_extrapolation_from_efficient_controlled_pf_one_step,H7,15,14,1,4th(new_2),1.862995936162051,1.862995936162051,1.862995936162051,0,1,4406dbfd1fb59a7affb9165a4d61736887111abad5a640859ebc38f0585c6fac,356adddd9d9d958064ddbc64722e855d34bbebb9c40a3ce060d1473e539d02c1,1e-05,624783,5252,198389,1971706,1861610,6.614571617239694e-05,4.0,0.00015936001019904,11297.569060602986,11298,fast_supply_right_edge,factory_right_edge,/home/abe/Project/Evaluation_grouped_surface_code/configs/topologies/tutorial_factory_right_edge.yaml,14512f0d1ea4e28c09596b988d3fd8ee1bd076b52452878141b2992772720514,,,disabled,Dim2,8,10000,fixed,100,10,1,ftqc_compile_topology_qec,/home/abe/Project/Evaluation_grouped_surface_code/build/quration/qret,d519cdb25446cf243053e84ffa559b7e6bd7dbd66365e1488d632208616dbbf5,8987b0b2d777ee69,False,8869272,,8870073,,801,,96,,157526478,,55488,,17,,,missing_in_compile_info,68.76475408114493,,,not_collected,22276334388,21032469780,100205035056,,100214084754,,9049698,,1779734148444,,,
success,efficient_controlled_pf_one_step,linear_extrapolation_from_efficient_controlled_pf_one_step,H8,17,16,1,2nd,0.12786270255707444,0.12786270255707444,0.12786270255707444,0,1,588aec71ef5f4f6bb8a24d799e1f5b6d3f95b2091f4d6242f6fc244f42fda214,643c0dbe014bd7b1929187005884172c23d04dab7a4d21877c283c0b505b69a9,1e-05,224387,1220,69482,687966,648094,0.02924238861618082,2.0,0.00015936001019904,265015.0460011945,265016,baseline_left_edge,factory_left_edge,/home/abe/Project/Evaluation_grouped_surface_code/configs/topologies/tutorial_factory_left_edge.yaml,b7a81d54181fdc7985f026501290417a9bf8356773b7113466245d452b253b89,,,disabled,Dim2,15,10000,fixed,100,10,1,ftqc_compile_topology_qec,/home/abe/Project/Evaluation_grouped_surface_code/build/quration/qret,d519cdb25446cf243053e84ffa559b7e6bd7dbd66365e1488d632208616dbbf5,b71ff60000539c2a,False,3096737,,3096822,,85,,96,,63534311,,43200,,15,,,missing_in_compile_info,23.28704745322466,,,not_collected,182321997456,171755279504,820684852792,,820707379152,,22526360,,16837608963976,,,
success,efficient_controlled_pf_one_step,linear_extrapolation_from_efficient_controlled_pf_one_step,H8,17,16,1,2nd,0.12786270255707444,0.12786270255707444,0.12786270255707444,0,1,588aec71ef5f4f6bb8a24d799e1f5b6d3f95b2091f4d6242f6fc244f42fda214,643c0dbe014bd7b1929187005884172c23d04dab7a4d21877c283c0b505b69a9,1e-05,224387,1220,69482,687966,648094,0.02924238861618082,2.0,0.00015936001019904,265015.0460011945,265016,baseline_center_block,factory_center_block,/home/abe/Project/Evaluation_grouped_surface_code/configs/topologies/tutorial_factory_center_block.yaml,56d65fdff20bf18821c6b07e16fc8c1dcf7cb687b5868a60cc4cf1d178478bcc,,,disabled,Dim2,15,10000,fixed,100,10,1,ftqc_compile_topology_qec,/home/abe/Project/Evaluation_grouped_surface_code/build/quration/qret,d519cdb25446cf243053e84ffa559b7e6bd7dbd66365e1488d632208616dbbf5,266b21e9edd2058f,False,3096737,,3096812,,75,,96,,60167015,,43200,,15,,,missing_in_compile_info,22.884243186563253,,,not_collected,182321997456,171755279504,820684852792,,820704728992,,19876200,,15945221647240,,,
success,efficient_controlled_pf_one_step,linear_extrapolation_from_efficient_controlled_pf_one_step,H8,17,16,1,2nd,0.12786270255707444,0.12786270255707444,0.12786270255707444,0,1,588aec71ef5f4f6bb8a24d799e1f5b6d3f95b2091f4d6242f6fc244f42fda214,643c0dbe014bd7b1929187005884172c23d04dab7a4d21877c283c0b505b69a9,1e-05,224387,1220,69482,687966,648094,0.02924238861618082,2.0,0.00015936001019904,265015.0460011945,265016,baseline_right_edge,factory_right_edge,/home/abe/Project/Evaluation_grouped_surface_code/configs/topologies/tutorial_factory_right_edge.yaml,14512f0d1ea4e28c09596b988d3fd8ee1bd076b52452878141b2992772720514,,,disabled,Dim2,15,10000,fixed,100,10,1,ftqc_compile_topology_qec,/home/abe/Project/Evaluation_grouped_surface_code/build/quration/qret,d519cdb25446cf243053e84ffa559b7e6bd7dbd66365e1488d632208616dbbf5,169e7b0b42c09471,False,3096737,,3096827,,90,,96,,61794069,,43200,,15,,,missing_in_compile_info,23.225126245990396,,,not_collected,182321997456,171755279504,820684852792,,820708704232,,23851440,,16376416990104,,,
success,efficient_controlled_pf_one_step,linear_extrapolation_from_efficient_controlled_pf_one_step,H8,17,16,1,2nd,0.12786270255707444,0.12786270255707444,0.12786270255707444,0,1,588aec71ef5f4f6bb8a24d799e1f5b6d3f95b2091f4d6242f6fc244f42fda214,643c0dbe014bd7b1929187005884172c23d04dab7a4d21877c283c0b505b69a9,1e-05,224387,1220,69482,687966,648094,0.02924238861618082,2.0,0.00015936001019904,265015.0460011945,265016,fast_supply_left_edge,factory_left_edge,/home/abe/Project/Evaluation_grouped_surface_code/configs/topologies/tutorial_factory_left_edge.yaml,b7a81d54181fdc7985f026501290417a9bf8356773b7113466245d452b253b89,,,disabled,Dim2,8,10000,fixed,100,10,1,ftqc_compile_topology_qec,/home/abe/Project/Evaluation_grouped_surface_code/build/quration/qret,d519cdb25446cf243053e84ffa559b7e6bd7dbd66365e1488d632208616dbbf5,0c45ac44e6b09a72,False,3094944,,3095157,,213,,96,,63049085,,43200,,15,,,missing_in_compile_info,23.18800556426868,,,not_collected,182321997456,171755279504,820209679104,,820266127512,,56448408,,16709016310360,,,
success,efficient_controlled_pf_one_step,linear_extrapolation_from_efficient_controlled_pf_one_step,H8,17,16,1,2nd,0.12786270255707444,0.12786270255707444,0.12786270255707444,0,1,588aec71ef5f4f6bb8a24d799e1f5b6d3f95b2091f4d6242f6fc244f42fda214,643c0dbe014bd7b1929187005884172c23d04dab7a4d21877c283c0b505b69a9,1e-05,224387,1220,69482,687966,648094,0.02924238861618082,2.0,0.00015936001019904,265015.0460011945,265016,fast_supply_center_block,factory_center_block,/home/abe/Project/Evaluation_grouped_surface_code/configs/topologies/tutorial_factory_center_block.yaml,56d65fdff20bf18821c6b07e16fc8c1dcf7cb687b5868a60cc4cf1d178478bcc,,,disabled,Dim2,8,10000,fixed,100,10,1,ftqc_compile_topology_qec,/home/abe/Project/Evaluation_grouped_surface_code/build/quration/qret,d519cdb25446cf243053e84ffa559b7e6bd7dbd66365e1488d632208616dbbf5,6af5b356f88941b4,False,3094944,,3095151,,207,,96,,59939269,,43200,,15,,,missing_in_compile_info,22.859996926039457,,,not_collected,182321997456,171755279504,820209679104,,820264537416,,54858312,,15884865313304,,,
success,efficient_controlled_pf_one_step,linear_extrapolation_from_efficient_controlled_pf_one_step,H8,17,16,1,2nd,0.12786270255707444,0.12786270255707444,0.12786270255707444,0,1,588aec71ef5f4f6bb8a24d799e1f5b6d3f95b2091f4d6242f6fc244f42fda214,643c0dbe014bd7b1929187005884172c23d04dab7a4d21877c283c0b505b69a9,1e-05,224387,1220,69482,687966,648094,0.02924238861618082,2.0,0.00015936001019904,265015.0460011945,265016,fast_supply_right_edge,factory_right_edge,/home/abe/Project/Evaluation_grouped_surface_code/configs/topologies/tutorial_factory_right_edge.yaml,14512f0d1ea4e28c09596b988d3fd8ee1bd076b52452878141b2992772720514,,,disabled,Dim2,8,10000,fixed,100,10,1,ftqc_compile_topology_qec,/home/abe/Project/Evaluation_grouped_surface_code/build/quration/qret,d519cdb25446cf243053e84ffa559b7e6bd7dbd66365e1488d632208616dbbf5,75fb1e8d1bd367a4,False,3094944,,3095158,,214,,96,,61151737,,43200,,15,,,missing_in_compile_info,22.95665338821709,,,not_collected,182321997456,171755279504,820209679104,,820266392528,,56713424,,16206188732792,,,
success,efficient_controlled_pf_one_step,linear_extrapolation_from_efficient_controlled_pf_one_step,H8,17,16,1,4th(new_2),1.570180783432868,1.570180783432868,1.570180783432868,0,1,84341d2c0c94b052250217cdf601ba41a3cf8d093ea75f3168358ff004052d5a,95fb730857b83261f8595bc25ac7d9800034bad25da93d2ad730dc48c10be872,1e-05,1120835,6016,346422,3431158,3230886,0.00013108431270543504,4.0,0.00015936001019904,13404.396150103146,13405,baseline_left_edge,factory_left_edge,/home/abe/Project/Evaluation_grouped_surface_code/configs/topologies/tutorial_factory_left_edge.yaml,b7a81d54181fdc7985f026501290417a9bf8356773b7113466245d452b253b89,,,disabled,Dim2,15,10000,fixed,100,10,1,ftqc_compile_topology_qec,/home/abe/Project/Evaluation_grouped_surface_code/build/quration/qret,d519cdb25446cf243053e84ffa559b7e6bd7dbd66365e1488d632208616dbbf5,ff52dfc801136b71,False,15449240,,15449577,,337,,96,,317181943,,55488,,17,,,missing_in_compile_info,124.80592401186004,,,not_collected,45994672990,43310026830,207097062200,,207101579685,,4517485,,4251823945915,,,
success,efficient_controlled_pf_one_step,linear_extrapolation_from_efficient_controlled_pf_one_step,H8,17,16,1,4th(new_2),1.570180783432868,1.570180783432868,1.570180783432868,0,1,84341d2c0c94b052250217cdf601ba41a3cf8d093ea75f3168358ff004052d5a,95fb730857b83261f8595bc25ac7d9800034bad25da93d2ad730dc48c10be872,1e-05,1120835,6016,346422,3431158,3230886,0.00013108431270543504,4.0,0.00015936001019904,13404.396150103146,13405,baseline_center_block,factory_center_block,/home/abe/Project/Evaluation_grouped_surface_code/configs/topologies/tutorial_factory_center_block.yaml,56d65fdff20bf18821c6b07e16fc8c1dcf7cb687b5868a60cc4cf1d178478bcc,,,disabled,Dim2,15,10000,fixed,100,10,1,ftqc_compile_topology_qec,/home/abe/Project/Evaluation_grouped_surface_code/build/quration/qret,d519cdb25446cf243053e84ffa559b7e6bd7dbd66365e1488d632208616dbbf5,08b849e7acb1ddf1,False,15449240,,15450306,,1066,,96,,300244501,,55488,,17,,,missing_in_compile_info,122.32096371985972,,,not_collected,45994672990,43310026830,207097062200,,207111351930,,14289730,,4024777535905,,,
success,efficient_controlled_pf_one_step,linear_extrapolation_from_efficient_controlled_pf_one_step,H8,17,16,1,4th(new_2),1.570180783432868,1.570180783432868,1.570180783432868,0,1,84341d2c0c94b052250217cdf601ba41a3cf8d093ea75f3168358ff004052d5a,95fb730857b83261f8595bc25ac7d9800034bad25da93d2ad730dc48c10be872,1e-05,1120835,6016,346422,3431158,3230886,0.00013108431270543504,4.0,0.00015936001019904,13404.396150103146,13405,baseline_right_edge,factory_right_edge,/home/abe/Project/Evaluation_grouped_surface_code/configs/topologies/tutorial_factory_right_edge.yaml,14512f0d1ea4e28c09596b988d3fd8ee1bd076b52452878141b2992772720514,,,disabled,Dim2,15,10000,fixed,100,10,1,ftqc_compile_topology_qec,/home/abe/Project/Evaluation_grouped_surface_code/build/quration/qret,d519cdb25446cf243053e84ffa559b7e6bd7dbd66365e1488d632208616dbbf5,ed9ba8be4b27e554,False,15449240,,15449721,,481,,96,,308392314,,55488,,17,,,missing_in_compile_info,123.93240162124857,,,not_collected,45994672990,43310026830,207097062200,,207103510005,,6447805,,4133998969170,,,
success,efficient_controlled_pf_one_step,linear_extrapolation_from_efficient_controlled_pf_one_step,H8,17,16,1,4th(new_2),1.570180783432868,1.570180783432868,1.570180783432868,0,1,84341d2c0c94b052250217cdf601ba41a3cf8d093ea75f3168358ff004052d5a,95fb730857b83261f8595bc25ac7d9800034bad25da93d2ad730dc48c10be872,1e-05,1120835,6016,346422,3431158,3230886,0.00013108431270543504,4.0,0.00015936001019904,13404.396150103146,13405,fast_supply_left_edge,factory_left_edge,/home/abe/Project/Evaluation_grouped_surface_code/configs/topologies/tutorial_factory_left_edge.yaml,b7a81d54181fdc7985f026501290417a9bf8356773b7113466245d452b253b89,,,disabled,Dim2,8,10000,fixed,100,10,1,ftqc_compile_topology_qec,/home/abe/Project/Evaluation_grouped_surface_code/build/quration/qret,d519cdb25446cf243053e84ffa559b7e6bd7dbd66365e1488d632208616dbbf5,c924ead1ceba87aa,False,15447491,,15447941,,450,,96,,314827079,,55488,,17,,,missing_in_compile_info,124.57130459463224,,,not_collected,45994672990,43310026830,207073616855,,207079649105,,6032250,,4220256993995,,,
success,efficient_controlled_pf_one_step,linear_extrapolation_from_efficient_controlled_pf_one_step,H8,17,16,1,4th(new_2),1.570180783432868,1.570180783432868,1.570180783432868,0,1,84341d2c0c94b052250217cdf601ba41a3cf8d093ea75f3168358ff004052d5a,95fb730857b83261f8595bc25ac7d9800034bad25da93d2ad730dc48c10be872,1e-05,1120835,6016,346422,3431158,3230886,0.00013108431270543504,4.0,0.00015936001019904,13404.396150103146,13405,fast_supply_center_block,factory_center_block,/home/abe/Project/Evaluation_grouped_surface_code/configs/topologies/tutorial_factory_center_block.yaml,56d65fdff20bf18821c6b07e16fc8c1dcf7cb687b5868a60cc4cf1d178478bcc,,,disabled,Dim2,8,10000,fixed,100,10,1,ftqc_compile_topology_qec,/home/abe/Project/Evaluation_grouped_surface_code/build/quration/qret,d519cdb25446cf243053e84ffa559b7e6bd7dbd66365e1488d632208616dbbf5,67498532d61751d3,False,15447491,,15448665,,1174,,96,,299201469,,55488,,17,,,missing_in_compile_info,122.43517723213881,,,not_collected,45994672990,43310026830,207073616855,,207089354325,,15737470,,4010795691945,,,
success,efficient_controlled_pf_one_step,linear_extrapolation_from_efficient_controlled_pf_one_step,H8,17,16,1,4th(new_2),1.570180783432868,1.570180783432868,1.570180783432868,0,1,84341d2c0c94b052250217cdf601ba41a3cf8d093ea75f3168358ff004052d5a,95fb730857b83261f8595bc25ac7d9800034bad25da93d2ad730dc48c10be872,1e-05,1120835,6016,346422,3431158,3230886,0.00013108431270543504,4.0,0.00015936001019904,13404.396150103146,13405,fast_supply_right_edge,factory_right_edge,/home/abe/Project/Evaluation_grouped_surface_code/configs/topologies/tutorial_factory_right_edge.yaml,14512f0d1ea4e28c09596b988d3fd8ee1bd076b52452878141b2992772720514,,,disabled,Dim2,8,10000,fixed,100,10,1,ftqc_compile_topology_qec,/home/abe/Project/Evaluation_grouped_surface_code/build/quration/qret,d519cdb25446cf243053e84ffa559b7e6bd7dbd66365e1488d632208616dbbf5,0a2afb8739691d75,False,15447491,,15448051,,560,,96,,305251454,,55488,,17,,,missing_in_compile_info,122.69681105995551,,,not_collected,45994672990,43310026830,207073616855,,207081123655,,7506800,,4091895740870,,,
success,efficient_controlled_pf_one_step,linear_extrapolation_from_efficient_controlled_pf_one_step,H9,19,18,1,2nd,0.137941130287815,0.137941130287815,0.137941130287815,0,1,0553207e3779dab14d38abb3d8ec50f56bc6c17f7edf5a9c25eb4f99f0379d30,7c97115b1904b9e8e77e056b1ac20cc4c4fb40a807177f4021eafa4a66c718b5,1e-05,374783,2442,116019,1138044,1071832,0.025125403386622065,2.0,0.00015936001019904,245652.18458988817,245653,baseline_left_edge,factory_left_edge,/home/abe/Project/Evaluation_grouped_surface_code/configs/topologies/tutorial_factory_left_edge.yaml,b7a81d54181fdc7985f026501290417a9bf8356773b7113466245d452b253b89,,,disabled,Dim2,15,10000,fixed,100,10,1,ftqc_compile_topology_qec,/home/abe/Project/Evaluation_grouped_surface_code/build/quration/qret,d519cdb25446cf243053e84ffa559b7e6bd7dbd66365e1488d632208616dbbf5,432cae6d39b7cf42,False,5149150,,5149598,,448,,96,,116049338,,55488,,17,,,missing_in_compile_info,40.0330180763267,,,not_collected,279563922732,263298746296,1264904144950,,1265014197494,,110052544,,28507868027714,,,
success,efficient_controlled_pf_one_step,linear_extrapolation_from_efficient_controlled_pf_one_step,H9,19,18,1,2nd,0.137941130287815,0.137941130287815,0.137941130287815,0,1,0553207e3779dab14d38abb3d8ec50f56bc6c17f7edf5a9c25eb4f99f0379d30,7c97115b1904b9e8e77e056b1ac20cc4c4fb40a807177f4021eafa4a66c718b5,1e-05,374783,2442,116019,1138044,1071832,0.025125403386622065,2.0,0.00015936001019904,245652.18458988817,245653,baseline_center_block,factory_center_block,/home/abe/Project/Evaluation_grouped_surface_code/configs/topologies/tutorial_factory_center_block.yaml,56d65fdff20bf18821c6b07e16fc8c1dcf7cb687b5868a60cc4cf1d178478bcc,,,disabled,Dim2,15,10000,fixed,100,10,1,ftqc_compile_topology_qec,/home/abe/Project/Evaluation_grouped_surface_code/build/quration/qret,d519cdb25446cf243053e84ffa559b7e6bd7dbd66365e1488d632208616dbbf5,b3595669ed60406b,False,5149150,,5149466,,316,,96,,110818767,,55488,,17,,,missing_in_compile_info,39.37024842901155,,,not_collected,279563922732,263298746296,1264904144950,,1264981771298,,77626348,,27222962569851,,,
success,efficient_controlled_pf_one_step,linear_extrapolation_from_efficient_controlled_pf_one_step,H9,19,18,1,2nd,0.137941130287815,0.137941130287815,0.137941130287815,0,1,0553207e3779dab14d38abb3d8ec50f56bc6c17f7edf5a9c25eb4f99f0379d30,7c97115b1904b9e8e77e056b1ac20cc4c4fb40a807177f4021eafa4a66c718b5,1e-05,374783,2442,116019,1138044,1071832,0.025125403386622065,2.0,0.00015936001019904,245652.18458988817,245653,baseline_right_edge,factory_right_edge,/home/abe/Project/Evaluation_grouped_surface_code/configs/topologies/tutorial_factory_right_edge.yaml,14512f0d1ea4e28c09596b988d3fd8ee1bd076b52452878141b2992772720514,,,disabled,Dim2,15,10000,fixed,100,10,1,ftqc_compile_topology_qec,/home/abe/Project/Evaluation_grouped_surface_code/build/quration/qret,d519cdb25446cf243053e84ffa559b7e6bd7dbd66365e1488d632208616dbbf5,a786ecfd6f8bec94,False,5149150,,5149469,,319,,96,,112951692,,55488,,17,,,missing_in_compile_info,39.705671563278884,,,not_collected,279563922732,263298746296,1264904144950,,1264982508257,,78363307,,27746921994876,,,
success,efficient_controlled_pf_one_step,linear_extrapolation_from_efficient_controlled_pf_one_step,H9,19,18,1,2nd,0.137941130287815,0.137941130287815,0.137941130287815,0,1,0553207e3779dab14d38abb3d8ec50f56bc6c17f7edf5a9c25eb4f99f0379d30,7c97115b1904b9e8e77e056b1ac20cc4c4fb40a807177f4021eafa4a66c718b5,1e-05,374783,2442,116019,1138044,1071832,0.025125403386622065,2.0,0.00015936001019904,245652.18458988817,245653,fast_supply_left_edge,factory_left_edge,/home/abe/Project/Evaluation_grouped_surface_code/configs/topologies/tutorial_factory_left_edge.yaml,b7a81d54181fdc7985f026501290417a9bf8356773b7113466245d452b253b89,,,disabled,Dim2,8,10000,fixed,100,10,1,ftqc_compile_topology_qec,/home/abe/Project/Evaluation_grouped_surface_code/build/quration/qret,d519cdb25446cf243053e84ffa559b7e6bd7dbd66365e1488d632208616dbbf5,9316efc8b2222219,False,5147397,,5147897,,500,,96,,115340666,,55488,,17,,,missing_in_compile_info,40.26990080578253,,,not_collected,279563922732,263298746296,1264473515241,,1264596341741,,122826500,,28333780624898,,,
success,efficient_controlled_pf_one_step,linear_extrapolation_from_efficient_controlled_pf_one_step,H9,19,18,1,2nd,0.137941130287815,0.137941130287815,0.137941130287815,0,1,0553207e3779dab14d38abb3d8ec50f56bc6c17f7edf5a9c25eb4f99f0379d30,7c97115b1904b9e8e77e056b1ac20cc4c4fb40a807177f4021eafa4a66c718b5,1e-05,374783,2442,116019,1138044,1071832,0.025125403386622065,2.0,0.00015936001019904,245652.18458988817,245653,fast_supply_center_block,factory_center_block,/home/abe/Project/Evaluation_grouped_surface_code/configs/topologies/tutorial_factory_center_block.yaml,56d65fdff20bf18821c6b07e16fc8c1dcf7cb687b5868a60cc4cf1d178478bcc,,,disabled,Dim2,8,10000,fixed,100,10,1,ftqc_compile_topology_qec,/home/abe/Project/Evaluation_grouped_surface_code/build/quration/qret,d519cdb25446cf243053e84ffa559b7e6bd7dbd66365e1488d632208616dbbf5,27003425add5a8f2,False,5147397,,5147843,,446,,96,,110461466,,55488,,17,,,missing_in_compile_info,39.36152307316661,,,not_collected,279563922732,263298746296,1264473515241,,1264583076479,,109561238,,27135190507298,,,
success,efficient_controlled_pf_one_step,linear_extrapolation_from_efficient_controlled_pf_one_step,H9,19,18,1,2nd,0.137941130287815,0.137941130287815,0.137941130287815,0,1,0553207e3779dab14d38abb3d8ec50f56bc6c17f7edf5a9c25eb4f99f0379d30,7c97115b1904b9e8e77e056b1ac20cc4c4fb40a807177f4021eafa4a66c718b5,1e-05,374783,2442,116019,1138044,1071832,0.025125403386622065,2.0,0.00015936001019904,245652.18458988817,245653,fast_supply_right_edge,factory_right_edge,/home/abe/Project/Evaluation_grouped_surface_code/configs/topologies/tutorial_factory_right_edge.yaml,14512f0d1ea4e28c09596b988d3fd8ee1bd076b52452878141b2992772720514,,,disabled,Dim2,8,10000,fixed,100,10,1,ftqc_compile_topology_qec,/home/abe/Project/Evaluation_grouped_surface_code/build/quration/qret,d519cdb25446cf243053e84ffa559b7e6bd7dbd66365e1488d632208616dbbf5,b58e9a1407bcfb8a,False,5147397,,5147822,,425,,96,,111958198,,55488,,17,,,missing_in_compile_info,39.31680982885882,,,not_collected,279563922732,263298746296,1264473515241,,1264577917766,,104402525,,27502867213294,,,
success,efficient_controlled_pf_one_step,linear_extrapolation_from_efficient_controlled_pf_one_step,H9,19,18,1,4th(new_2),1.6291407813562553,1.6291407813562553,1.6291407813562553,0,1,4f1f0eafe22fb58290d18bbb3f0b026e8100ce2524ea153aa8396abedbe50f7b,5f9e5390360d60bd30f8b3ddcae8d0118e92f767dd1589ee8b6c8c6d34cc3cf0,1e-05,1872535,12118,578843,5654008,5328946,0.00011311361758539783,4.0,0.00015936001019904,12919.279591596522,12920,baseline_left_edge,factory_left_edge,/home/abe/Project/Evaluation_grouped_surface_code/configs/topologies/tutorial_factory_left_edge.yaml,b7a81d54181fdc7985f026501290417a9bf8356773b7113466245d452b253b89,,,disabled,Dim2,15,10000,fixed,100,10,1,ftqc_compile_topology_qec,/home/abe/Project/Evaluation_grouped_surface_code/build/quration/qret,d519cdb25446cf243053e84ffa559b7e6bd7dbd66365e1488d632208616dbbf5,e2e8cc3507e1cfe1,False,25648773,,25650469,,1696,,96,,578338590,,55488,,17,,,missing_in_compile_info,210.32360801892355,,,not_collected,73049783360,68849982320,331382147160,,331404059480,,21912320,,7472134582800,,,
success,efficient_controlled_pf_one_step,linear_extrapolation_from_efficient_controlled_pf_one_step,H9,19,18,1,4th(new_2),1.6291407813562553,1.6291407813562553,1.6291407813562553,0,1,4f1f0eafe22fb58290d18bbb3f0b026e8100ce2524ea153aa8396abedbe50f7b,5f9e5390360d60bd30f8b3ddcae8d0118e92f767dd1589ee8b6c8c6d34cc3cf0,1e-05,1872535,12118,578843,5654008,5328946,0.00011311361758539783,4.0,0.00015936001019904,12919.279591596522,12920,baseline_center_block,factory_center_block,/home/abe/Project/Evaluation_grouped_surface_code/configs/topologies/tutorial_factory_center_block.yaml,56d65fdff20bf18821c6b07e16fc8c1dcf7cb687b5868a60cc4cf1d178478bcc,,,disabled,Dim2,15,10000,fixed,100,10,1,ftqc_compile_topology_qec,/home/abe/Project/Evaluation_grouped_surface_code/build/quration/qret,d519cdb25446cf243053e84ffa559b7e6bd7dbd66365e1488d632208616dbbf5,47f8dc68cb994b6b,False,25648773,,25649757,,984,,96,,552018770,,55488,,17,,,missing_in_compile_info,208.2840471882373,,,not_collected,73049783360,68849982320,331382147160,,331394860440,,12713280,,7132082508400,,,
success,efficient_controlled_pf_one_step,linear_extrapolation_from_efficient_controlled_pf_one_step,H9,19,18,1,4th(new_2),1.6291407813562553,1.6291407813562553,1.6291407813562553,0,1,4f1f0eafe22fb58290d18bbb3f0b026e8100ce2524ea153aa8396abedbe50f7b,5f9e5390360d60bd30f8b3ddcae8d0118e92f767dd1589ee8b6c8c6d34cc3cf0,1e-05,1872535,12118,578843,5654008,5328946,0.00011311361758539783,4.0,0.00015936001019904,12919.279591596522,12920,baseline_right_edge,factory_right_edge,/home/abe/Project/Evaluation_grouped_surface_code/configs/topologies/tutorial_factory_right_edge.yaml,14512f0d1ea4e28c09596b988d3fd8ee1bd076b52452878141b2992772720514,,,disabled,Dim2,15,10000,fixed,100,10,1,ftqc_compile_topology_qec,/home/abe/Project/Evaluation_grouped_surface_code/build/quration/qret,d519cdb25446cf243053e84ffa559b7e6bd7dbd66365e1488d632208616dbbf5,c9ab53113886432e,False,25648773,,25650154,,1381,,96,,562797243,,55488,,17,,,missing_in_compile_info,205.52422520471737,,,not_collected,73049783360,68849982320,331382147160,,331399989680,,17842520,,7271340379560,,,
success,efficient_controlled_pf_one_step,linear_extrapolation_from_efficient_controlled_pf_one_step,H9,19,18,1,4th(new_2),1.6291407813562553,1.6291407813562553,1.6291407813562553,0,1,4f1f0eafe22fb58290d18bbb3f0b026e8100ce2524ea153aa8396abedbe50f7b,5f9e5390360d60bd30f8b3ddcae8d0118e92f767dd1589ee8b6c8c6d34cc3cf0,1e-05,1872535,12118,578843,5654008,5328946,0.00011311361758539783,4.0,0.00015936001019904,12919.279591596522,12920,fast_supply_left_edge,factory_left_edge,/home/abe/Project/Evaluation_grouped_surface_code/configs/topologies/tutorial_factory_left_edge.yaml,b7a81d54181fdc7985f026501290417a9bf8356773b7113466245d452b253b89,,,disabled,Dim2,8,10000,fixed,100,10,1,ftqc_compile_topology_qec,/home/abe/Project/Evaluation_grouped_surface_code/build/quration/qret,d519cdb25446cf243053e84ffa559b7e6bd7dbd66365e1488d632208616dbbf5,ef7807b6ae0147ca,False,25647035,,25648578,,1543,,96,,574860273,,55488,,17,,,missing_in_compile_info,208.82308520795777,,,not_collected,73049783360,68849982320,331359692200,,331379627760,,19935560,,7427194727160,,,
success,efficient_controlled_pf_one_step,linear_extrapolation_from_efficient_controlled_pf_one_step,H9,19,18,1,4th(new_2),1.6291407813562553,1.6291407813562553,1.6291407813562553,0,1,4f1f0eafe22fb58290d18bbb3f0b026e8100ce2524ea153aa8396abedbe50f7b,5f9e5390360d60bd30f8b3ddcae8d0118e92f767dd1589ee8b6c8c6d34cc3cf0,1e-05,1872535,12118,578843,5654008,5328946,0.00011311361758539783,4.0,0.00015936001019904,12919.279591596522,12920,fast_supply_center_block,factory_center_block,/home/abe/Project/Evaluation_grouped_surface_code/configs/topologies/tutorial_factory_center_block.yaml,56d65fdff20bf18821c6b07e16fc8c1dcf7cb687b5868a60cc4cf1d178478bcc,,,disabled,Dim2,8,10000,fixed,100,10,1,ftqc_compile_topology_qec,/home/abe/Project/Evaluation_grouped_surface_code/build/quration/qret,d519cdb25446cf243053e84ffa559b7e6bd7dbd66365e1488d632208616dbbf5,e766543bd1c15cce,False,25647035,,25648125,,1090,,96,,550330152,,55488,,17,,,missing_in_compile_info,207.37930266791955,,,not_collected,73049783360,68849982320,331359692200,,331373775000,,14082800,,7110265563840,,,
success,efficient_controlled_pf_one_step,linear_extrapolation_from_efficient_controlled_pf_one_step,H9,19,18,1,4th(new_2),1.6291407813562553,1.6291407813562553,1.6291407813562553,0,1,4f1f0eafe22fb58290d18bbb3f0b026e8100ce2524ea153aa8396abedbe50f7b,5f9e5390360d60bd30f8b3ddcae8d0118e92f767dd1589ee8b6c8c6d34cc3cf0,1e-05,1872535,12118,578843,5654008,5328946,0.00011311361758539783,4.0,0.00015936001019904,12919.279591596522,12920,fast_supply_right_edge,factory_right_edge,/home/abe/Project/Evaluation_grouped_surface_code/configs/topologies/tutorial_factory_right_edge.yaml,14512f0d1ea4e28c09596b988d3fd8ee1bd076b52452878141b2992772720514,,,disabled,Dim2,8,10000,fixed,100,10,1,ftqc_compile_topology_qec,/home/abe/Project/Evaluation_grouped_surface_code/build/quration/qret,d519cdb25446cf243053e84ffa559b7e6bd7dbd66365e1488d632208616dbbf5,780abbd2a947a020,False,25647035,,25648421,,1386,,96,,557918928,,55488,,17,,,missing_in_compile_info,204.2979377657175,,,not_collected,73049783360,68849982320,331359692200,,331377599320,,17907120,,7208312549760,,,
success,efficient_controlled_pf_one_step,linear_extrapolation_from_efficient_controlled_pf_one_step,H10,21,20,1,2nd,0.10761743577801429,0.10761743577801429,0.10761743577801429,0,1,eae1ee0bf399f1b89b9085a88b666977385f7bdb2b91d6fd445e8f31b642c2db,c3f5c37bb5a05b7bdd152a667ad322be5ee5a75d38c09665e9b53274adb02de7,1e-05,587419,3172,179166,1685146,1588436,0.041279585138894,2.0,0.00015936001019904,314870.35307082447,314871,baseline_left_edge,factory_left_edge,/home/abe/Project/Evaluation_grouped_surface_code/configs/topologies/tutorial_factory_left_edge.yaml,b7a81d54181fdc7985f026501290417a9bf8356773b7113466245d452b253b89,,,disabled,Dim2,15,10000,fixed,100,10,1,ftqc_compile_topology_qec,/home/abe/Project/Evaluation_grouped_surface_code/build/quration/qret,d519cdb25446cf243053e84ffa559b7e6bd7dbd66365e1488d632208616dbbf5,7ce7d8257d1ef6ab,False,7692122,,7692605,,483,,96,,188471913,,55488,,17,,,missing_in_compile_info,61.810283856932074,,,not_collected,530603606166,500152431756,2422026146262,,2422178228955,,152082693,,59344339718223,,,
success,efficient_controlled_pf_one_step,linear_extrapolation_from_efficient_controlled_pf_one_step,H10,21,20,1,2nd,0.10761743577801429,0.10761743577801429,0.10761743577801429,0,1,eae1ee0bf399f1b89b9085a88b666977385f7bdb2b91d6fd445e8f31b642c2db,c3f5c37bb5a05b7bdd152a667ad322be5ee5a75d38c09665e9b53274adb02de7,1e-05,587419,3172,179166,1685146,1588436,0.041279585138894,2.0,0.00015936001019904,314870.35307082447,314871,baseline_center_block,factory_center_block,/home/abe/Project/Evaluation_grouped_surface_code/configs/topologies/tutorial_factory_center_block.yaml,56d65fdff20bf18821c6b07e16fc8c1dcf7cb687b5868a60cc4cf1d178478bcc,,,disabled,Dim2,15,10000,fixed,100,10,1,ftqc_compile_topology_qec,/home/abe/Project/Evaluation_grouped_surface_code/build/quration/qret,d519cdb25446cf243053e84ffa559b7e6bd7dbd66365e1488d632208616dbbf5,b54647834202ea99,False,7692122,,7692553,,431,,96,,181131557,,55488,,17,,,missing_in_compile_info,60.51210297225043,,,not_collected,530603606166,500152431756,2422026146262,,2422161855663,,135709401,,57033074484147,,,
success,efficient_controlled_pf_one_step,linear_extrapolation_from_efficient_controlled_pf_one_step,H10,21,20,1,2nd,0.10761743577801429,0.10761743577801429,0.10761743577801429,0,1,eae1ee0bf399f1b89b9085a88b666977385f7bdb2b91d6fd445e8f31b642c2db,c3f5c37bb5a05b7bdd152a667ad322be5ee5a75d38c09665e9b53274adb02de7,1e-05,587419,3172,179166,1685146,1588436,0.041279585138894,2.0,0.00015936001019904,314870.35307082447,314871,baseline_right_edge,factory_right_edge,/home/abe/Project/Evaluation_grouped_surface_code/configs/topologies/tutorial_factory_right_edge.yaml,14512f0d1ea4e28c09596b988d3fd8ee1bd076b52452878141b2992772720514,,,disabled,Dim2,15,10000,fixed,100,10,1,ftqc_compile_topology_qec,/home/abe/Project/Evaluation_grouped_surface_code/build/quration/qret,d519cdb25446cf243053e84ffa559b7e6bd7dbd66365e1488d632208616dbbf5,632a53992f30763c,False,7692122,,7692568,,446,,96,,184578595,,55488,,17,,,missing_in_compile_info,60.46620512707159,,,not_collected,530603606166,500152431756,2422026146262,,2422166578728,,140432466,,58118446786245,,,
success,efficient_controlled_pf_one_step,linear_extrapolation_from_efficient_controlled_pf_one_step,H10,21,20,1,2nd,0.10761743577801429,0.10761743577801429,0.10761743577801429,0,1,eae1ee0bf399f1b89b9085a88b666977385f7bdb2b91d6fd445e8f31b642c2db,c3f5c37bb5a05b7bdd152a667ad322be5ee5a75d38c09665e9b53274adb02de7,1e-05,587419,3172,179166,1685146,1588436,0.041279585138894,2.0,0.00015936001019904,314870.35307082447,314871,fast_supply_left_edge,factory_left_edge,/home/abe/Project/Evaluation_grouped_surface_code/configs/topologies/tutorial_factory_left_edge.yaml,b7a81d54181fdc7985f026501290417a9bf8356773b7113466245d452b253b89,,,disabled,Dim2,8,10000,fixed,100,10,1,ftqc_compile_topology_qec,/home/abe/Project/Evaluation_grouped_surface_code/build/quration/qret,d519cdb25446cf243053e84ffa559b7e6bd7dbd66365e1488d632208616dbbf5,a7e2f89b9938f60b,False,7690136,,7690682,,546,,96,,187480577,,55488,,17,,,missing_in_compile_info,61.18287664698437,,,not_collected,530603606166,500152431756,2421400812456,,2421572732022,,171919566,,59032196760567,,,
success,efficient_controlled_pf_one_step,linear_extrapolation_from_efficient_controlled_pf_one_step,H10,21,20,1,2nd,0.10761743577801429,0.10761743577801429,0.10761743577801429,0,1,eae1ee0bf399f1b89b9085a88b666977385f7bdb2b91d6fd445e8f31b642c2db,c3f5c37bb5a05b7bdd152a667ad322be5ee5a75d38c09665e9b53274adb02de7,1e-05,587419,3172,179166,1685146,1588436,0.041279585138894,2.0,0.00015936001019904,314870.35307082447,314871,fast_supply_center_block,factory_center_block,/home/abe/Project/Evaluation_grouped_surface_code/configs/topologies/tutorial_factory_center_block.yaml,56d65fdff20bf18821c6b07e16fc8c1dcf7cb687b5868a60cc4cf1d178478bcc,,,disabled,Dim2,8,10000,fixed,100,10,1,ftqc_compile_topology_qec,/home/abe/Project/Evaluation_grouped_surface_code/build/quration/qret,d519cdb25446cf243053e84ffa559b7e6bd7dbd66365e1488d632208616dbbf5,9149158c934c81da,False,7690136,,7690649,,513,,96,,180643193,,55488,,17,,,missing_in_compile_info,60.2603301871568,,,not_collected,530603606166,500152431756,2421400812456,,2421562341279,,161528823,,56879302823103,,,
success,efficient_controlled_pf_one_step,linear_extrapolation_from_efficient_controlled_pf_one_step,H10,21,20,1,2nd,0.10761743577801429,0.10761743577801429,0.10761743577801429,0,1,eae1ee0bf399f1b89b9085a88b666977385f7bdb2b91d6fd445e8f31b642c2db,c3f5c37bb5a05b7bdd152a667ad322be5ee5a75d38c09665e9b53274adb02de7,1e-05,587419,3172,179166,1685146,1588436,0.041279585138894,2.0,0.00015936001019904,314870.35307082447,314871,fast_supply_right_edge,factory_right_edge,/home/abe/Project/Evaluation_grouped_surface_code/configs/topologies/tutorial_factory_right_edge.yaml,14512f0d1ea4e28c09596b988d3fd8ee1bd076b52452878141b2992772720514,,,disabled,Dim2,8,10000,fixed,100,10,1,ftqc_compile_topology_qec,/home/abe/Project/Evaluation_grouped_surface_code/build/quration/qret,d519cdb25446cf243053e84ffa559b7e6bd7dbd66365e1488d632208616dbbf5,2a91590e1a3cec3d,False,7690136,,7690624,,488,,96,,183104119,,55488,,17,,,missing_in_compile_info,60.258324251975864,,,not_collected,530603606166,500152431756,2421400812456,,2421554469504,,153657048,,57654177053649,,,
success,efficient_controlled_pf_one_step,linear_extrapolation_from_efficient_controlled_pf_one_step,H10,21,20,1,4th(new_2),1.5206216228947442,1.5206216228947442,1.5206216228947442,0,1,6569184321f1e2d6b280cf45fe4670c379f1c5da0928d53cc34e22ec8911b796,a460119c5002bbe170abcc93dac9bf4bfd904b377d2ea591b87d655b609c3d02,1e-05,2935403,15756,894282,8812086,8292296,0.00014902691325752607,4.0,0.00015936001019904,13841.263948586078,13842,baseline_left_edge,factory_left_edge,/home/abe/Project/Evaluation_grouped_surface_code/configs/topologies/tutorial_factory_left_edge.yaml,b7a81d54181fdc7985f026501290417a9bf8356773b7113466245d452b253b89,,,disabled,Dim2,15,10000,fixed,100,10,1,ftqc_compile_topology_qec,/home/abe/Project/Evaluation_grouped_surface_code/build/quration/qret,d519cdb25446cf243053e84ffa559b7e6bd7dbd66365e1488d632208616dbbf5,3e5edbfcb09c9997,False,39983076,,39985054,,1978,,96,,980360754,,55488,,17,,,missing_in_compile_info,335.7421680619009,,,not_collected,121976894412,114781961232,553445737992,,553473117468,,27379476,,13570153556868,,,
success,efficient_controlled_pf_one_step,linear_extrapolation_from_efficient_controlled_pf_one_step,H10,21,20,1,4th(new_2),1.5206216228947442,1.5206216228947442,1.5206216228947442,0,1,6569184321f1e2d6b280cf45fe4670c379f1c5da0928d53cc34e22ec8911b796,a460119c5002bbe170abcc93dac9bf4bfd904b377d2ea591b87d655b609c3d02,1e-05,2935403,15756,894282,8812086,8292296,0.00014902691325752607,4.0,0.00015936001019904,13841.263948586078,13842,baseline_center_block,factory_center_block,/home/abe/Project/Evaluation_grouped_surface_code/configs/topologies/tutorial_factory_center_block.yaml,56d65fdff20bf18821c6b07e16fc8c1dcf7cb687b5868a60cc4cf1d178478bcc,,,disabled,Dim2,15,10000,fixed,100,10,1,ftqc_compile_topology_qec,/home/abe/Project/Evaluation_grouped_surface_code/build/quration/qret,d519cdb25446cf243053e84ffa559b7e6bd7dbd66365e1488d632208616dbbf5,a1e9ca136dd231f4,False,39983076,,39984728,,1652,,96,,940529879,,55488,,17,,,missing_in_compile_info,328.5185796841979,,,not_collected,121976894412,114781961232,553445737992,,553468604976,,22866984,,13018814585118,,,
success,efficient_controlled_pf_one_step,linear_extrapolation_from_efficient_controlled_pf_one_step,H10,21,20,1,4th(new_2),1.5206216228947442,1.5206216228947442,1.5206216228947442,0,1,6569184321f1e2d6b280cf45fe4670c379f1c5da0928d53cc34e22ec8911b796,a460119c5002bbe170abcc93dac9bf4bfd904b377d2ea591b87d655b609c3d02,1e-05,2935403,15756,894282,8812086,8292296,0.00014902691325752607,4.0,0.00015936001019904,13841.263948586078,13842,baseline_right_edge,factory_right_edge,/home/abe/Project/Evaluation_grouped_surface_code/configs/topologies/tutorial_factory_right_edge.yaml,14512f0d1ea4e28c09596b988d3fd8ee1bd076b52452878141b2992772720514,,,disabled,Dim2,15,10000,fixed,100,10,1,ftqc_compile_topology_qec,/home/abe/Project/Evaluation_grouped_surface_code/build/quration/qret,d519cdb25446cf243053e84ffa559b7e6bd7dbd66365e1488d632208616dbbf5,d1630c3e20fd1f9a,False,39983076,,39984646,,1570,,96,,959172147,,55488,,17,,,missing_in_compile_info,327.3106603967026,,,not_collected,121976894412,114781961232,553445737992,,553467469932,,21731940,,13276860858774,,,
success,efficient_controlled_pf_one_step,linear_extrapolation_from_efficient_controlled_pf_one_step,H10,21,20,1,4th(new_2),1.5206216228947442,1.5206216228947442,1.5206216228947442,0,1,6569184321f1e2d6b280cf45fe4670c379f1c5da0928d53cc34e22ec8911b796,a460119c5002bbe170abcc93dac9bf4bfd904b377d2ea591b87d655b609c3d02,1e-05,2935403,15756,894282,8812086,8292296,0.00014902691325752607,4.0,0.00015936001019904,13841.263948586078,13842,fast_supply_left_edge,factory_left_edge,/home/abe/Project/Evaluation_grouped_surface_code/configs/topologies/tutorial_factory_left_edge.yaml,b7a81d54181fdc7985f026501290417a9bf8356773b7113466245d452b253b89,,,disabled,Dim2,8,10000,fixed,100,10,1,ftqc_compile_topology_qec,/home/abe/Project/Evaluation_grouped_surface_code/build/quration/qret,d519cdb25446cf243053e84ffa559b7e6bd7dbd66365e1488d632208616dbbf5,0bab96da3005fad0,False,39981087,,39983091,,2004,,96,,974969352,,55488,,17,,,missing_in_compile_info,328.7219396112487,,,not_collected,121976894412,114781961232,553418206254,,553445945622,,27739368,,13495525770384,,,
success,efficient_controlled_pf_one_step,linear_extrapolation_from_efficient_controlled_pf_one_step,H10,21,20,1,4th(new_2),1.5206216228947442,1.5206216228947442,1.5206216228947442,0,1,6569184321f1e2d6b280cf45fe4670c379f1c5da0928d53cc34e22ec8911b796,a460119c5002bbe170abcc93dac9bf4bfd904b377d2ea591b87d655b609c3d02,1e-05,2935403,15756,894282,8812086,8292296,0.00014902691325752607,4.0,0.00015936001019904,13841.263948586078,13842,fast_supply_center_block,factory_center_block,/home/abe/Project/Evaluation_grouped_surface_code/configs/topologies/tutorial_factory_center_block.yaml,56d65fdff20bf18821c6b07e16fc8c1dcf7cb687b5868a60cc4cf1d178478bcc,,,disabled,Dim2,8,10000,fixed,100,10,1,ftqc_compile_topology_qec,/home/abe/Project/Evaluation_grouped_surface_code/build/quration/qret,d519cdb25446cf243053e84ffa559b7e6bd7dbd66365e1488d632208616dbbf5,b3768e7557fb115f,False,39981087,,39982793,,1706,,96,,938033079,,55488,,17,,,missing_in_compile_info,328.7097101812251,,,not_collected,121976894412,114781961232,553418206254,,553441820706,,23614452,,12984253879518,,,
success,efficient_controlled_pf_one_step,linear_extrapolation_from_efficient_controlled_pf_one_step,H10,21,20,1,4th(new_2),1.5206216228947442,1.5206216228947442,1.5206216228947442,0,1,6569184321f1e2d6b280cf45fe4670c379f1c5da0928d53cc34e22ec8911b796,a460119c5002bbe170abcc93dac9bf4bfd904b377d2ea591b87d655b609c3d02,1e-05,2935403,15756,894282,8812086,8292296,0.00014902691325752607,4.0,0.00015936001019904,13841.263948586078,13842,fast_supply_right_edge,factory_right_edge,/home/abe/Project/Evaluation_grouped_surface_code/configs/topologies/tutorial_factory_right_edge.yaml,14512f0d1ea4e28c09596b988d3fd8ee1bd076b52452878141b2992772720514,,,disabled,Dim2,8,10000,fixed,100,10,1,ftqc_compile_topology_qec,/home/abe/Project/Evaluation_grouped_surface_code/build/quration/qret,d519cdb25446cf243053e84ffa559b7e6bd7dbd66365e1488d632208616dbbf5,03b3e80742b08d2b,False,39981087,,39982607,,1520,,96,,951507891,,55488,,17,,,missing_in_compile_info,327.1040684450418,,,not_collected,121976894412,114781961232,553418206254,,553439246094,,21039840,,13170772227222,,,
success,efficient_controlled_pf_one_step,linear_extrapolation_from_efficient_controlled_pf_one_step,H11,23,22,1,2nd,0.11741864303789404,0.11741864303789404,0.11741864303789404,0,1,8f1f151ad9d4aaa9f5011c09845cac5a7e49b8eec60608a2e175d4085e15c678,0a3019ac56a28d312df35e49707a25ce6101bb3b9d92fb5d4c606fded4e402fc,1e-05,874855,4511,264887,2523234,2379956,0.0346758,2.0,0.00015936001019904,288587.3922854346,288588,baseline_left_edge,factory_left_edge,/home/abe/Project/Evaluation_grouped_surface_code/configs/topologies/tutorial_factory_left_edge.yaml,b7a81d54181fdc7985f026501290417a9bf8356773b7113466245d452b253b89,,,disabled,Dim2,15,10000,fixed,100,10,1,ftqc_compile_topology_qec,/home/abe/Project/Evaluation_grouped_surface_code/build/quration/qret,d519cdb25446cf243053e84ffa559b7e6bd7dbd66365e1488d632208616dbbf5,4bd8af0ffde69b0e,False,11566362,,11567422,,1060,,96,,305206246,,55488,,17,,,missing_in_compile_info,91.71912993211299,,,not_collected,728175053592,686826742128,3337913276856,,3338219180136,,305903280,,88078860120648,,,
success,efficient_controlled_pf_one_step,linear_extrapolation_from_efficient_controlled_pf_one_step,H11,23,22,1,2nd,0.11741864303789404,0.11741864303789404,0.11741864303789404,0,1,8f1f151ad9d4aaa9f5011c09845cac5a7e49b8eec60608a2e175d4085e15c678,0a3019ac56a28d312df35e49707a25ce6101bb3b9d92fb5d4c606fded4e402fc,1e-05,874855,4511,264887,2523234,2379956,0.0346758,2.0,0.00015936001019904,288587.3922854346,288588,baseline_center_block,factory_center_block,/home/abe/Project/Evaluation_grouped_surface_code/configs/topologies/tutorial_factory_center_block.yaml,56d65fdff20bf18821c6b07e16fc8c1dcf7cb687b5868a60cc4cf1d178478bcc,,,disabled,Dim2,15,10000,fixed,100,10,1,ftqc_compile_topology_qec,/home/abe/Project/Evaluation_grouped_surface_code/build/quration/qret,d519cdb25446cf243053e84ffa559b7e6bd7dbd66365e1488d632208616dbbf5,2152304888f09f6a,False,11566362,,11567465,,1103,,96,,295060145,,55488,,17,,,missing_in_compile_info,91.94136931560934,,,not_collected,728175053592,686826742128,3337913276856,,3338231589420,,318312564,,85150817125260,,,
success,efficient_controlled_pf_one_step,linear_extrapolation_from_efficient_controlled_pf_one_step,H11,23,22,1,2nd,0.11741864303789404,0.11741864303789404,0.11741864303789404,0,1,8f1f151ad9d4aaa9f5011c09845cac5a7e49b8eec60608a2e175d4085e15c678,0a3019ac56a28d312df35e49707a25ce6101bb3b9d92fb5d4c606fded4e402fc,1e-05,874855,4511,264887,2523234,2379956,0.0346758,2.0,0.00015936001019904,288587.3922854346,288588,baseline_right_edge,factory_right_edge,/home/abe/Project/Evaluation_grouped_surface_code/configs/topologies/tutorial_factory_right_edge.yaml,14512f0d1ea4e28c09596b988d3fd8ee1bd076b52452878141b2992772720514,,,disabled,Dim2,15,10000,fixed,100,10,1,ftqc_compile_topology_qec,/home/abe/Project/Evaluation_grouped_surface_code/build/quration/qret,d519cdb25446cf243053e84ffa559b7e6bd7dbd66365e1488d632208616dbbf5,3f982a93133051dd,False,11566362,,11567058,,696,,96,,300879867,,55488,,17,,,missing_in_compile_info,91.37840013764799,,,not_collected,728175053592,686826742128,3337913276856,,3338114134104,,200857248,,86830319057796,,,
success,efficient_controlled_pf_one_step,linear_extrapolation_from_efficient_controlled_pf_one_step,H11,23,22,1,2nd,0.11741864303789404,0.11741864303789404,0.11741864303789404,0,1,8f1f151ad9d4aaa9f5011c09845cac5a7e49b8eec60608a2e175d4085e15c678,0a3019ac56a28d312df35e49707a25ce6101bb3b9d92fb5d4c606fded4e402fc,1e-05,874855,4511,264887,2523234,2379956,0.0346758,2.0,0.00015936001019904,288587.3922854346,288588,fast_supply_left_edge,factory_left_edge,/home/abe/Project/Evaluation_grouped_surface_code/configs/topologies/tutorial_factory_left_edge.yaml,b7a81d54181fdc7985f026501290417a9bf8356773b7113466245d452b253b89,,,disabled,Dim2,8,10000,fixed,100,10,1,ftqc_compile_topology_qec,/home/abe/Project/Evaluation_grouped_surface_code/build/quration/qret,d519cdb25446cf243053e84ffa559b7e6bd7dbd66365e1488d632208616dbbf5,78ebdb2b95523939,False,11564134,,11565308,,1174,,96,,303861202,,55488,,17,,,missing_in_compile_info,91.24477642821148,,,not_collected,728175053592,686826742128,3337270302792,,3337609105104,,338802312,,87690696562776,,,
success,efficient_controlled_pf_one_step,linear_extrapolation_from_efficient_controlled_pf_one_step,H11,23,22,1,2nd,0.11741864303789404,0.11741864303789404,0.11741864303789404,0,1,8f1f151ad9d4aaa9f5011c09845cac5a7e49b8eec60608a2e175d4085e15c678,0a3019ac56a28d312df35e49707a25ce6101bb3b9d92fb5d4c606fded4e402fc,1e-05,874855,4511,264887,2523234,2379956,0.0346758,2.0,0.00015936001019904,288587.3922854346,288588,fast_supply_center_block,factory_center_block,/home/abe/Project/Evaluation_grouped_surface_code/configs/topologies/tutorial_factory_center_block.yaml,56d65fdff20bf18821c6b07e16fc8c1dcf7cb687b5868a60cc4cf1d178478bcc,,,disabled,Dim2,8,10000,fixed,100,10,1,ftqc_compile_topology_qec,/home/abe/Project/Evaluation_grouped_surface_code/build/quration/qret,d519cdb25446cf243053e84ffa559b7e6bd7dbd66365e1488d632208616dbbf5,9a9d4915c3023892,False,11564134,,11565406,,1272,,96,,294185423,,55488,,17,,,missing_in_compile_info,91.83212138293311,,,not_collected,728175053592,686826742128,3337270302792,,3337637386728,,367083936,,84898382852724,,,
success,efficient_controlled_pf_one_step,linear_extrapolation_from_efficient_controlled_pf_one_step,H11,23,22,1,2nd,0.11741864303789404,0.11741864303789404,0.11741864303789404,0,1,8f1f151ad9d4aaa9f5011c09845cac5a7e49b8eec60608a2e175d4085e15c678,0a3019ac56a28d312df35e49707a25ce6101bb3b9d92fb5d4c606fded4e402fc,1e-05,874855,4511,264887,2523234,2379956,0.0346758,2.0,0.00015936001019904,288587.3922854346,288588,fast_supply_right_edge,factory_right_edge,/home/abe/Project/Evaluation_grouped_surface_code/configs/topologies/tutorial_factory_right_edge.yaml,14512f0d1ea4e28c09596b988d3fd8ee1bd076b52452878141b2992772720514,,,disabled,Dim2,8,10000,fixed,100,10,1,ftqc_compile_topology_qec,/home/abe/Project/Evaluation_grouped_surface_code/build/quration/qret,d519cdb25446cf243053e84ffa559b7e6bd7dbd66365e1488d632208616dbbf5,92ad819e2d78fa8d,False,11564134,,11565000,,866,,96,,298767505,,55488,,17,,,missing_in_compile_info,90.47416018694639,,,not_collected,728175053592,686826742128,3337270302792,,3337520220000,,249917208,,86220716732940,,,
success,efficient_controlled_pf_one_step,linear_extrapolation_from_efficient_controlled_pf_one_step,H11,23,22,1,4th(new_2),1.5634075849961433,1.5634075849961433,1.5634075849961433,0,1,ddfe89d7c0293313d66b97024c3561da21509c88c164a065b05a32bcecd45d37,664807119b821f046ab8a78d2677c1adc208761e1b6255ca655daa1a05c12b95,1e-05,4372239,22447,1322559,12824280,12074566,0.00013337071967376422,4.0,0.00015936001019904,13462.468424998335,13463,baseline_left_edge,factory_left_edge,/home/abe/Project/Evaluation_grouped_surface_code/configs/topologies/tutorial_factory_left_edge.yaml,b7a81d54181fdc7985f026501290417a9bf8356773b7113466245d452b253b89,,,disabled,Dim2,15,10000,fixed,100,10,1,ftqc_compile_topology_qec,/home/abe/Project/Evaluation_grouped_surface_code/build/quration/qret,d519cdb25446cf243053e84ffa559b7e6bd7dbd66365e1488d632208616dbbf5,18ed5b997305abdc,False,58613515,,58619132,,5617,,96,,1547685406,,69312,,19,,,missing_in_compile_info,494.02306562522426,,,not_collected,172653281640,162559882058,789113752445,,789189374116,,75621671,,20836488620978,,,
success,efficient_controlled_pf_one_step,linear_extrapolation_from_efficient_controlled_pf_one_step,H11,23,22,1,4th(new_2),1.5634075849961433,1.5634075849961433,1.5634075849961433,0,1,ddfe89d7c0293313d66b97024c3561da21509c88c164a065b05a32bcecd45d37,664807119b821f046ab8a78d2677c1adc208761e1b6255ca655daa1a05c12b95,1e-05,4372239,22447,1322559,12824280,12074566,0.00013337071967376422,4.0,0.00015936001019904,13462.468424998335,13463,baseline_center_block,factory_center_block,/home/abe/Project/Evaluation_grouped_surface_code/configs/topologies/tutorial_factory_center_block.yaml,56d65fdff20bf18821c6b07e16fc8c1dcf7cb687b5868a60cc4cf1d178478bcc,,,disabled,Dim2,15,10000,fixed,100,10,1,ftqc_compile_topology_qec,/home/abe/Project/Evaluation_grouped_surface_code/build/quration/qret,d519cdb25446cf243053e84ffa559b7e6bd7dbd66365e1488d632208616dbbf5,6cb8ba6eb2eca094,False,58613515,,58618199,,4684,,96,,1495953893,,69312,,19,,,missing_in_compile_info,494.9667954510078,,,not_collected,172653281640,162559882058,789113752445,,789176813137,,63060692,,20140027261459,,,
success,efficient_controlled_pf_one_step,linear_extrapolation_from_efficient_controlled_pf_one_step,H11,23,22,1,4th(new_2),1.5634075849961433,1.5634075849961433,1.5634075849961433,0,1,ddfe89d7c0293313d66b97024c3561da21509c88c164a065b05a32bcecd45d37,664807119b821f046ab8a78d2677c1adc208761e1b6255ca655daa1a05c12b95,1e-05,4372239,22447,1322559,12824280,12074566,0.00013337071967376422,4.0,0.00015936001019904,13462.468424998335,13463,baseline_right_edge,factory_right_edge,/home/abe/Project/Evaluation_grouped_surface_code/configs/topologies/tutorial_factory_right_edge.yaml,14512f0d1ea4e28c09596b988d3fd8ee1bd076b52452878141b2992772720514,,,disabled,Dim2,15,10000,fixed,100,10,1,ftqc_compile_topology_qec,/home/abe/Project/Evaluation_grouped_surface_code/build/quration/qret,d519cdb25446cf243053e84ffa559b7e6bd7dbd66365e1488d632208616dbbf5,362b6e3941ce05c1,False,58613515,,58617023,,3508,,96,,1525295044,,69312,,19,,,missing_in_compile_info,492.61553074605763,,,not_collected,172653281640,162559882058,789113752445,,789160980649,,47228204,,20535047177372,,,
success,efficient_controlled_pf_one_step,linear_extrapolation_from_efficient_controlled_pf_one_step,H11,23,22,1,4th(new_2),1.5634075849961433,1.5634075849961433,1.5634075849961433,0,1,ddfe89d7c0293313d66b97024c3561da21509c88c164a065b05a32bcecd45d37,664807119b821f046ab8a78d2677c1adc208761e1b6255ca655daa1a05c12b95,1e-05,4372239,22447,1322559,12824280,12074566,0.00013337071967376422,4.0,0.00015936001019904,13462.468424998335,13463,fast_supply_left_edge,factory_left_edge,/home/abe/Project/Evaluation_grouped_surface_code/configs/topologies/tutorial_factory_left_edge.yaml,b7a81d54181fdc7985f026501290417a9bf8356773b7113466245d452b253b89,,,disabled,Dim2,8,10000,fixed,100,10,1,ftqc_compile_topology_qec,/home/abe/Project/Evaluation_grouped_surface_code/build/quration/qret,d519cdb25446cf243053e84ffa559b7e6bd7dbd66365e1488d632208616dbbf5,2d3134c66f1e71de,False,58611325,,58616725,,5400,,96,,1540675215,,69312,,19,,,missing_in_compile_info,494.28571789572015,,,not_collected,172653281640,162559882058,789084268475,,789156968675,,72700200,,20742110419545,,,
success,efficient_controlled_pf_one_step,linear_extrapolation_from_efficient_controlled_pf_one_step,H11,23,22,1,4th(new_2),1.5634075849961433,1.5634075849961433,1.5634075849961433,0,1,ddfe89d7c0293313d66b97024c3561da21509c88c164a065b05a32bcecd45d37,664807119b821f046ab8a78d2677c1adc208761e1b6255ca655daa1a05c12b95,1e-05,4372239,22447,1322559,12824280,12074566,0.00013337071967376422,4.0,0.00015936001019904,13462.468424998335,13463,fast_supply_center_block,factory_center_block,/home/abe/Project/Evaluation_grouped_surface_code/configs/topologies/tutorial_factory_center_block.yaml,56d65fdff20bf18821c6b07e16fc8c1dcf7cb687b5868a60cc4cf1d178478bcc,,,disabled,Dim2,8,10000,fixed,100,10,1,ftqc_compile_topology_qec,/home/abe/Project/Evaluation_grouped_surface_code/build/quration/qret,d519cdb25446cf243053e84ffa559b7e6bd7dbd66365e1488d632208616dbbf5,0d0ec06d80edc0ed,False,58611325,,58615993,,4668,,96,,1491601616,,69312,,19,,,missing_in_compile_info,494.01137502584606,,,not_collected,172653281640,162559882058,789084268475,,789147113759,,62845284,,20081432556208,,,
success,efficient_controlled_pf_one_step,linear_extrapolation_from_efficient_controlled_pf_one_step,H11,23,22,1,4th(new_2),1.5634075849961433,1.5634075849961433,1.5634075849961433,0,1,ddfe89d7c0293313d66b97024c3561da21509c88c164a065b05a32bcecd45d37,664807119b821f046ab8a78d2677c1adc208761e1b6255ca655daa1a05c12b95,1e-05,4372239,22447,1322559,12824280,12074566,0.00013337071967376422,4.0,0.00015936001019904,13462.468424998335,13463,fast_supply_right_edge,factory_right_edge,/home/abe/Project/Evaluation_grouped_surface_code/configs/topologies/tutorial_factory_right_edge.yaml,14512f0d1ea4e28c09596b988d3fd8ee1bd076b52452878141b2992772720514,,,disabled,Dim2,8,10000,fixed,100,10,1,ftqc_compile_topology_qec,/home/abe/Project/Evaluation_grouped_surface_code/build/quration/qret,d519cdb25446cf243053e84ffa559b7e6bd7dbd66365e1488d632208616dbbf5,3ed21d5501d0d297,False,58611325,,58614763,,3438,,96,,1514608926,,69312,,19,,,missing_in_compile_info,491.73963148519397,,,not_collected,172653281640,162559882058,789084268475,,789130554269,,46285794,,20391179970738,,,
